
/home/pdsilva/project/tcpbox68k/software/card_vga_pico2/build/vgaPico2.elf:     file format elf32-littlearm

Sections:
Idx Name          Size      VMA       LMA       File off  Algn
  0 .text         000052f4  10000000  10000000  00001000  2**3
                  CONTENTS, ALLOC, LOAD, READONLY, CODE
  1 .rodata       0000118c  100052f8  100052f8  000062f8  2**3
                  CONTENTS, ALLOC, LOAD, READONLY, DATA
  2 .ARM.exidx    00000008  10006484  10006484  00007484  2**2
                  CONTENTS, ALLOC, LOAD, READONLY, DATA
  3 .binary_info  00000020  1000648c  1000648c  0000748c  2**2
                  CONTENTS, ALLOC, LOAD, READONLY, DATA
  4 .ram_vector_table 00000110  20000000  20000000  00009000  2**2
                  ALLOC
  5 .uninitialized_data 00000000  20000110  20000110  00008f70  2**0
                  CONTENTS
  6 .data         00000ab0  20000110  100064ac  00008110  2**3
                  CONTENTS, ALLOC, LOAD, READONLY, CODE
  7 .tdata        00000000  20000bc0  20000bc0  00008f70  2**0
                  CONTENTS, ALLOC, LOAD, DATA, THREAD_LOCAL
  8 .tbss         00000000  20000bc0  20000bc0  00000000  2**0
                  ALLOC, THREAD_LOCAL
  9 .bss          0004b600  20000bc0  10006f5c  00009bc0  2**3
                  ALLOC
 10 .heap         00000800  2004c1c0  10006f5c  000091c0  2**2
                  ALLOC, READONLY
 11 .scratch_x    00000000  20080000  20080000  00008f70  2**0
                  CONTENTS
 12 .scratch_y    00000000  20081000  20081000  00008f70  2**0
                  CONTENTS
 13 .stack1_dummy 00000800  20080000  20080000  00009000  2**2
                  ALLOC
 14 .stack_dummy  00000800  20081000  20081000  00009000  2**5
                  ALLOC, READONLY
 15 .flash_end    00000014  10006f5c  10006f5c  00008f5c  2**2
                  CONTENTS, ALLOC, LOAD, READONLY, DATA
 16 .ARM.attributes 00000034  00000000  00000000  00008f70  2**0
                  CONTENTS, READONLY
 17 .comment      00000045  00000000  00000000  00008fa4  2**0
                  CONTENTS, READONLY
 18 .debug_info   0002ba1a  00000000  00000000  00008fe9  2**0
                  CONTENTS, READONLY, DEBUGGING, OCTETS
 19 .debug_abbrev 000074ea  00000000  00000000  00034a03  2**0
                  CONTENTS, READONLY, DEBUGGING, OCTETS
 20 .debug_loclists 000147b4  00000000  00000000  0003beed  2**0
                  CONTENTS, READONLY, DEBUGGING, OCTETS
 21 .debug_aranges 00000f40  00000000  00000000  000506a8  2**3
                  CONTENTS, READONLY, DEBUGGING, OCTETS
 22 .debug_rnglists 00003f2d  00000000  00000000  000515e8  2**0
                  CONTENTS, READONLY, DEBUGGING, OCTETS
 23 .debug_line   0001b485  00000000  00000000  00055515  2**0
                  CONTENTS, READONLY, DEBUGGING, OCTETS
 24 .debug_str    0000761a  00000000  00000000  0007099a  2**0
                  CONTENTS, READONLY, DEBUGGING, OCTETS
 25 .debug_frame  00002d1c  00000000  00000000  00077fb4  2**2
                  CONTENTS, READONLY, DEBUGGING, OCTETS
 26 .debug_line_str 00000286  00000000  00000000  0007acd0  2**0
                  CONTENTS, READONLY, DEBUGGING, OCTETS

/home/pdsilva/project/tcpbox68k/software/card_vga_pico2/build/vgaPico2.elf:     file format elf32-littlearm


Disassembly of section .text:

10000000 <__VECTOR_TABLE>:
10000000:	20082000 	.word	0x20082000
10000004:	1000015d 	.word	0x1000015d
10000008:	1000011b 	.word	0x1000011b
1000000c:	1000011d 	.word	0x1000011d
10000010:	10000111 	.word	0x10000111
10000014:	10000111 	.word	0x10000111
10000018:	10000111 	.word	0x10000111
1000001c:	10000111 	.word	0x10000111
10000020:	10000119 	.word	0x10000119
10000024:	10000119 	.word	0x10000119
10000028:	10000119 	.word	0x10000119
1000002c:	1000011f 	.word	0x1000011f
10000030:	10000111 	.word	0x10000111
10000034:	10000119 	.word	0x10000119
10000038:	10000121 	.word	0x10000121
1000003c:	10000123 	.word	0x10000123
10000040:	10000111 	.word	0x10000111
10000044:	10000111 	.word	0x10000111
10000048:	10000111 	.word	0x10000111
1000004c:	10000111 	.word	0x10000111
10000050:	10000111 	.word	0x10000111
10000054:	10000111 	.word	0x10000111
10000058:	10000111 	.word	0x10000111
1000005c:	10000111 	.word	0x10000111
10000060:	10000111 	.word	0x10000111
10000064:	10000111 	.word	0x10000111
10000068:	10000111 	.word	0x10000111
1000006c:	10000111 	.word	0x10000111
10000070:	10000111 	.word	0x10000111
10000074:	10000111 	.word	0x10000111
10000078:	10000111 	.word	0x10000111
1000007c:	10000111 	.word	0x10000111
10000080:	10000111 	.word	0x10000111
10000084:	10000111 	.word	0x10000111
10000088:	10000111 	.word	0x10000111
1000008c:	10000111 	.word	0x10000111
10000090:	10000111 	.word	0x10000111
10000094:	10000111 	.word	0x10000111
10000098:	10000111 	.word	0x10000111
1000009c:	10000111 	.word	0x10000111
100000a0:	10000111 	.word	0x10000111
100000a4:	10000111 	.word	0x10000111
100000a8:	10000111 	.word	0x10000111
100000ac:	10000111 	.word	0x10000111
100000b0:	10000111 	.word	0x10000111
100000b4:	10000111 	.word	0x10000111
100000b8:	10000111 	.word	0x10000111
100000bc:	10000111 	.word	0x10000111
100000c0:	10000111 	.word	0x10000111
100000c4:	10000111 	.word	0x10000111
100000c8:	10000111 	.word	0x10000111
100000cc:	10000111 	.word	0x10000111
100000d0:	10000111 	.word	0x10000111
100000d4:	10000111 	.word	0x10000111
100000d8:	10000111 	.word	0x10000111
100000dc:	10000111 	.word	0x10000111
100000e0:	10000111 	.word	0x10000111
100000e4:	10000111 	.word	0x10000111
100000e8:	10000111 	.word	0x10000111
100000ec:	10000111 	.word	0x10000111
100000f0:	10000111 	.word	0x10000111
100000f4:	10000111 	.word	0x10000111
100000f8:	10000111 	.word	0x10000111
100000fc:	10000111 	.word	0x10000111
10000100:	10000111 	.word	0x10000111
10000104:	10000111 	.word	0x10000111
10000108:	10000111 	.word	0x10000111
1000010c:	10000111 	.word	0x10000111

10000110 <__unhandled_user_irq>:
10000110:	f3ef 8005 	mrs	r0, IPSR
10000114:	3810      	subs	r0, #16

10000116 <unhandled_user_irq_num_in_r0>:
10000116:	be00      	bkpt	0x0000

10000118 <isr_invalid>:
10000118:	be00      	bkpt	0x0000

1000011a <isr_nmi>:
1000011a:	be00      	bkpt	0x0000

1000011c <isr_hardfault>:
1000011c:	be00      	bkpt	0x0000

1000011e <isr_svcall>:
1000011e:	be00      	bkpt	0x0000

10000120 <isr_pendsv>:
10000120:	be00      	bkpt	0x0000

10000122 <isr_systick>:
10000122:	be00      	bkpt	0x0000

10000124 <__default_isrs_end>:
10000124:	7188ebf2 	.word	0x7188ebf2
10000128:	1000648c 	.word	0x1000648c
1000012c:	100064ac 	.word	0x100064ac
10000130:	100001a0 	.word	0x100001a0
10000134:	e71aa390 	.word	0xe71aa390

10000138 <__binary_info_header_end>:
10000138:	ffffded3 	.word	0xffffded3
1000013c:	10210142 	.word	0x10210142
10000140:	000001ff 	.word	0x000001ff
10000144:	00006e24 	.word	0x00006e24
10000148:	ab123579 	.word	0xab123579

1000014c <_entry_point>:
1000014c:	f04f 0000 	mov.w	r0, #0

10000150 <_enter_vtable_in_r0>:
10000150:	491e      	ldr	r1, [pc, #120]	@ (100001cc <data_cpy_table+0x2c>)
10000152:	6008      	str	r0, [r1, #0]
10000154:	c806      	ldmia	r0!, {r1, r2}
10000156:	f381 8808 	msr	MSP, r1
1000015a:	4710      	bx	r2

1000015c <_reset_handler>:
1000015c:	f04f 4050 	mov.w	r0, #3489660928	@ 0xd0000000
10000160:	6800      	ldr	r0, [r0, #0]
10000162:	b110      	cbz	r0, 1000016a <hold_non_core0_in_bootrom+0x6>

10000164 <hold_non_core0_in_bootrom>:
10000164:	f04f 0000 	mov.w	r0, #0
10000168:	e7f2      	b.n	10000150 <_enter_vtable_in_r0>
1000016a:	a40d      	add	r4, pc, #52	@ (adr r4, 100001a0 <data_cpy_table>)
1000016c:	cc0e      	ldmia	r4!, {r1, r2, r3}
1000016e:	2900      	cmp	r1, #0
10000170:	d002      	beq.n	10000178 <hold_non_core0_in_bootrom+0x14>
10000172:	f000 f812 	bl	1000019a <data_cpy>
10000176:	e7f9      	b.n	1000016c <hold_non_core0_in_bootrom+0x8>
10000178:	4915      	ldr	r1, [pc, #84]	@ (100001d0 <data_cpy_table+0x30>)
1000017a:	4a16      	ldr	r2, [pc, #88]	@ (100001d4 <data_cpy_table+0x34>)
1000017c:	2000      	movs	r0, #0
1000017e:	e000      	b.n	10000182 <bss_fill_test>

10000180 <bss_fill_loop>:
10000180:	c101      	stmia	r1!, {r0}

10000182 <bss_fill_test>:
10000182:	4291      	cmp	r1, r2
10000184:	d1fc      	bne.n	10000180 <bss_fill_loop>

10000186 <platform_entry>:
10000186:	4914      	ldr	r1, [pc, #80]	@ (100001d8 <data_cpy_table+0x38>)
10000188:	4788      	blx	r1
1000018a:	4914      	ldr	r1, [pc, #80]	@ (100001dc <data_cpy_table+0x3c>)
1000018c:	4788      	blx	r1
1000018e:	4914      	ldr	r1, [pc, #80]	@ (100001e0 <data_cpy_table+0x40>)
10000190:	4788      	blx	r1
10000192:	be00      	bkpt	0x0000
10000194:	e7fd      	b.n	10000192 <platform_entry+0xc>

10000196 <data_cpy_loop>:
10000196:	c901      	ldmia	r1!, {r0}
10000198:	c201      	stmia	r2!, {r0}

1000019a <data_cpy>:
1000019a:	429a      	cmp	r2, r3
1000019c:	d3fb      	bcc.n	10000196 <data_cpy_loop>
1000019e:	4770      	bx	lr

100001a0 <data_cpy_table>:
100001a0:	100064ac 	.word	0x100064ac
100001a4:	20000110 	.word	0x20000110
100001a8:	20000bc0 	.word	0x20000bc0
100001ac:	10006f5c 	.word	0x10006f5c
100001b0:	20080000 	.word	0x20080000
100001b4:	20080000 	.word	0x20080000
100001b8:	10006f5c 	.word	0x10006f5c
100001bc:	20081000 	.word	0x20081000
100001c0:	20081000 	.word	0x20081000
100001c4:	00000000 	.word	0x00000000
100001c8:	4770      	bx	lr
100001ca:	0000      	.short	0x0000
100001cc:	e000ed08 	.word	0xe000ed08
100001d0:	20000bc0 	.word	0x20000bc0
100001d4:	2004c1c0 	.word	0x2004c1c0
100001d8:	100042e5 	.word	0x100042e5
100001dc:	10000661 	.word	0x10000661
100001e0:	100042dd 	.word	0x100042dd

100001e4 <_init>:
100001e4:	b5f8      	push	{r3, r4, r5, r6, r7, lr}
100001e6:	bf00      	nop

100001e8 <register_tm_clones>:
100001e8:	4b06      	ldr	r3, [pc, #24]	@ (10000204 <register_tm_clones+0x1c>)
100001ea:	4907      	ldr	r1, [pc, #28]	@ (10000208 <register_tm_clones+0x20>)
100001ec:	1ac9      	subs	r1, r1, r3
100001ee:	1089      	asrs	r1, r1, #2
100001f0:	bf48      	it	mi
100001f2:	3101      	addmi	r1, #1
100001f4:	1049      	asrs	r1, r1, #1
100001f6:	d003      	beq.n	10000200 <register_tm_clones+0x18>
100001f8:	4b04      	ldr	r3, [pc, #16]	@ (1000020c <register_tm_clones+0x24>)
100001fa:	b10b      	cbz	r3, 10000200 <register_tm_clones+0x18>
100001fc:	4801      	ldr	r0, [pc, #4]	@ (10000204 <register_tm_clones+0x1c>)
100001fe:	4718      	bx	r3
10000200:	4770      	bx	lr
10000202:	bf00      	nop
10000204:	20000bc0 	.word	0x20000bc0
10000208:	20000bc0 	.word	0x20000bc0
1000020c:	00000000 	.word	0x00000000

10000210 <frame_dummy>:
10000210:	b508      	push	{r3, lr}
10000212:	4b05      	ldr	r3, [pc, #20]	@ (10000228 <frame_dummy+0x18>)
10000214:	b11b      	cbz	r3, 1000021e <frame_dummy+0xe>
10000216:	4905      	ldr	r1, [pc, #20]	@ (1000022c <frame_dummy+0x1c>)
10000218:	4805      	ldr	r0, [pc, #20]	@ (10000230 <frame_dummy+0x20>)
1000021a:	f3af 8000 	nop.w
1000021e:	e8bd 4008 	ldmia.w	sp!, {r3, lr}
10000222:	f7ff bfe1 	b.w	100001e8 <register_tm_clones>
10000226:	bf00      	nop
10000228:	00000000 	.word	0x00000000
1000022c:	20001010 	.word	0x20001010
10000230:	100052f4 	.word	0x100052f4

10000234 <protothread_trocatela>:
10000234:	b5f8      	push	{r3, r4, r5, r6, r7, lr}
10000236:	6803      	ldr	r3, [r0, #0]
10000238:	4604      	mov	r4, r0
1000023a:	2b00      	cmp	r3, #0
1000023c:	d054      	beq.n	100002e8 <protothread_trocatela+0xb4>
1000023e:	f043 0301 	orr.w	r3, r3, #1
10000242:	4718      	bx	r3
10000244:	4b2d      	ldr	r3, [pc, #180]	@ (100002fc <protothread_trocatela+0xc8>)
10000246:	4d2e      	ldr	r5, [pc, #184]	@ (10000300 <protothread_trocatela+0xcc>)
10000248:	6003      	str	r3, [r0, #0]
1000024a:	f001 ff77 	bl	1000213c <time_us_64>
1000024e:	e9d5 2300 	ldrd	r2, r3, [r5]
10000252:	4290      	cmp	r0, r2
10000254:	4199      	sbcs	r1, r3
10000256:	d31c      	bcc.n	10000292 <protothread_trocatela+0x5e>
10000258:	f04f 4350 	mov.w	r3, #3489660928	@ 0xd0000000
1000025c:	681b      	ldr	r3, [r3, #0]
1000025e:	2b01      	cmp	r3, #1
10000260:	d049      	beq.n	100002f6 <protothread_trocatela+0xc2>
10000262:	2201      	movs	r2, #1
10000264:	4b27      	ldr	r3, [pc, #156]	@ (10000304 <protothread_trocatela+0xd0>)
10000266:	601a      	str	r2, [r3, #0]
10000268:	f001 ff68 	bl	1000213c <time_us_64>
1000026c:	4603      	mov	r3, r0
1000026e:	4826      	ldr	r0, [pc, #152]	@ (10000308 <protothread_trocatela+0xd4>)
10000270:	4a26      	ldr	r2, [pc, #152]	@ (1000030c <protothread_trocatela+0xd8>)
10000272:	6800      	ldr	r0, [r0, #0]
10000274:	4f26      	ldr	r7, [pc, #152]	@ (10000310 <protothread_trocatela+0xdc>)
10000276:	6b06      	ldr	r6, [r0, #48]	@ 0x30
10000278:	4826      	ldr	r0, [pc, #152]	@ (10000314 <protothread_trocatela+0xe0>)
1000027a:	189b      	adds	r3, r3, r2
1000027c:	f141 0100 	adc.w	r1, r1, #0
10000280:	6038      	str	r0, [r7, #0]
10000282:	602b      	str	r3, [r5, #0]
10000284:	6069      	str	r1, [r5, #4]
10000286:	47b0      	blx	r6
10000288:	2201      	movs	r2, #1
1000028a:	4b23      	ldr	r3, [pc, #140]	@ (10000318 <protothread_trocatela+0xe4>)
1000028c:	4923      	ldr	r1, [pc, #140]	@ (1000031c <protothread_trocatela+0xe8>)
1000028e:	701a      	strb	r2, [r3, #0]
10000290:	6021      	str	r1, [r4, #0]
10000292:	2001      	movs	r0, #1
10000294:	bdf8      	pop	{r3, r4, r5, r6, r7, pc}
10000296:	4b21      	ldr	r3, [pc, #132]	@ (1000031c <protothread_trocatela+0xe8>)
10000298:	4d19      	ldr	r5, [pc, #100]	@ (10000300 <protothread_trocatela+0xcc>)
1000029a:	6003      	str	r3, [r0, #0]
1000029c:	f001 ff4e 	bl	1000213c <time_us_64>
100002a0:	e9d5 2300 	ldrd	r2, r3, [r5]
100002a4:	4290      	cmp	r0, r2
100002a6:	4199      	sbcs	r1, r3
100002a8:	d3f3      	bcc.n	10000292 <protothread_trocatela+0x5e>
100002aa:	f04f 4350 	mov.w	r3, #3489660928	@ 0xd0000000
100002ae:	681b      	ldr	r3, [r3, #0]
100002b0:	2b01      	cmp	r3, #1
100002b2:	d01d      	beq.n	100002f0 <protothread_trocatela+0xbc>
100002b4:	2201      	movs	r2, #1
100002b6:	4b13      	ldr	r3, [pc, #76]	@ (10000304 <protothread_trocatela+0xd0>)
100002b8:	601a      	str	r2, [r3, #0]
100002ba:	f001 ff3f 	bl	1000213c <time_us_64>
100002be:	4603      	mov	r3, r0
100002c0:	4811      	ldr	r0, [pc, #68]	@ (10000308 <protothread_trocatela+0xd4>)
100002c2:	4a12      	ldr	r2, [pc, #72]	@ (1000030c <protothread_trocatela+0xd8>)
100002c4:	6800      	ldr	r0, [r0, #0]
100002c6:	4f12      	ldr	r7, [pc, #72]	@ (10000310 <protothread_trocatela+0xdc>)
100002c8:	6b06      	ldr	r6, [r0, #48]	@ 0x30
100002ca:	4815      	ldr	r0, [pc, #84]	@ (10000320 <protothread_trocatela+0xec>)
100002cc:	189b      	adds	r3, r3, r2
100002ce:	f141 0100 	adc.w	r1, r1, #0
100002d2:	6038      	str	r0, [r7, #0]
100002d4:	602b      	str	r3, [r5, #0]
100002d6:	6069      	str	r1, [r5, #4]
100002d8:	47b0      	blx	r6
100002da:	2200      	movs	r2, #0
100002dc:	4b0e      	ldr	r3, [pc, #56]	@ (10000318 <protothread_trocatela+0xe4>)
100002de:	4907      	ldr	r1, [pc, #28]	@ (100002fc <protothread_trocatela+0xc8>)
100002e0:	701a      	strb	r2, [r3, #0]
100002e2:	2001      	movs	r0, #1
100002e4:	6021      	str	r1, [r4, #0]
100002e6:	bdf8      	pop	{r3, r4, r5, r6, r7, pc}
100002e8:	4b0c      	ldr	r3, [pc, #48]	@ (1000031c <protothread_trocatela+0xe8>)
100002ea:	6003      	str	r3, [r0, #0]
100002ec:	2001      	movs	r0, #1
100002ee:	bdf8      	pop	{r3, r4, r5, r6, r7, pc}
100002f0:	4a0c      	ldr	r2, [pc, #48]	@ (10000324 <protothread_trocatela+0xf0>)
100002f2:	6013      	str	r3, [r2, #0]
100002f4:	e7e1      	b.n	100002ba <protothread_trocatela+0x86>
100002f6:	4a0b      	ldr	r2, [pc, #44]	@ (10000324 <protothread_trocatela+0xf0>)
100002f8:	6013      	str	r3, [r2, #0]
100002fa:	e7b5      	b.n	10000268 <protothread_trocatela+0x34>
100002fc:	10000244 	.word	0x10000244
10000300:	20000d40 	.word	0x20000d40
10000304:	20001048 	.word	0x20001048
10000308:	200011b4 	.word	0x200011b4
1000030c:	004c4b40 	.word	0x004c4b40
10000310:	20000628 	.word	0x20000628
10000314:	200269bc 	.word	0x200269bc
10000318:	2004c1be 	.word	0x2004c1be
1000031c:	10000296 	.word	0x10000296
10000320:	200011bc 	.word	0x200011bc
10000324:	2000104c 	.word	0x2000104c

10000328 <protothread_print_bus_read>:
10000328:	b570      	push	{r4, r5, r6, lr}
1000032a:	4604      	mov	r4, r0
1000032c:	b0c2      	sub	sp, #264	@ 0x108
1000032e:	f44f 7280 	mov.w	r2, #256	@ 0x100
10000332:	2100      	movs	r1, #0
10000334:	a802      	add	r0, sp, #8
10000336:	f004 fd3b 	bl	10004db0 <memset>
1000033a:	2200      	movs	r2, #0
1000033c:	6823      	ldr	r3, [r4, #0]
1000033e:	9201      	str	r2, [sp, #4]
10000340:	2b00      	cmp	r3, #0
10000342:	d033      	beq.n	100003ac <protothread_print_bus_read+0x84>
10000344:	2501      	movs	r5, #1
10000346:	4e1d      	ldr	r6, [pc, #116]	@ (100003bc <protothread_print_bus_read+0x94>)
10000348:	6026      	str	r6, [r4, #0]
1000034a:	b915      	cbnz	r5, 10000352 <protothread_print_bus_read+0x2a>
1000034c:	2001      	movs	r0, #1
1000034e:	b042      	add	sp, #264	@ 0x108
10000350:	bd70      	pop	{r4, r5, r6, pc}
10000352:	f001 fef3 	bl	1000213c <time_us_64>
10000356:	4d1a      	ldr	r5, [pc, #104]	@ (100003c0 <protothread_print_bus_read+0x98>)
10000358:	e9d5 2300 	ldrd	r2, r3, [r5]
1000035c:	4290      	cmp	r0, r2
1000035e:	4199      	sbcs	r1, r3
10000360:	d3f4      	bcc.n	1000034c <protothread_print_bus_read+0x24>
10000362:	f04f 4350 	mov.w	r3, #3489660928	@ 0xd0000000
10000366:	681b      	ldr	r3, [r3, #0]
10000368:	2b01      	cmp	r3, #1
1000036a:	d024      	beq.n	100003b6 <protothread_print_bus_read+0x8e>
1000036c:	2201      	movs	r2, #1
1000036e:	4b15      	ldr	r3, [pc, #84]	@ (100003c4 <protothread_print_bus_read+0x9c>)
10000370:	601a      	str	r2, [r3, #0]
10000372:	f001 fee3 	bl	1000213c <time_us_64>
10000376:	4b14      	ldr	r3, [pc, #80]	@ (100003c8 <protothread_print_bus_read+0xa0>)
10000378:	18c0      	adds	r0, r0, r3
1000037a:	4b14      	ldr	r3, [pc, #80]	@ (100003cc <protothread_print_bus_read+0xa4>)
1000037c:	f141 0100 	adc.w	r1, r1, #0
10000380:	681a      	ldr	r2, [r3, #0]
10000382:	4b13      	ldr	r3, [pc, #76]	@ (100003d0 <protothread_print_bus_read+0xa8>)
10000384:	6028      	str	r0, [r5, #0]
10000386:	6069      	str	r1, [r5, #4]
10000388:	a801      	add	r0, sp, #4
1000038a:	6819      	ldr	r1, [r3, #0]
1000038c:	f001 f88e 	bl	100014ac <bus_try_get_event32>
10000390:	2500      	movs	r5, #0
10000392:	2800      	cmp	r0, #0
10000394:	d0d8      	beq.n	10000348 <protothread_print_bus_read+0x20>
10000396:	9a01      	ldr	r2, [sp, #4]
10000398:	490e      	ldr	r1, [pc, #56]	@ (100003d4 <protothread_print_bus_read+0xac>)
1000039a:	a802      	add	r0, sp, #8
1000039c:	f003 ff58 	bl	10004250 <__wrap_sprintf>
100003a0:	4b0d      	ldr	r3, [pc, #52]	@ (100003d8 <protothread_print_bus_read+0xb0>)
100003a2:	a802      	add	r0, sp, #8
100003a4:	681b      	ldr	r3, [r3, #0]
100003a6:	681b      	ldr	r3, [r3, #0]
100003a8:	4798      	blx	r3
100003aa:	e7cd      	b.n	10000348 <protothread_print_bus_read+0x20>
100003ac:	2001      	movs	r0, #1
100003ae:	4b03      	ldr	r3, [pc, #12]	@ (100003bc <protothread_print_bus_read+0x94>)
100003b0:	6023      	str	r3, [r4, #0]
100003b2:	b042      	add	sp, #264	@ 0x108
100003b4:	bd70      	pop	{r4, r5, r6, pc}
100003b6:	4a09      	ldr	r2, [pc, #36]	@ (100003dc <protothread_print_bus_read+0xb4>)
100003b8:	6013      	str	r3, [r2, #0]
100003ba:	e7da      	b.n	10000372 <protothread_print_bus_read+0x4a>
100003bc:	10000396 	.word	0x10000396
100003c0:	20000d48 	.word	0x20000d48
100003c4:	20001048 	.word	0x20001048
100003c8:	000f4240 	.word	0x000f4240
100003cc:	20000fbc 	.word	0x20000fbc
100003d0:	20000fb8 	.word	0x20000fb8
100003d4:	100052f8 	.word	0x100052f8
100003d8:	200011b4 	.word	0x200011b4
100003dc:	2000104c 	.word	0x2000104c

100003e0 <timer_callback>:
100003e0:	b510      	push	{r4, lr}
100003e2:	4c08      	ldr	r4, [pc, #32]	@ (10000404 <timer_callback+0x24>)
100003e4:	6820      	ldr	r0, [r4, #0]
100003e6:	2801      	cmp	r0, #1
100003e8:	d006      	beq.n	100003f8 <timer_callback+0x18>
100003ea:	2000      	movs	r0, #0
100003ec:	f000 ffba 	bl	10001364 <put_cursor>
100003f0:	2301      	movs	r3, #1
100003f2:	2001      	movs	r0, #1
100003f4:	6023      	str	r3, [r4, #0]
100003f6:	bd10      	pop	{r4, pc}
100003f8:	f000 ffb4 	bl	10001364 <put_cursor>
100003fc:	2300      	movs	r3, #0
100003fe:	2001      	movs	r0, #1
10000400:	6023      	str	r3, [r4, #0]
10000402:	bd10      	pop	{r4, pc}
10000404:	2000062c 	.word	0x2000062c

10000408 <protothread_sched.constprop.0.isra.0>:
10000408:	e92d 4ff8 	stmdb	sp!, {r3, r4, r5, r6, r7, r8, r9, sl, fp, lr}
1000040c:	4b3f      	ldr	r3, [pc, #252]	@ (1000050c <protothread_sched.constprop.0.isra.0+0x104>)
1000040e:	681f      	ldr	r7, [r3, #0]
10000410:	2f00      	cmp	r7, #0
10000412:	d177      	bne.n	10000504 <protothread_sched.constprop.0.isra.0+0xfc>
10000414:	4b3e      	ldr	r3, [pc, #248]	@ (10000510 <protothread_sched.constprop.0.isra.0+0x108>)
10000416:	f8d3 8000 	ldr.w	r8, [r3]
1000041a:	f1b8 0f00 	cmp.w	r8, #0
1000041e:	d11c      	bne.n	1000045a <protothread_sched.constprop.0.isra.0+0x52>
10000420:	4e3c      	ldr	r6, [pc, #240]	@ (10000514 <protothread_sched.constprop.0.isra.0+0x10c>)
10000422:	4647      	mov	r7, r8
10000424:	4c3c      	ldr	r4, [pc, #240]	@ (10000518 <protothread_sched.constprop.0.isra.0+0x110>)
10000426:	f8df 90f4 	ldr.w	r9, [pc, #244]	@ 1000051c <protothread_sched.constprop.0.isra.0+0x114>
1000042a:	6833      	ldr	r3, [r6, #0]
1000042c:	e011      	b.n	10000452 <protothread_sched.constprop.0.isra.0+0x4a>
1000042e:	2300      	movs	r3, #0
10000430:	4d3a      	ldr	r5, [pc, #232]	@ (1000051c <protothread_sched.constprop.0.isra.0+0x114>)
10000432:	eb03 0343 	add.w	r3, r3, r3, lsl #1
10000436:	eb09 0383 	add.w	r3, r9, r3, lsl #2
1000043a:	4628      	mov	r0, r5
1000043c:	689b      	ldr	r3, [r3, #8]
1000043e:	4798      	blx	r3
10000440:	6823      	ldr	r3, [r4, #0]
10000442:	6832      	ldr	r2, [r6, #0]
10000444:	3301      	adds	r3, #1
10000446:	4293      	cmp	r3, r2
10000448:	6023      	str	r3, [r4, #0]
1000044a:	f105 050c 	add.w	r5, r5, #12
1000044e:	dbf0      	blt.n	10000432 <protothread_sched.constprop.0.isra.0+0x2a>
10000450:	4613      	mov	r3, r2
10000452:	2b00      	cmp	r3, #0
10000454:	6027      	str	r7, [r4, #0]
10000456:	dcea      	bgt.n	1000042e <protothread_sched.constprop.0.isra.0+0x26>
10000458:	e7fe      	b.n	10000458 <protothread_sched.constprop.0.isra.0+0x50>
1000045a:	f1b8 0f01 	cmp.w	r8, #1
1000045e:	d001      	beq.n	10000464 <protothread_sched.constprop.0.isra.0+0x5c>
10000460:	e8bd 8ff8 	ldmia.w	sp!, {r3, r4, r5, r6, r7, r8, r9, sl, fp, pc}
10000464:	4c2c      	ldr	r4, [pc, #176]	@ (10000518 <protothread_sched.constprop.0.isra.0+0x110>)
10000466:	4e2b      	ldr	r6, [pc, #172]	@ (10000514 <protothread_sched.constprop.0.isra.0+0x10c>)
10000468:	f8df 90b0 	ldr.w	r9, [pc, #176]	@ 1000051c <protothread_sched.constprop.0.isra.0+0x114>
1000046c:	f8df 80bc 	ldr.w	r8, [pc, #188]	@ 1000052c <protothread_sched.constprop.0.isra.0+0x124>
10000470:	4d2b      	ldr	r5, [pc, #172]	@ (10000520 <protothread_sched.constprop.0.isra.0+0x118>)
10000472:	f8df a0bc 	ldr.w	sl, [pc, #188]	@ 10000530 <protothread_sched.constprop.0.isra.0+0x128>
10000476:	f8d8 3000 	ldr.w	r3, [r8]
1000047a:	6832      	ldr	r2, [r6, #0]
1000047c:	3301      	adds	r3, #1
1000047e:	2a00      	cmp	r2, #0
10000480:	f8c8 3000 	str.w	r3, [r8]
10000484:	6027      	str	r7, [r4, #0]
10000486:	dc00      	bgt.n	1000048a <protothread_sched.constprop.0.isra.0+0x82>
10000488:	e7fe      	b.n	10000488 <protothread_sched.constprop.0.isra.0+0x80>
1000048a:	f8df b090 	ldr.w	fp, [pc, #144]	@ 1000051c <protothread_sched.constprop.0.isra.0+0x114>
1000048e:	602f      	str	r7, [r5, #0]
10000490:	f001 fe54 	bl	1000213c <time_us_64>
10000494:	6823      	ldr	r3, [r4, #0]
10000496:	e9ca 0100 	strd	r0, r1, [sl]
1000049a:	eb03 0343 	add.w	r3, r3, r3, lsl #1
1000049e:	eb09 0383 	add.w	r3, r9, r3, lsl #2
100004a2:	689b      	ldr	r3, [r3, #8]
100004a4:	4658      	mov	r0, fp
100004a6:	4798      	blx	r3
100004a8:	682a      	ldr	r2, [r5, #0]
100004aa:	6823      	ldr	r3, [r4, #0]
100004ac:	2a01      	cmp	r2, #1
100004ae:	d007      	beq.n	100004c0 <protothread_sched.constprop.0.isra.0+0xb8>
100004b0:	6832      	ldr	r2, [r6, #0]
100004b2:	3301      	adds	r3, #1
100004b4:	4293      	cmp	r3, r2
100004b6:	6023      	str	r3, [r4, #0]
100004b8:	f10b 0b0c 	add.w	fp, fp, #12
100004bc:	dadb      	bge.n	10000476 <protothread_sched.constprop.0.isra.0+0x6e>
100004be:	e7e6      	b.n	1000048e <protothread_sched.constprop.0.isra.0+0x86>
100004c0:	4918      	ldr	r1, [pc, #96]	@ (10000524 <protothread_sched.constprop.0.isra.0+0x11c>)
100004c2:	f851 2023 	ldr.w	r2, [r1, r3, lsl #2]
100004c6:	3201      	adds	r2, #1
100004c8:	f841 2023 	str.w	r2, [r1, r3, lsl #2]
100004cc:	f001 fe36 	bl	1000213c <time_us_64>
100004d0:	468e      	mov	lr, r1
100004d2:	f8d4 b000 	ldr.w	fp, [r4]
100004d6:	4b14      	ldr	r3, [pc, #80]	@ (10000528 <protothread_sched.constprop.0.isra.0+0x120>)
100004d8:	f8da 1004 	ldr.w	r1, [sl, #4]
100004dc:	f853 203b 	ldr.w	r2, [r3, fp, lsl #3]
100004e0:	eb03 0ccb 	add.w	ip, r3, fp, lsl #3
100004e4:	f8da 3000 	ldr.w	r3, [sl]
100004e8:	1ad3      	subs	r3, r2, r3
100004ea:	f8dc 2004 	ldr.w	r2, [ip, #4]
100004ee:	eb62 0201 	sbc.w	r2, r2, r1
100004f2:	181b      	adds	r3, r3, r0
100004f4:	480c      	ldr	r0, [pc, #48]	@ (10000528 <protothread_sched.constprop.0.isra.0+0x120>)
100004f6:	eb42 020e 	adc.w	r2, r2, lr
100004fa:	f840 303b 	str.w	r3, [r0, fp, lsl #3]
100004fe:	f8cc 2004 	str.w	r2, [ip, #4]
10000502:	e7b8      	b.n	10000476 <protothread_sched.constprop.0.isra.0+0x6e>
10000504:	f047 0701 	orr.w	r7, r7, #1
10000508:	4738      	bx	r7
1000050a:	bf00      	nop
1000050c:	20001050 	.word	0x20001050
10000510:	20001058 	.word	0x20001058
10000514:	2000105c 	.word	0x2000105c
10000518:	20001004 	.word	0x20001004
1000051c:	20001064 	.word	0x20001064
10000520:	20001048 	.word	0x20001048
10000524:	2000115c 	.word	0x2000115c
10000528:	20000d50 	.word	0x20000d50
1000052c:	20001154 	.word	0x20001154
10000530:	20000df0 	.word	0x20000df0

10000534 <protothread_sched1.constprop.0.isra.0>:
10000534:	e92d 4ff8 	stmdb	sp!, {r3, r4, r5, r6, r7, r8, r9, sl, fp, lr}
10000538:	4b3f      	ldr	r3, [pc, #252]	@ (10000638 <protothread_sched1.constprop.0.isra.0+0x104>)
1000053a:	681f      	ldr	r7, [r3, #0]
1000053c:	2f00      	cmp	r7, #0
1000053e:	d177      	bne.n	10000630 <protothread_sched1.constprop.0.isra.0+0xfc>
10000540:	4b3e      	ldr	r3, [pc, #248]	@ (1000063c <protothread_sched1.constprop.0.isra.0+0x108>)
10000542:	f8d3 8000 	ldr.w	r8, [r3]
10000546:	f1b8 0f00 	cmp.w	r8, #0
1000054a:	d11c      	bne.n	10000586 <protothread_sched1.constprop.0.isra.0+0x52>
1000054c:	4e3c      	ldr	r6, [pc, #240]	@ (10000640 <protothread_sched1.constprop.0.isra.0+0x10c>)
1000054e:	4647      	mov	r7, r8
10000550:	4c3c      	ldr	r4, [pc, #240]	@ (10000644 <protothread_sched1.constprop.0.isra.0+0x110>)
10000552:	f8df 90f4 	ldr.w	r9, [pc, #244]	@ 10000648 <protothread_sched1.constprop.0.isra.0+0x114>
10000556:	6833      	ldr	r3, [r6, #0]
10000558:	e011      	b.n	1000057e <protothread_sched1.constprop.0.isra.0+0x4a>
1000055a:	2300      	movs	r3, #0
1000055c:	4d3a      	ldr	r5, [pc, #232]	@ (10000648 <protothread_sched1.constprop.0.isra.0+0x114>)
1000055e:	eb03 0343 	add.w	r3, r3, r3, lsl #1
10000562:	eb09 0383 	add.w	r3, r9, r3, lsl #2
10000566:	4628      	mov	r0, r5
10000568:	689b      	ldr	r3, [r3, #8]
1000056a:	4798      	blx	r3
1000056c:	6823      	ldr	r3, [r4, #0]
1000056e:	6832      	ldr	r2, [r6, #0]
10000570:	3301      	adds	r3, #1
10000572:	4293      	cmp	r3, r2
10000574:	6023      	str	r3, [r4, #0]
10000576:	f105 050c 	add.w	r5, r5, #12
1000057a:	dbf0      	blt.n	1000055e <protothread_sched1.constprop.0.isra.0+0x2a>
1000057c:	4613      	mov	r3, r2
1000057e:	2b00      	cmp	r3, #0
10000580:	6027      	str	r7, [r4, #0]
10000582:	dcea      	bgt.n	1000055a <protothread_sched1.constprop.0.isra.0+0x26>
10000584:	e7fe      	b.n	10000584 <protothread_sched1.constprop.0.isra.0+0x50>
10000586:	f1b8 0f01 	cmp.w	r8, #1
1000058a:	d001      	beq.n	10000590 <protothread_sched1.constprop.0.isra.0+0x5c>
1000058c:	e8bd 8ff8 	ldmia.w	sp!, {r3, r4, r5, r6, r7, r8, r9, sl, fp, pc}
10000590:	4c2c      	ldr	r4, [pc, #176]	@ (10000644 <protothread_sched1.constprop.0.isra.0+0x110>)
10000592:	4e2b      	ldr	r6, [pc, #172]	@ (10000640 <protothread_sched1.constprop.0.isra.0+0x10c>)
10000594:	f8df 90b0 	ldr.w	r9, [pc, #176]	@ 10000648 <protothread_sched1.constprop.0.isra.0+0x114>
10000598:	f8df 80bc 	ldr.w	r8, [pc, #188]	@ 10000658 <protothread_sched1.constprop.0.isra.0+0x124>
1000059c:	4d2b      	ldr	r5, [pc, #172]	@ (1000064c <protothread_sched1.constprop.0.isra.0+0x118>)
1000059e:	f8df a0bc 	ldr.w	sl, [pc, #188]	@ 1000065c <protothread_sched1.constprop.0.isra.0+0x128>
100005a2:	f8d8 3000 	ldr.w	r3, [r8]
100005a6:	6832      	ldr	r2, [r6, #0]
100005a8:	3301      	adds	r3, #1
100005aa:	2a00      	cmp	r2, #0
100005ac:	f8c8 3000 	str.w	r3, [r8]
100005b0:	6027      	str	r7, [r4, #0]
100005b2:	dc00      	bgt.n	100005b6 <protothread_sched1.constprop.0.isra.0+0x82>
100005b4:	e7fe      	b.n	100005b4 <protothread_sched1.constprop.0.isra.0+0x80>
100005b6:	f8df b090 	ldr.w	fp, [pc, #144]	@ 10000648 <protothread_sched1.constprop.0.isra.0+0x114>
100005ba:	602f      	str	r7, [r5, #0]
100005bc:	f001 fdbe 	bl	1000213c <time_us_64>
100005c0:	6823      	ldr	r3, [r4, #0]
100005c2:	e9ca 0100 	strd	r0, r1, [sl]
100005c6:	eb03 0343 	add.w	r3, r3, r3, lsl #1
100005ca:	eb09 0383 	add.w	r3, r9, r3, lsl #2
100005ce:	689b      	ldr	r3, [r3, #8]
100005d0:	4658      	mov	r0, fp
100005d2:	4798      	blx	r3
100005d4:	682a      	ldr	r2, [r5, #0]
100005d6:	6823      	ldr	r3, [r4, #0]
100005d8:	2a01      	cmp	r2, #1
100005da:	d007      	beq.n	100005ec <protothread_sched1.constprop.0.isra.0+0xb8>
100005dc:	6832      	ldr	r2, [r6, #0]
100005de:	3301      	adds	r3, #1
100005e0:	4293      	cmp	r3, r2
100005e2:	6023      	str	r3, [r4, #0]
100005e4:	f10b 0b0c 	add.w	fp, fp, #12
100005e8:	dadb      	bge.n	100005a2 <protothread_sched1.constprop.0.isra.0+0x6e>
100005ea:	e7e6      	b.n	100005ba <protothread_sched1.constprop.0.isra.0+0x86>
100005ec:	4918      	ldr	r1, [pc, #96]	@ (10000650 <protothread_sched1.constprop.0.isra.0+0x11c>)
100005ee:	f851 2023 	ldr.w	r2, [r1, r3, lsl #2]
100005f2:	3201      	adds	r2, #1
100005f4:	f841 2023 	str.w	r2, [r1, r3, lsl #2]
100005f8:	f001 fda0 	bl	1000213c <time_us_64>
100005fc:	468e      	mov	lr, r1
100005fe:	f8d4 b000 	ldr.w	fp, [r4]
10000602:	4b14      	ldr	r3, [pc, #80]	@ (10000654 <protothread_sched1.constprop.0.isra.0+0x120>)
10000604:	f8da 1004 	ldr.w	r1, [sl, #4]
10000608:	f853 203b 	ldr.w	r2, [r3, fp, lsl #3]
1000060c:	eb03 0ccb 	add.w	ip, r3, fp, lsl #3
10000610:	f8da 3000 	ldr.w	r3, [sl]
10000614:	1ad3      	subs	r3, r2, r3
10000616:	f8dc 2004 	ldr.w	r2, [ip, #4]
1000061a:	eb62 0201 	sbc.w	r2, r2, r1
1000061e:	181b      	adds	r3, r3, r0
10000620:	480c      	ldr	r0, [pc, #48]	@ (10000654 <protothread_sched1.constprop.0.isra.0+0x120>)
10000622:	eb42 020e 	adc.w	r2, r2, lr
10000626:	f840 303b 	str.w	r3, [r0, fp, lsl #3]
1000062a:	f8cc 2004 	str.w	r2, [ip, #4]
1000062e:	e7b8      	b.n	100005a2 <protothread_sched1.constprop.0.isra.0+0x6e>
10000630:	f047 0701 	orr.w	r7, r7, #1
10000634:	4738      	bx	r7
10000636:	bf00      	nop
10000638:	20001054 	.word	0x20001054
1000063c:	20001058 	.word	0x20001058
10000640:	20001060 	.word	0x20001060
10000644:	20001008 	.word	0x20001008
10000648:	200010dc 	.word	0x200010dc
1000064c:	2000104c 	.word	0x2000104c
10000650:	20001184 	.word	0x20001184
10000654:	20000da0 	.word	0x20000da0
10000658:	20001158 	.word	0x20001158
1000065c:	20000df8 	.word	0x20000df8

10000660 <main>:
10000660:	b5f0      	push	{r4, r5, r6, r7, lr}
10000662:	b08b      	sub	sp, #44	@ 0x2c
10000664:	489f      	ldr	r0, [pc, #636]	@ (100008e4 <main+0x284>)
10000666:	ab07      	add	r3, sp, #28
10000668:	aa06      	add	r2, sp, #24
1000066a:	a905      	add	r1, sp, #20
1000066c:	f001 fea0 	bl	100023b0 <check_sys_clock_khz>
10000670:	b918      	cbnz	r0, 1000067a <main+0x1a>
10000672:	499c      	ldr	r1, [pc, #624]	@ (100008e4 <main+0x284>)
10000674:	489c      	ldr	r0, [pc, #624]	@ (100008e8 <main+0x288>)
10000676:	f000 ffef 	bl	10001658 <panic>
1000067a:	4e9c      	ldr	r6, [pc, #624]	@ (100008ec <main+0x28c>)
1000067c:	e9dd 1206 	ldrd	r1, r2, [sp, #24]
10000680:	9805      	ldr	r0, [sp, #20]
10000682:	f001 fdd3 	bl	1000222c <set_sys_clock_pll>
10000686:	f003 ff11 	bl	100044ac <stdio_init_all>
1000068a:	f000 f961 	bl	10000950 <initReadBus_Pio>
1000068e:	f44f 3116 	mov.w	r1, #153600	@ 0x25800
10000692:	4630      	mov	r0, r6
10000694:	f000 f9c0 	bl	10000a18 <initVGA>
10000698:	6831      	ldr	r1, [r6, #0]
1000069a:	f44f 3216 	mov.w	r2, #153600	@ 0x25800
1000069e:	2001      	movs	r0, #1
100006a0:	f000 fe86 	bl	100013b0 <create_screen>
100006a4:	4603      	mov	r3, r0
100006a6:	4c92      	ldr	r4, [pc, #584]	@ (100008f0 <main+0x290>)
100006a8:	6b1a      	ldr	r2, [r3, #48]	@ 0x30
100006aa:	4892      	ldr	r0, [pc, #584]	@ (100008f4 <main+0x294>)
100006ac:	6023      	str	r3, [r4, #0]
100006ae:	4790      	blx	r2
100006b0:	6823      	ldr	r3, [r4, #0]
100006b2:	2100      	movs	r1, #0
100006b4:	2003      	movs	r0, #3
100006b6:	685b      	ldr	r3, [r3, #4]
100006b8:	4798      	blx	r3
100006ba:	6823      	ldr	r3, [r4, #0]
100006bc:	2001      	movs	r0, #1
100006be:	68db      	ldr	r3, [r3, #12]
100006c0:	4798      	blx	r3
100006c2:	6823      	ldr	r3, [r4, #0]
100006c4:	207d      	movs	r0, #125	@ 0x7d
100006c6:	6a1b      	ldr	r3, [r3, #32]
100006c8:	4798      	blx	r3
100006ca:	6823      	ldr	r3, [r4, #0]
100006cc:	2001      	movs	r0, #1
100006ce:	6a5b      	ldr	r3, [r3, #36]	@ 0x24
100006d0:	4798      	blx	r3
100006d2:	2100      	movs	r1, #0
100006d4:	2306      	movs	r3, #6
100006d6:	4608      	mov	r0, r1
100006d8:	f44f 7220 	mov.w	r2, #640	@ 0x280
100006dc:	f000 fba0 	bl	10000e20 <drawHLine>
100006e0:	2306      	movs	r3, #6
100006e2:	f44f 7220 	mov.w	r2, #640	@ 0x280
100006e6:	2101      	movs	r1, #1
100006e8:	2000      	movs	r0, #0
100006ea:	f000 fb99 	bl	10000e20 <drawHLine>
100006ee:	2306      	movs	r3, #6
100006f0:	f44f 7220 	mov.w	r2, #640	@ 0x280
100006f4:	2102      	movs	r1, #2
100006f6:	2000      	movs	r0, #0
100006f8:	f000 fb92 	bl	10000e20 <drawHLine>
100006fc:	f44f 7220 	mov.w	r2, #640	@ 0x280
10000700:	2306      	movs	r3, #6
10000702:	2103      	movs	r1, #3
10000704:	2000      	movs	r0, #0
10000706:	f000 fb8b 	bl	10000e20 <drawHLine>
1000070a:	6823      	ldr	r3, [r4, #0]
1000070c:	2101      	movs	r1, #1
1000070e:	2000      	movs	r0, #0
10000710:	695b      	ldr	r3, [r3, #20]
10000712:	4798      	blx	r3
10000714:	6823      	ldr	r3, [r4, #0]
10000716:	4878      	ldr	r0, [pc, #480]	@ (100008f8 <main+0x298>)
10000718:	681b      	ldr	r3, [r3, #0]
1000071a:	4798      	blx	r3
1000071c:	6823      	ldr	r3, [r4, #0]
1000071e:	4877      	ldr	r0, [pc, #476]	@ (100008fc <main+0x29c>)
10000720:	681b      	ldr	r3, [r3, #0]
10000722:	4798      	blx	r3
10000724:	6823      	ldr	r3, [r4, #0]
10000726:	4874      	ldr	r0, [pc, #464]	@ (100008f8 <main+0x298>)
10000728:	681b      	ldr	r3, [r3, #0]
1000072a:	4798      	blx	r3
1000072c:	6823      	ldr	r3, [r4, #0]
1000072e:	4873      	ldr	r0, [pc, #460]	@ (100008fc <main+0x29c>)
10000730:	681b      	ldr	r3, [r3, #0]
10000732:	4798      	blx	r3
10000734:	6823      	ldr	r3, [r4, #0]
10000736:	2106      	movs	r1, #6
10000738:	2000      	movs	r0, #0
1000073a:	695b      	ldr	r3, [r3, #20]
1000073c:	4798      	blx	r3
1000073e:	6823      	ldr	r3, [r4, #0]
10000740:	486f      	ldr	r0, [pc, #444]	@ (10000900 <main+0x2a0>)
10000742:	681b      	ldr	r3, [r3, #0]
10000744:	4798      	blx	r3
10000746:	6823      	ldr	r3, [r4, #0]
10000748:	2107      	movs	r1, #7
1000074a:	2000      	movs	r0, #0
1000074c:	685b      	ldr	r3, [r3, #4]
1000074e:	4798      	blx	r3
10000750:	6823      	ldr	r3, [r4, #0]
10000752:	2501      	movs	r5, #1
10000754:	689b      	ldr	r3, [r3, #8]
10000756:	4798      	blx	r3
10000758:	2200      	movs	r2, #0
1000075a:	4603      	mov	r3, r0
1000075c:	4969      	ldr	r1, [pc, #420]	@ (10000904 <main+0x2a4>)
1000075e:	a807      	add	r0, sp, #28
10000760:	f003 fd76 	bl	10004250 <__wrap_sprintf>
10000764:	6823      	ldr	r3, [r4, #0]
10000766:	a807      	add	r0, sp, #28
10000768:	681b      	ldr	r3, [r3, #0]
1000076a:	4798      	blx	r3
1000076c:	6823      	ldr	r3, [r4, #0]
1000076e:	4866      	ldr	r0, [pc, #408]	@ (10000908 <main+0x2a8>)
10000770:	681b      	ldr	r3, [r3, #0]
10000772:	4798      	blx	r3
10000774:	6823      	ldr	r3, [r4, #0]
10000776:	2100      	movs	r1, #0
10000778:	b2e8      	uxtb	r0, r5
1000077a:	685b      	ldr	r3, [r3, #4]
1000077c:	4798      	blx	r3
1000077e:	6823      	ldr	r3, [r4, #0]
10000780:	689b      	ldr	r3, [r3, #8]
10000782:	4798      	blx	r3
10000784:	462a      	mov	r2, r5
10000786:	4603      	mov	r3, r0
10000788:	495e      	ldr	r1, [pc, #376]	@ (10000904 <main+0x2a4>)
1000078a:	a807      	add	r0, sp, #28
1000078c:	f003 fd60 	bl	10004250 <__wrap_sprintf>
10000790:	6823      	ldr	r3, [r4, #0]
10000792:	a807      	add	r0, sp, #28
10000794:	681b      	ldr	r3, [r3, #0]
10000796:	4798      	blx	r3
10000798:	6823      	ldr	r3, [r4, #0]
1000079a:	485b      	ldr	r0, [pc, #364]	@ (10000908 <main+0x2a8>)
1000079c:	681b      	ldr	r3, [r3, #0]
1000079e:	3501      	adds	r5, #1
100007a0:	4798      	blx	r3
100007a2:	2d08      	cmp	r5, #8
100007a4:	d1e6      	bne.n	10000774 <main+0x114>
100007a6:	6823      	ldr	r3, [r4, #0]
100007a8:	2107      	movs	r1, #7
100007aa:	2000      	movs	r0, #0
100007ac:	695b      	ldr	r3, [r3, #20]
100007ae:	4798      	blx	r3
100007b0:	6823      	ldr	r3, [r4, #0]
100007b2:	4d56      	ldr	r5, [pc, #344]	@ (1000090c <main+0x2ac>)
100007b4:	69db      	ldr	r3, [r3, #28]
100007b6:	4798      	blx	r3
100007b8:	4955      	ldr	r1, [pc, #340]	@ (10000910 <main+0x2b0>)
100007ba:	4602      	mov	r2, r0
100007bc:	a807      	add	r0, sp, #28
100007be:	f003 fd47 	bl	10004250 <__wrap_sprintf>
100007c2:	6823      	ldr	r3, [r4, #0]
100007c4:	a807      	add	r0, sp, #28
100007c6:	681b      	ldr	r3, [r3, #0]
100007c8:	4798      	blx	r3
100007ca:	6823      	ldr	r3, [r4, #0]
100007cc:	2100      	movs	r1, #0
100007ce:	2002      	movs	r0, #2
100007d0:	685b      	ldr	r3, [r3, #4]
100007d2:	4798      	blx	r3
100007d4:	484f      	ldr	r0, [pc, #316]	@ (10000914 <main+0x2b4>)
100007d6:	6823      	ldr	r3, [r4, #0]
100007d8:	6030      	str	r0, [r6, #0]
100007da:	6b1b      	ldr	r3, [r3, #48]	@ 0x30
100007dc:	4798      	blx	r3
100007de:	6823      	ldr	r3, [r4, #0]
100007e0:	2104      	movs	r1, #4
100007e2:	2000      	movs	r0, #0
100007e4:	695b      	ldr	r3, [r3, #20]
100007e6:	4798      	blx	r3
100007e8:	6823      	ldr	r3, [r4, #0]
100007ea:	484b      	ldr	r0, [pc, #300]	@ (10000918 <main+0x2b8>)
100007ec:	681b      	ldr	r3, [r3, #0]
100007ee:	4798      	blx	r3
100007f0:	6823      	ldr	r3, [r4, #0]
100007f2:	2105      	movs	r1, #5
100007f4:	2000      	movs	r0, #0
100007f6:	695b      	ldr	r3, [r3, #20]
100007f8:	4798      	blx	r3
100007fa:	6823      	ldr	r3, [r4, #0]
100007fc:	4847      	ldr	r0, [pc, #284]	@ (1000091c <main+0x2bc>)
100007fe:	681b      	ldr	r3, [r3, #0]
10000800:	4798      	blx	r3
10000802:	6823      	ldr	r3, [r4, #0]
10000804:	2106      	movs	r1, #6
10000806:	2000      	movs	r0, #0
10000808:	695b      	ldr	r3, [r3, #20]
1000080a:	4798      	blx	r3
1000080c:	6823      	ldr	r3, [r4, #0]
1000080e:	4844      	ldr	r0, [pc, #272]	@ (10000920 <main+0x2c0>)
10000810:	681b      	ldr	r3, [r3, #0]
10000812:	4798      	blx	r3
10000814:	6823      	ldr	r3, [r4, #0]
10000816:	2107      	movs	r1, #7
10000818:	2000      	movs	r0, #0
1000081a:	695b      	ldr	r3, [r3, #20]
1000081c:	4798      	blx	r3
1000081e:	6823      	ldr	r3, [r4, #0]
10000820:	4840      	ldr	r0, [pc, #256]	@ (10000924 <main+0x2c4>)
10000822:	681b      	ldr	r3, [r3, #0]
10000824:	4798      	blx	r3
10000826:	4628      	mov	r0, r5
10000828:	f001 fc20 	bl	1000206c <cancel_repeating_timer>
1000082c:	6823      	ldr	r3, [r4, #0]
1000082e:	2600      	movs	r6, #0
10000830:	69db      	ldr	r3, [r3, #28]
10000832:	4798      	blx	r3
10000834:	4604      	mov	r4, r0
10000836:	f001 fa77 	bl	10001d28 <alarm_pool_get_default>
1000083a:	f44f 727a 	mov.w	r2, #1000	@ 0x3e8
1000083e:	4b3a      	ldr	r3, [pc, #232]	@ (10000928 <main+0x2c8>)
10000840:	e9cd 6501 	strd	r6, r5, [sp, #4]
10000844:	9300      	str	r3, [sp, #0]
10000846:	b223      	sxth	r3, r4
10000848:	fb83 2302 	smull	r2, r3, r3, r2
1000084c:	f001 fb7e 	bl	10001f4c <alarm_pool_add_repeating_timer_us>
10000850:	f04f 4350 	mov.w	r3, #3489660928	@ 0xd0000000
10000854:	681b      	ldr	r3, [r3, #0]
10000856:	2b01      	cmp	r3, #1
10000858:	d00b      	beq.n	10000872 <main+0x212>
1000085a:	4a34      	ldr	r2, [pc, #208]	@ (1000092c <main+0x2cc>)
1000085c:	6813      	ldr	r3, [r2, #0]
1000085e:	2b09      	cmp	r3, #9
10000860:	dd28      	ble.n	100008b4 <main+0x254>
10000862:	2200      	movs	r2, #0
10000864:	4b32      	ldr	r3, [pc, #200]	@ (10000930 <main+0x2d0>)
10000866:	601a      	str	r2, [r3, #0]
10000868:	f7ff fdce 	bl	10000408 <protothread_sched.constprop.0.isra.0>
1000086c:	2000      	movs	r0, #0
1000086e:	b00b      	add	sp, #44	@ 0x2c
10000870:	bdf0      	pop	{r4, r5, r6, r7, pc}
10000872:	4a30      	ldr	r2, [pc, #192]	@ (10000934 <main+0x2d4>)
10000874:	6813      	ldr	r3, [r2, #0]
10000876:	2b09      	cmp	r3, #9
10000878:	dd05      	ble.n	10000886 <main+0x226>
1000087a:	2200      	movs	r2, #0
1000087c:	4b2e      	ldr	r3, [pc, #184]	@ (10000938 <main+0x2d8>)
1000087e:	601a      	str	r2, [r3, #0]
10000880:	f7ff fe58 	bl	10000534 <protothread_sched1.constprop.0.isra.0>
10000884:	e7f2      	b.n	1000086c <main+0x20c>
10000886:	200c      	movs	r0, #12
10000888:	fb00 f403 	mul.w	r4, r0, r3
1000088c:	492b      	ldr	r1, [pc, #172]	@ (1000093c <main+0x2dc>)
1000088e:	1c5d      	adds	r5, r3, #1
10000890:	4f2b      	ldr	r7, [pc, #172]	@ (10000940 <main+0x2e0>)
10000892:	510e      	str	r6, [r1, r4]
10000894:	2d0a      	cmp	r5, #10
10000896:	440c      	add	r4, r1
10000898:	e9c4 3701 	strd	r3, r7, [r4, #4]
1000089c:	6015      	str	r5, [r2, #0]
1000089e:	d0ec      	beq.n	1000087a <main+0x21a>
100008a0:	fb05 f000 	mul.w	r0, r5, r0
100008a4:	500e      	str	r6, [r1, r0]
100008a6:	4401      	add	r1, r0
100008a8:	4826      	ldr	r0, [pc, #152]	@ (10000944 <main+0x2e4>)
100008aa:	3302      	adds	r3, #2
100008ac:	e9c1 5001 	strd	r5, r0, [r1, #4]
100008b0:	6013      	str	r3, [r2, #0]
100008b2:	e7e2      	b.n	1000087a <main+0x21a>
100008b4:	200c      	movs	r0, #12
100008b6:	fb00 f403 	mul.w	r4, r0, r3
100008ba:	4923      	ldr	r1, [pc, #140]	@ (10000948 <main+0x2e8>)
100008bc:	1c5d      	adds	r5, r3, #1
100008be:	4f20      	ldr	r7, [pc, #128]	@ (10000940 <main+0x2e0>)
100008c0:	510e      	str	r6, [r1, r4]
100008c2:	2d0a      	cmp	r5, #10
100008c4:	440c      	add	r4, r1
100008c6:	e9c4 3701 	strd	r3, r7, [r4, #4]
100008ca:	6015      	str	r5, [r2, #0]
100008cc:	d0c9      	beq.n	10000862 <main+0x202>
100008ce:	fb05 f000 	mul.w	r0, r5, r0
100008d2:	500e      	str	r6, [r1, r0]
100008d4:	4401      	add	r1, r0
100008d6:	481b      	ldr	r0, [pc, #108]	@ (10000944 <main+0x2e4>)
100008d8:	3302      	adds	r3, #2
100008da:	e9c1 5001 	strd	r5, r0, [r1, #4]
100008de:	6013      	str	r3, [r2, #0]
100008e0:	e7bf      	b.n	10000862 <main+0x202>
100008e2:	bf00      	nop
100008e4:	000249f0 	.word	0x000249f0
100008e8:	100053cc 	.word	0x100053cc
100008ec:	20000628 	.word	0x20000628
100008f0:	200011b4 	.word	0x200011b4
100008f4:	200011bc 	.word	0x200011bc
100008f8:	10005300 	.word	0x10005300
100008fc:	10005354 	.word	0x10005354
10000900:	100053a8 	.word	0x100053a8
10000904:	100053bc 	.word	0x100053bc
10000908:	100053c8 	.word	0x100053c8
1000090c:	20000e00 	.word	0x20000e00
10000910:	10005400 	.word	0x10005400
10000914:	200269bc 	.word	0x200269bc
10000918:	10005414 	.word	0x10005414
1000091c:	10005450 	.word	0x10005450
10000920:	1000548c 	.word	0x1000548c
10000924:	100054c8 	.word	0x100054c8
10000928:	100003e1 	.word	0x100003e1
1000092c:	2000105c 	.word	0x2000105c
10000930:	20001050 	.word	0x20001050
10000934:	20001060 	.word	0x20001060
10000938:	20001054 	.word	0x20001054
1000093c:	200010dc 	.word	0x200010dc
10000940:	10000235 	.word	0x10000235
10000944:	10000329 	.word	0x10000329
10000948:	20001064 	.word	0x20001064
1000094c:	00000000 	.word	0x00000000

10000950 <initReadBus_Pio>:
10000950:	b5f0      	push	{r4, r5, r6, r7, lr}
10000952:	4e2d      	ldr	r6, [pc, #180]	@ (10000a08 <initReadBus_Pio+0xb8>)
10000954:	4b2d      	ldr	r3, [pc, #180]	@ (10000a0c <initReadBus_Pio+0xbc>)
10000956:	b08b      	sub	sp, #44	@ 0x2c
10000958:	4630      	mov	r0, r6
1000095a:	492d      	ldr	r1, [pc, #180]	@ (10000a10 <initReadBus_Pio+0xc0>)
1000095c:	2400      	movs	r4, #0
1000095e:	601e      	str	r6, [r3, #0]
10000960:	f003 fe2a 	bl	100045b8 <pio_add_program>
10000964:	4b2b      	ldr	r3, [pc, #172]	@ (10000a14 <initReadBus_Pio+0xc4>)
10000966:	4621      	mov	r1, r4
10000968:	4605      	mov	r5, r0
1000096a:	4630      	mov	r0, r6
1000096c:	601c      	str	r4, [r3, #0]
1000096e:	f003 fdff 	bl	10004570 <pio_sm_claim>
10000972:	2107      	movs	r1, #7
10000974:	2019      	movs	r0, #25
10000976:	f000 fe3d 	bl	100015f4 <gpio_set_function>
1000097a:	2301      	movs	r3, #1
1000097c:	4630      	mov	r0, r6
1000097e:	2219      	movs	r2, #25
10000980:	4621      	mov	r1, r4
10000982:	9300      	str	r3, [sp, #0]
10000984:	f003 fe92 	bl	100046ac <pio_sm_set_consecutive_pindirs>
10000988:	4626      	mov	r6, r4
1000098a:	2107      	movs	r1, #7
1000098c:	4620      	mov	r0, r4
1000098e:	f000 fe31 	bl	100015f4 <gpio_set_function>
10000992:	f04f 0300 	mov.w	r3, #0
10000996:	ec43 4044 	gpioc_bit_oe_put r4, r3
1000099a:	2200      	movs	r2, #0
1000099c:	4620      	mov	r0, r4
1000099e:	2101      	movs	r1, #1
100009a0:	3401      	adds	r4, #1
100009a2:	f000 fe45 	bl	10001630 <gpio_set_pulls>
100009a6:	2c0e      	cmp	r4, #14
100009a8:	d1ef      	bne.n	1000098a <initReadBus_Pio+0x3a>
100009aa:	f44f 3080 	mov.w	r0, #65536	@ 0x10000
100009ae:	f44f 31f8 	mov.w	r1, #126976	@ 0x1f000
100009b2:	f44f 2340 	mov.w	r3, #786432	@ 0xc0000
100009b6:	ed9f 7b12 	vldr	d7, [pc, #72]	@ 10000a00 <initReadBus_Pio+0xb0>
100009ba:	e9cd 0102 	strd	r0, r1, [sp, #8]
100009be:	9605      	str	r6, [sp, #20]
100009c0:	9304      	str	r3, [sp, #16]
100009c2:	ac02      	add	r4, sp, #8
100009c4:	f10d 0c18 	add.w	ip, sp, #24
100009c8:	1d2a      	adds	r2, r5, #4
100009ca:	01ef      	lsls	r7, r5, #7
100009cc:	ea47 3702 	orr.w	r7, r7, r2, lsl #12
100009d0:	e894 000f 	ldmia.w	r4, {r0, r1, r2, r3}
100009d4:	e88c 000f 	stmia.w	ip, {r0, r1, r2, r3}
100009d8:	4e0b      	ldr	r6, [pc, #44]	@ (10000a08 <initReadBus_Pio+0xb8>)
100009da:	9707      	str	r7, [sp, #28]
100009dc:	e89c 000f 	ldmia.w	ip, {r0, r1, r2, r3}
100009e0:	e884 000f 	stmia.w	r4, {r0, r1, r2, r3}
100009e4:	4623      	mov	r3, r4
100009e6:	462a      	mov	r2, r5
100009e8:	2100      	movs	r1, #0
100009ea:	4630      	mov	r0, r6
100009ec:	ed8d 7b04 	vstr	d7, [sp, #16]
100009f0:	f003 fea2 	bl	10004738 <pio_sm_init>
100009f4:	6833      	ldr	r3, [r6, #0]
100009f6:	f043 0301 	orr.w	r3, r3, #1
100009fa:	6033      	str	r3, [r6, #0]
100009fc:	b00b      	add	sp, #44	@ 0x2c
100009fe:	bdf0      	pop	{r4, r5, r6, r7, pc}
10000a00:	00d90000 	.word	0x00d90000
10000a04:	04100339 	.word	0x04100339
10000a08:	50300000 	.word	0x50300000
10000a0c:	20000fb8 	.word	0x20000fb8
10000a10:	10005644 	.word	0x10005644
10000a14:	20000fbc 	.word	0x20000fbc

10000a18 <initVGA>:
10000a18:	e92d 4ff0 	stmdb	sp!, {r4, r5, r6, r7, r8, r9, sl, fp, lr}
10000a1c:	ed2d 8b02 	vpush	{d8}
10000a20:	4602      	mov	r2, r0
10000a22:	460b      	mov	r3, r1
10000a24:	4ca0      	ldr	r4, [pc, #640]	@ (10000ca8 <initVGA+0x290>)
10000a26:	48a1      	ldr	r0, [pc, #644]	@ (10000cac <initVGA+0x294>)
10000a28:	b08f      	sub	sp, #60	@ 0x3c
10000a2a:	49a1      	ldr	r1, [pc, #644]	@ (10000cb0 <initVGA+0x298>)
10000a2c:	6004      	str	r4, [r0, #0]
10000a2e:	4620      	mov	r0, r4
10000a30:	e9cd 2304 	strd	r2, r3, [sp, #16]
10000a34:	f003 fdc0 	bl	100045b8 <pio_add_program>
10000a38:	499e      	ldr	r1, [pc, #632]	@ (10000cb4 <initVGA+0x29c>)
10000a3a:	4681      	mov	r9, r0
10000a3c:	4620      	mov	r0, r4
10000a3e:	f003 fdbb 	bl	100045b8 <pio_add_program>
10000a42:	499d      	ldr	r1, [pc, #628]	@ (10000cb8 <initVGA+0x2a0>)
10000a44:	4680      	mov	r8, r0
10000a46:	4620      	mov	r0, r4
10000a48:	f003 fdb6 	bl	100045b8 <pio_add_program>
10000a4c:	ed9f 8b92 	vldr	d8, [pc, #584]	@ 10000c98 <initVGA+0x280>
10000a50:	4b9a      	ldr	r3, [pc, #616]	@ (10000cbc <initVGA+0x2a4>)
10000a52:	f8df a278 	ldr.w	sl, [pc, #632]	@ 10000ccc <initVGA+0x2b4>
10000a56:	6819      	ldr	r1, [r3, #0]
10000a58:	f8df b274 	ldr.w	fp, [pc, #628]	@ 10000cd0 <initVGA+0x2b8>
10000a5c:	9002      	str	r0, [sp, #8]
10000a5e:	4620      	mov	r0, r4
10000a60:	f003 fd86 	bl	10004570 <pio_sm_claim>
10000a64:	4620      	mov	r0, r4
10000a66:	f8da 1000 	ldr.w	r1, [sl]
10000a6a:	f003 fd81 	bl	10004570 <pio_sm_claim>
10000a6e:	4620      	mov	r0, r4
10000a70:	f8db 1000 	ldr.w	r1, [fp]
10000a74:	f003 fd7c 	bl	10004570 <pio_sm_claim>
10000a78:	f44f 2240 	mov.w	r2, #786432	@ 0xc0000
10000a7c:	2100      	movs	r1, #0
10000a7e:	ed8d 8b06 	vstr	d8, [sp, #24]
10000a82:	f109 0708 	add.w	r7, r9, #8
10000a86:	f109 0301 	add.w	r3, r9, #1
10000a8a:	033f      	lsls	r7, r7, #12
10000a8c:	ea47 17c3 	orr.w	r7, r7, r3, lsl #7
10000a90:	4b8a      	ldr	r3, [pc, #552]	@ (10000cbc <initVGA+0x2a4>)
10000a92:	e9cd 2108 	strd	r2, r1, [sp, #32]
10000a96:	6818      	ldr	r0, [r3, #0]
10000a98:	ad06      	add	r5, sp, #24
10000a9a:	ae0a      	add	r6, sp, #40	@ 0x28
10000a9c:	9003      	str	r0, [sp, #12]
10000a9e:	e895 000f 	ldmia.w	r5, {r0, r1, r2, r3}
10000aa2:	e886 000f 	stmia.w	r6, {r0, r1, r2, r3}
10000aa6:	970b      	str	r7, [sp, #44]	@ 0x2c
10000aa8:	f44f 27c0 	mov.w	r7, #393216	@ 0x60000
10000aac:	e896 000f 	ldmia.w	r6, {r0, r1, r2, r3}
10000ab0:	e885 000f 	stmia.w	r5, {r0, r1, r2, r3}
10000ab4:	9706      	str	r7, [sp, #24]
10000ab6:	2701      	movs	r7, #1
10000ab8:	f8df c218 	ldr.w	ip, [pc, #536]	@ 10000cd4 <initVGA+0x2bc>
10000abc:	2106      	movs	r1, #6
10000abe:	2010      	movs	r0, #16
10000ac0:	f8cd c024 	str.w	ip, [sp, #36]	@ 0x24
10000ac4:	f000 fd96 	bl	100015f4 <gpio_set_function>
10000ac8:	463b      	mov	r3, r7
10000aca:	2210      	movs	r2, #16
10000acc:	9903      	ldr	r1, [sp, #12]
10000ace:	9700      	str	r7, [sp, #0]
10000ad0:	4620      	mov	r0, r4
10000ad2:	f003 fdeb 	bl	100046ac <pio_sm_set_consecutive_pindirs>
10000ad6:	464a      	mov	r2, r9
10000ad8:	462b      	mov	r3, r5
10000ada:	9903      	ldr	r1, [sp, #12]
10000adc:	4620      	mov	r0, r4
10000ade:	f003 fe2b 	bl	10004738 <pio_sm_init>
10000ae2:	f44f 2240 	mov.w	r2, #786432	@ 0xc0000
10000ae6:	f44f 20c0 	mov.w	r0, #393216	@ 0x60000
10000aea:	f108 030d 	add.w	r3, r8, #13
10000aee:	920c      	str	r2, [sp, #48]	@ 0x30
10000af0:	031b      	lsls	r3, r3, #12
10000af2:	eb08 0207 	add.w	r2, r8, r7
10000af6:	ea43 13c2 	orr.w	r3, r3, r2, lsl #7
10000afa:	f023 43c0 	bic.w	r3, r3, #1610612736	@ 0x60000000
10000afe:	f043 4380 	orr.w	r3, r3, #1073741824	@ 0x40000000
10000b02:	f8da 9000 	ldr.w	r9, [sl]
10000b06:	930b      	str	r3, [sp, #44]	@ 0x2c
10000b08:	4b6d      	ldr	r3, [pc, #436]	@ (10000cc0 <initVGA+0x2a8>)
10000b0a:	2106      	movs	r1, #6
10000b0c:	900a      	str	r0, [sp, #40]	@ 0x28
10000b0e:	2011      	movs	r0, #17
10000b10:	930d      	str	r3, [sp, #52]	@ 0x34
10000b12:	f000 fd6f 	bl	100015f4 <gpio_set_function>
10000b16:	463b      	mov	r3, r7
10000b18:	2211      	movs	r2, #17
10000b1a:	4649      	mov	r1, r9
10000b1c:	9700      	str	r7, [sp, #0]
10000b1e:	4620      	mov	r0, r4
10000b20:	f003 fdc4 	bl	100046ac <pio_sm_set_consecutive_pindirs>
10000b24:	4642      	mov	r2, r8
10000b26:	4633      	mov	r3, r6
10000b28:	4649      	mov	r1, r9
10000b2a:	4620      	mov	r0, r4
10000b2c:	f003 fe04 	bl	10004738 <pio_sm_init>
10000b30:	f44f 2240 	mov.w	r2, #786432	@ 0xc0000
10000b34:	2100      	movs	r1, #0
10000b36:	ed8d 8b06 	vstr	d8, [sp, #24]
10000b3a:	ed9f 7b59 	vldr	d7, [pc, #356]	@ 10000ca0 <initVGA+0x288>
10000b3e:	e9cd 2108 	strd	r2, r1, [sp, #32]
10000b42:	9a02      	ldr	r2, [sp, #8]
10000b44:	f8db 8000 	ldr.w	r8, [fp]
10000b48:	f102 0c08 	add.w	ip, r2, #8
10000b4c:	1c93      	adds	r3, r2, #2
10000b4e:	ea4f 3c0c 	mov.w	ip, ip, lsl #12
10000b52:	ea4c 1cc3 	orr.w	ip, ip, r3, lsl #7
10000b56:	e895 000f 	ldmia.w	r5, {r0, r1, r2, r3}
10000b5a:	e886 000f 	stmia.w	r6, {r0, r1, r2, r3}
10000b5e:	f8cd c02c 	str.w	ip, [sp, #44]	@ 0x2c
10000b62:	e896 000f 	ldmia.w	r6, {r0, r1, r2, r3}
10000b66:	e885 000f 	stmia.w	r5, {r0, r1, r2, r3}
10000b6a:	2106      	movs	r1, #6
10000b6c:	2012      	movs	r0, #18
10000b6e:	ed8d 7b08 	vstr	d7, [sp, #32]
10000b72:	f000 fd3f 	bl	100015f4 <gpio_set_function>
10000b76:	2106      	movs	r1, #6
10000b78:	2013      	movs	r0, #19
10000b7a:	f000 fd3b 	bl	100015f4 <gpio_set_function>
10000b7e:	2106      	movs	r1, #6
10000b80:	2014      	movs	r0, #20
10000b82:	f000 fd37 	bl	100015f4 <gpio_set_function>
10000b86:	2303      	movs	r3, #3
10000b88:	2212      	movs	r2, #18
10000b8a:	4641      	mov	r1, r8
10000b8c:	9700      	str	r7, [sp, #0]
10000b8e:	4620      	mov	r0, r4
10000b90:	f003 fd8c 	bl	100046ac <pio_sm_set_consecutive_pindirs>
10000b94:	462b      	mov	r3, r5
10000b96:	9a02      	ldr	r2, [sp, #8]
10000b98:	4641      	mov	r1, r8
10000b9a:	4620      	mov	r0, r4
10000b9c:	f003 fdcc 	bl	10004738 <pio_sm_init>
10000ba0:	4b46      	ldr	r3, [pc, #280]	@ (10000cbc <initVGA+0x2a4>)
10000ba2:	681a      	ldr	r2, [r3, #0]
10000ba4:	f102 0310 	add.w	r3, r2, #16
10000ba8:	409f      	lsls	r7, r3
10000baa:	6863      	ldr	r3, [r4, #4]
10000bac:	423b      	tst	r3, r7
10000bae:	d1fc      	bne.n	10000baa <initVGA+0x192>
10000bb0:	f240 258f 	movw	r5, #655	@ 0x28f
10000bb4:	2101      	movs	r1, #1
10000bb6:	f8da 0000 	ldr.w	r0, [sl]
10000bba:	1d13      	adds	r3, r2, #4
10000bbc:	f844 5023 	str.w	r5, [r4, r3, lsl #2]
10000bc0:	f100 0310 	add.w	r3, r0, #16
10000bc4:	4c38      	ldr	r4, [pc, #224]	@ (10000ca8 <initVGA+0x290>)
10000bc6:	4099      	lsls	r1, r3
10000bc8:	6863      	ldr	r3, [r4, #4]
10000bca:	420b      	tst	r3, r1
10000bcc:	d1fc      	bne.n	10000bc8 <initVGA+0x1b0>
10000bce:	f240 15df 	movw	r5, #479	@ 0x1df
10000bd2:	2101      	movs	r1, #1
10000bd4:	f8db 6000 	ldr.w	r6, [fp]
10000bd8:	1d03      	adds	r3, r0, #4
10000bda:	f844 5023 	str.w	r5, [r4, r3, lsl #2]
10000bde:	f106 0310 	add.w	r3, r6, #16
10000be2:	4d31      	ldr	r5, [pc, #196]	@ (10000ca8 <initVGA+0x290>)
10000be4:	4099      	lsls	r1, r3
10000be6:	686b      	ldr	r3, [r5, #4]
10000be8:	420b      	tst	r3, r1
10000bea:	d1fc      	bne.n	10000be6 <initVGA+0x1ce>
10000bec:	2401      	movs	r4, #1
10000bee:	f240 173f 	movw	r7, #319	@ 0x13f
10000bf2:	fa04 f000 	lsl.w	r0, r4, r0
10000bf6:	fa04 f202 	lsl.w	r2, r4, r2
10000bfa:	1d31      	adds	r1, r6, #4
10000bfc:	4302      	orrs	r2, r0
10000bfe:	fa04 f606 	lsl.w	r6, r4, r6
10000c02:	4332      	orrs	r2, r6
10000c04:	f845 7021 	str.w	r7, [r5, r1, lsl #2]
10000c08:	0211      	lsls	r1, r2, #8
10000c0a:	f401 6170 	and.w	r1, r1, #3840	@ 0xf00
10000c0e:	4b2d      	ldr	r3, [pc, #180]	@ (10000cc4 <initVGA+0x2ac>)
10000c10:	f002 020f 	and.w	r2, r2, #15
10000c14:	430a      	orrs	r2, r1
10000c16:	601a      	str	r2, [r3, #0]
10000c18:	4b24      	ldr	r3, [pc, #144]	@ (10000cac <initVGA+0x294>)
10000c1a:	4620      	mov	r0, r4
10000c1c:	681e      	ldr	r6, [r3, #0]
10000c1e:	f003 fddf 	bl	100047e0 <dma_claim_unused_channel>
10000c22:	4607      	mov	r7, r0
10000c24:	4620      	mov	r0, r4
10000c26:	f003 fddb 	bl	100047e0 <dma_claim_unused_channel>
10000c2a:	f04f 45a0 	mov.w	r5, #1342177280	@ 0x50000000
10000c2e:	4603      	mov	r3, r0
10000c30:	f8db 1000 	ldr.w	r1, [fp]
10000c34:	f8df c0a0 	ldr.w	ip, [pc, #160]	@ 10000cd8 <initVGA+0x2c0>
10000c38:	3104      	adds	r1, #4
10000c3a:	eb06 0681 	add.w	r6, r6, r1, lsl #2
10000c3e:	9904      	ldr	r1, [sp, #16]
10000c40:	4a21      	ldr	r2, [pc, #132]	@ (10000cc8 <initVGA+0x2b0>)
10000c42:	6808      	ldr	r0, [r1, #0]
10000c44:	01b9      	lsls	r1, r7, #6
10000c46:	4429      	add	r1, r5
10000c48:	6008      	str	r0, [r1, #0]
10000c4a:	9805      	ldr	r0, [sp, #20]
10000c4c:	ea0c 3c47 	and.w	ip, ip, r7, lsl #13
10000c50:	604e      	str	r6, [r1, #4]
10000c52:	6088      	str	r0, [r1, #8]
10000c54:	ea02 3043 	and.w	r0, r2, r3, lsl #13
10000c58:	ea4c 3243 	orr.w	r2, ip, r3, lsl #13
10000c5c:	f442 2280 	orr.w	r2, r2, #262144	@ 0x40000
10000c60:	ea40 3047 	orr.w	r0, r0, r7, lsl #13
10000c64:	f042 0211 	orr.w	r2, r2, #17
10000c68:	610a      	str	r2, [r1, #16]
10000c6a:	f440 00fc 	orr.w	r0, r0, #8257536	@ 0x7e0000
10000c6e:	9a04      	ldr	r2, [sp, #16]
10000c70:	019b      	lsls	r3, r3, #6
10000c72:	442b      	add	r3, r5
10000c74:	fa04 f607 	lsl.w	r6, r4, r7
10000c78:	f040 0009 	orr.w	r0, r0, #9
10000c7c:	601a      	str	r2, [r3, #0]
10000c7e:	6059      	str	r1, [r3, #4]
10000c80:	609c      	str	r4, [r3, #8]
10000c82:	6118      	str	r0, [r3, #16]
10000c84:	f8c5 6450 	str.w	r6, [r5, #1104]	@ 0x450
10000c88:	b00f      	add	sp, #60	@ 0x3c
10000c8a:	ecbd 8b02 	vpop	{d8}
10000c8e:	e8bd 8ff0 	ldmia.w	sp!, {r4, r5, r6, r7, r8, r9, sl, fp, pc}
10000c92:	bf00      	nop
10000c94:	f3af 8000 	nop.w
10000c98:	00010000 	.word	0x00010000
10000c9c:	0001f000 	.word	0x0001f000
10000ca0:	400c0000 	.word	0x400c0000
10000ca4:	0c300252 	.word	0x0c300252
10000ca8:	50200000 	.word	0x50200000
10000cac:	20000fb4 	.word	0x20000fb4
10000cb0:	10005698 	.word	0x10005698
10000cb4:	10005674 	.word	0x10005674
10000cb8:	10005658 	.word	0x10005658
10000cbc:	20001000 	.word	0x20001000
10000cc0:	44004620 	.word	0x44004620
10000cc4:	50202000 	.word	0x50202000
10000cc8:	fc7e1ffd 	.word	0xfc7e1ffd
10000ccc:	20000634 	.word	0x20000634
10000cd0:	20000630 	.word	0x20000630
10000cd4:	04000200 	.word	0x04000200
10000cd8:	fc001ffd 	.word	0xfc001ffd

10000cdc <set_vga_data_array>:
10000cdc:	4b02      	ldr	r3, [pc, #8]	@ (10000ce8 <set_vga_data_array+0xc>)
10000cde:	681b      	ldr	r3, [r3, #0]
10000ce0:	6b5b      	ldr	r3, [r3, #52]	@ 0x34
10000ce2:	6298      	str	r0, [r3, #40]	@ 0x28
10000ce4:	4770      	bx	lr
10000ce6:	bf00      	nop
10000ce8:	200011b8 	.word	0x200011b8

10000cec <setTextCursor>:
10000cec:	4b0f      	ldr	r3, [pc, #60]	@ (10000d2c <setTextCursor+0x40>)
10000cee:	681b      	ldr	r3, [r3, #0]
10000cf0:	6b5b      	ldr	r3, [r3, #52]	@ 0x34
10000cf2:	f8b3 c000 	ldrh.w	ip, [r3]
10000cf6:	4560      	cmp	r0, ip
10000cf8:	da17      	bge.n	10000d2a <setTextCursor+0x3e>
10000cfa:	885a      	ldrh	r2, [r3, #2]
10000cfc:	4291      	cmp	r1, r2
10000cfe:	da14      	bge.n	10000d2a <setTextCursor+0x3e>
10000d00:	b500      	push	{lr}
10000d02:	f893 e010 	ldrb.w	lr, [r3, #16]
10000d06:	7c5a      	ldrb	r2, [r3, #17]
10000d08:	685b      	ldr	r3, [r3, #4]
10000d0a:	fb12 f201 	smulbb	r2, r2, r1
10000d0e:	fb1e f100 	smulbb	r1, lr, r0
10000d12:	b280      	uxth	r0, r0
10000d14:	458c      	cmp	ip, r1
10000d16:	bfc8      	it	gt
10000d18:	fb1e f000 	smulbbgt	r0, lr, r0
10000d1c:	b292      	uxth	r2, r2
10000d1e:	bfc8      	it	gt
10000d20:	b280      	uxthgt	r0, r0
10000d22:	8018      	strh	r0, [r3, #0]
10000d24:	805a      	strh	r2, [r3, #2]
10000d26:	f85d fb04 	ldr.w	pc, [sp], #4
10000d2a:	4770      	bx	lr
10000d2c:	200011b8 	.word	0x200011b8

10000d30 <setTextSize>:
10000d30:	2801      	cmp	r0, #1
10000d32:	bf38      	it	cc
10000d34:	2001      	movcc	r0, #1
10000d36:	4b02      	ldr	r3, [pc, #8]	@ (10000d40 <setTextSize+0x10>)
10000d38:	681b      	ldr	r3, [r3, #0]
10000d3a:	6b5b      	ldr	r3, [r3, #52]	@ 0x34
10000d3c:	7498      	strb	r0, [r3, #18]
10000d3e:	4770      	bx	lr
10000d40:	200011b8 	.word	0x200011b8

10000d44 <getTextSize>:
10000d44:	4b02      	ldr	r3, [pc, #8]	@ (10000d50 <getTextSize+0xc>)
10000d46:	681b      	ldr	r3, [r3, #0]
10000d48:	6b5b      	ldr	r3, [r3, #52]	@ 0x34
10000d4a:	7c98      	ldrb	r0, [r3, #18]
10000d4c:	4770      	bx	lr
10000d4e:	bf00      	nop
10000d50:	200011b8 	.word	0x200011b8

10000d54 <set_blink_interval>:
10000d54:	4b02      	ldr	r3, [pc, #8]	@ (10000d60 <set_blink_interval+0xc>)
10000d56:	681b      	ldr	r3, [r3, #0]
10000d58:	6b5b      	ldr	r3, [r3, #52]	@ 0x34
10000d5a:	685b      	ldr	r3, [r3, #4]
10000d5c:	80d8      	strh	r0, [r3, #6]
10000d5e:	4770      	bx	lr
10000d60:	200011b8 	.word	0x200011b8

10000d64 <get_blink_interval>:
10000d64:	4b02      	ldr	r3, [pc, #8]	@ (10000d70 <get_blink_interval+0xc>)
10000d66:	681b      	ldr	r3, [r3, #0]
10000d68:	6b5b      	ldr	r3, [r3, #52]	@ 0x34
10000d6a:	685b      	ldr	r3, [r3, #4]
10000d6c:	88d8      	ldrh	r0, [r3, #6]
10000d6e:	4770      	bx	lr
10000d70:	200011b8 	.word	0x200011b8

10000d74 <setTextCursorVisible>:
10000d74:	4b02      	ldr	r3, [pc, #8]	@ (10000d80 <setTextCursorVisible+0xc>)
10000d76:	681b      	ldr	r3, [r3, #0]
10000d78:	6b5b      	ldr	r3, [r3, #52]	@ 0x34
10000d7a:	685b      	ldr	r3, [r3, #4]
10000d7c:	7118      	strb	r0, [r3, #4]
10000d7e:	4770      	bx	lr
10000d80:	200011b8 	.word	0x200011b8

10000d84 <setTextCursorBlink>:
10000d84:	4b02      	ldr	r3, [pc, #8]	@ (10000d90 <setTextCursorBlink+0xc>)
10000d86:	681b      	ldr	r3, [r3, #0]
10000d88:	6b5b      	ldr	r3, [r3, #52]	@ 0x34
10000d8a:	685b      	ldr	r3, [r3, #4]
10000d8c:	7158      	strb	r0, [r3, #5]
10000d8e:	4770      	bx	lr
10000d90:	200011b8 	.word	0x200011b8

10000d94 <setTextColor>:
10000d94:	4b02      	ldr	r3, [pc, #8]	@ (10000da0 <setTextColor+0xc>)
10000d96:	681b      	ldr	r3, [r3, #0]
10000d98:	6b5b      	ldr	r3, [r3, #52]	@ 0x34
10000d9a:	7618      	strb	r0, [r3, #24]
10000d9c:	7659      	strb	r1, [r3, #25]
10000d9e:	4770      	bx	lr
10000da0:	200011b8 	.word	0x200011b8

10000da4 <getTextColor>:
10000da4:	4b02      	ldr	r3, [pc, #8]	@ (10000db0 <getTextColor+0xc>)
10000da6:	681b      	ldr	r3, [r3, #0]
10000da8:	6b5b      	ldr	r3, [r3, #52]	@ 0x34
10000daa:	7e18      	ldrb	r0, [r3, #24]
10000dac:	4770      	bx	lr
10000dae:	bf00      	nop
10000db0:	200011b8 	.word	0x200011b8

10000db4 <clrscr>:
10000db4:	4b06      	ldr	r3, [pc, #24]	@ (10000dd0 <clrscr+0x1c>)
10000db6:	b510      	push	{r4, lr}
10000db8:	681b      	ldr	r3, [r3, #0]
10000dba:	2100      	movs	r1, #0
10000dbc:	6b5c      	ldr	r4, [r3, #52]	@ 0x34
10000dbe:	69e2      	ldr	r2, [r4, #28]
10000dc0:	6aa0      	ldr	r0, [r4, #40]	@ 0x28
10000dc2:	f003 fff5 	bl	10004db0 <memset>
10000dc6:	2200      	movs	r2, #0
10000dc8:	6863      	ldr	r3, [r4, #4]
10000dca:	601a      	str	r2, [r3, #0]
10000dcc:	bd10      	pop	{r4, pc}
10000dce:	bf00      	nop
10000dd0:	200011b8 	.word	0x200011b8

10000dd4 <drawPixel>:
10000dd4:	4b11      	ldr	r3, [pc, #68]	@ (10000e1c <drawPixel+0x48>)
10000dd6:	b530      	push	{r4, r5, lr}
10000dd8:	681b      	ldr	r3, [r3, #0]
10000dda:	6b5c      	ldr	r4, [r3, #52]	@ 0x34
10000ddc:	ea40 0301 	orr.w	r3, r0, r1
10000de0:	f8b4 e002 	ldrh.w	lr, [r4, #2]
10000de4:	0fdb      	lsrs	r3, r3, #31
10000de6:	458e      	cmp	lr, r1
10000de8:	bfd8      	it	le
10000dea:	f043 0301 	orrle.w	r3, r3, #1
10000dee:	f8b4 c000 	ldrh.w	ip, [r4]
10000df2:	b96b      	cbnz	r3, 10000e10 <drawPixel+0x3c>
10000df4:	4584      	cmp	ip, r0
10000df6:	dd0b      	ble.n	10000e10 <drawPixel+0x3c>
10000df8:	fb01 000c 	mla	r0, r1, ip, r0
10000dfc:	6aa5      	ldr	r5, [r4, #40]	@ 0x28
10000dfe:	1041      	asrs	r1, r0, #1
10000e00:	07c0      	lsls	r0, r0, #31
10000e02:	5c6b      	ldrb	r3, [r5, r1]
10000e04:	d505      	bpl.n	10000e12 <drawPixel+0x3e>
10000e06:	8c20      	ldrh	r0, [r4, #32]
10000e08:	4003      	ands	r3, r0
10000e0a:	ea43 1202 	orr.w	r2, r3, r2, lsl #4
10000e0e:	546a      	strb	r2, [r5, r1]
10000e10:	bd30      	pop	{r4, r5, pc}
10000e12:	8c60      	ldrh	r0, [r4, #34]	@ 0x22
10000e14:	4003      	ands	r3, r0
10000e16:	431a      	orrs	r2, r3
10000e18:	546a      	strb	r2, [r5, r1]
10000e1a:	bd30      	pop	{r4, r5, pc}
10000e1c:	200011b8 	.word	0x200011b8

10000e20 <drawHLine>:
10000e20:	e92d 41f0 	stmdb	sp!, {r4, r5, r6, r7, r8, lr}
10000e24:	4c21      	ldr	r4, [pc, #132]	@ (10000eac <drawHLine+0x8c>)
10000e26:	6824      	ldr	r4, [r4, #0]
10000e28:	f8d4 8034 	ldr.w	r8, [r4, #52]	@ 0x34
10000e2c:	f8b8 c000 	ldrh.w	ip, [r8]
10000e30:	4584      	cmp	ip, r0
10000e32:	dd19      	ble.n	10000e68 <drawHLine+0x48>
10000e34:	461f      	mov	r7, r3
10000e36:	f8b8 3002 	ldrh.w	r3, [r8, #2]
10000e3a:	460e      	mov	r6, r1
10000e3c:	428b      	cmp	r3, r1
10000e3e:	dd13      	ble.n	10000e68 <drawHLine+0x48>
10000e40:	1883      	adds	r3, r0, r2
10000e42:	459c      	cmp	ip, r3
10000e44:	bfb8      	it	lt
10000e46:	ebac 0c00 	sublt.w	ip, ip, r0
10000e4a:	4614      	mov	r4, r2
10000e4c:	bfb8      	it	lt
10000e4e:	f10c 34ff 	addlt.w	r4, ip, #4294967295	@ 0xffffffff
10000e52:	07c2      	lsls	r2, r0, #31
10000e54:	4605      	mov	r5, r0
10000e56:	d420      	bmi.n	10000e9a <drawHLine+0x7a>
10000e58:	07e3      	lsls	r3, r4, #31
10000e5a:	d415      	bmi.n	10000e88 <drawHLine+0x68>
10000e5c:	1062      	asrs	r2, r4, #1
10000e5e:	2a00      	cmp	r2, #0
10000e60:	dd02      	ble.n	10000e68 <drawHLine+0x48>
10000e62:	f5b6 7ff0 	cmp.w	r6, #480	@ 0x1e0
10000e66:	db01      	blt.n	10000e6c <drawHLine+0x4c>
10000e68:	e8bd 81f0 	ldmia.w	sp!, {r4, r5, r6, r7, r8, pc}
10000e6c:	f8d8 0028 	ldr.w	r0, [r8, #40]	@ 0x28
10000e70:	eb06 0686 	add.w	r6, r6, r6, lsl #2
10000e74:	106d      	asrs	r5, r5, #1
10000e76:	eb05 1586 	add.w	r5, r5, r6, lsl #6
10000e7a:	ea47 1107 	orr.w	r1, r7, r7, lsl #4
10000e7e:	4428      	add	r0, r5
10000e80:	e8bd 41f0 	ldmia.w	sp!, {r4, r5, r6, r7, r8, lr}
10000e84:	f003 bf94 	b.w	10004db0 <memset>
10000e88:	1928      	adds	r0, r5, r4
10000e8a:	3801      	subs	r0, #1
10000e8c:	463a      	mov	r2, r7
10000e8e:	b200      	sxth	r0, r0
10000e90:	b231      	sxth	r1, r6
10000e92:	f7ff ff9f 	bl	10000dd4 <drawPixel>
10000e96:	3c01      	subs	r4, #1
10000e98:	e7e0      	b.n	10000e5c <drawHLine+0x3c>
10000e9a:	463a      	mov	r2, r7
10000e9c:	b209      	sxth	r1, r1
10000e9e:	b200      	sxth	r0, r0
10000ea0:	f7ff ff98 	bl	10000dd4 <drawPixel>
10000ea4:	3501      	adds	r5, #1
10000ea6:	3c01      	subs	r4, #1
10000ea8:	e7d6      	b.n	10000e58 <drawHLine+0x38>
10000eaa:	bf00      	nop
10000eac:	200011b8 	.word	0x200011b8

10000eb0 <fillRect>:
10000eb0:	e92d 4ff0 	stmdb	sp!, {r4, r5, r6, r7, r8, r9, sl, fp, lr}
10000eb4:	4c25      	ldr	r4, [pc, #148]	@ (10000f4c <fillRect+0x9c>)
10000eb6:	468a      	mov	sl, r1
10000eb8:	6826      	ldr	r6, [r4, #0]
10000eba:	1859      	adds	r1, r3, r1
10000ebc:	6b74      	ldr	r4, [r6, #52]	@ 0x34
10000ebe:	f89d 7024 	ldrb.w	r7, [sp, #36]	@ 0x24
10000ec2:	8865      	ldrh	r5, [r4, #2]
10000ec4:	42a9      	cmp	r1, r5
10000ec6:	dd03      	ble.n	10000ed0 <fillRect+0x20>
10000ec8:	1e6b      	subs	r3, r5, #1
10000eca:	eba3 030a 	sub.w	r3, r3, sl
10000ece:	b21b      	sxth	r3, r3
10000ed0:	4290      	cmp	r0, r2
10000ed2:	4684      	mov	ip, r0
10000ed4:	dc37      	bgt.n	10000f46 <fillRect+0x96>
10000ed6:	459a      	cmp	sl, r3
10000ed8:	dc35      	bgt.n	10000f46 <fillRect+0x96>
10000eda:	f102 0901 	add.w	r9, r2, #1
10000ede:	1c5d      	adds	r5, r3, #1
10000ee0:	ea4f 1807 	mov.w	r8, r7, lsl #4
10000ee4:	4653      	mov	r3, sl
10000ee6:	fa0f f18c 	sxth.w	r1, ip
10000eea:	e009      	b.n	10000f00 <fillRect+0x50>
10000eec:	8c22      	ldrh	r2, [r4, #32]
10000eee:	4002      	ands	r2, r0
10000ef0:	ea42 0208 	orr.w	r2, r2, r8
10000ef4:	f80b 200e 	strb.w	r2, [fp, lr]
10000ef8:	3301      	adds	r3, #1
10000efa:	42ab      	cmp	r3, r5
10000efc:	d01d      	beq.n	10000f3a <fillRect+0x8a>
10000efe:	6b74      	ldr	r4, [r6, #52]	@ 0x34
10000f00:	8822      	ldrh	r2, [r4, #0]
10000f02:	8860      	ldrh	r0, [r4, #2]
10000f04:	ea41 0e03 	orr.w	lr, r1, r3
10000f08:	4562      	cmp	r2, ip
10000f0a:	bfc8      	it	gt
10000f0c:	4298      	cmpgt	r0, r3
10000f0e:	ddf3      	ble.n	10000ef8 <fillRect+0x48>
10000f10:	f41e 4f00 	tst.w	lr, #32768	@ 0x8000
10000f14:	d1f0      	bne.n	10000ef8 <fillRect+0x48>
10000f16:	fb03 c202 	mla	r2, r3, r2, ip
10000f1a:	f8d4 b028 	ldr.w	fp, [r4, #40]	@ 0x28
10000f1e:	ea4f 0e62 	mov.w	lr, r2, asr #1
10000f22:	07d2      	lsls	r2, r2, #31
10000f24:	f81b 000e 	ldrb.w	r0, [fp, lr]
10000f28:	d4e0      	bmi.n	10000eec <fillRect+0x3c>
10000f2a:	8c62      	ldrh	r2, [r4, #34]	@ 0x22
10000f2c:	3301      	adds	r3, #1
10000f2e:	4010      	ands	r0, r2
10000f30:	4338      	orrs	r0, r7
10000f32:	42ab      	cmp	r3, r5
10000f34:	f80b 000e 	strb.w	r0, [fp, lr]
10000f38:	d1e1      	bne.n	10000efe <fillRect+0x4e>
10000f3a:	f10c 0c01 	add.w	ip, ip, #1
10000f3e:	45cc      	cmp	ip, r9
10000f40:	d001      	beq.n	10000f46 <fillRect+0x96>
10000f42:	6b74      	ldr	r4, [r6, #52]	@ 0x34
10000f44:	e7ce      	b.n	10000ee4 <fillRect+0x34>
10000f46:	e8bd 8ff0 	ldmia.w	sp!, {r4, r5, r6, r7, r8, r9, sl, fp, pc}
10000f4a:	bf00      	nop
10000f4c:	200011b8 	.word	0x200011b8

10000f50 <drawChar2>:
10000f50:	e92d 4ff0 	stmdb	sp!, {r4, r5, r6, r7, r8, r9, sl, fp, lr}
10000f54:	4691      	mov	r9, r2
10000f56:	469a      	mov	sl, r3
10000f58:	4b45      	ldr	r3, [pc, #276]	@ (10001070 <drawChar2+0x120>)
10000f5a:	b089      	sub	sp, #36	@ 0x24
10000f5c:	681c      	ldr	r4, [r3, #0]
10000f5e:	f89d 5048 	ldrb.w	r5, [sp, #72]	@ 0x48
10000f62:	f8d4 b034 	ldr.w	fp, [r4, #52]	@ 0x34
10000f66:	2208      	movs	r2, #8
10000f68:	2310      	movs	r3, #16
10000f6a:	4607      	mov	r7, r0
10000f6c:	4688      	mov	r8, r1
10000f6e:	9500      	str	r5, [sp, #0]
10000f70:	b200      	sxth	r0, r0
10000f72:	b209      	sxth	r1, r1
10000f74:	f7ff ff9c 	bl	10000eb0 <fillRect>
10000f78:	f89b 6011 	ldrb.w	r6, [fp, #17]
10000f7c:	fb19 f206 	smulbb	r2, r9, r6
10000f80:	2e00      	cmp	r6, #0
10000f82:	d071      	beq.n	10001068 <drawChar2+0x118>
10000f84:	493b      	ldr	r1, [pc, #236]	@ (10001074 <drawChar2+0x124>)
10000f86:	1e56      	subs	r6, r2, #1
10000f88:	440e      	add	r6, r1
10000f8a:	f1c1 0101 	rsb	r1, r1, #1
10000f8e:	1a8a      	subs	r2, r1, r2
10000f90:	fa5f fa8a 	uxtb.w	sl, sl
10000f94:	0129      	lsls	r1, r5, #4
10000f96:	b2bb      	uxth	r3, r7
10000f98:	9104      	str	r1, [sp, #16]
10000f9a:	ea4f 110a 	mov.w	r1, sl, lsl #4
10000f9e:	e9cd 1b05 	strd	r1, fp, [sp, #20]
10000fa2:	4619      	mov	r1, r3
10000fa4:	fa1f f888 	uxth.w	r8, r8
10000fa8:	9207      	str	r2, [sp, #28]
10000faa:	f816 bf01 	ldrb.w	fp, [r6, #1]!
10000fae:	460a      	mov	r2, r1
10000fb0:	2707      	movs	r7, #7
10000fb2:	fa0f f988 	sxth.w	r9, r8
10000fb6:	9603      	str	r6, [sp, #12]
10000fb8:	e015      	b.n	10000fe6 <drawChar2+0x96>
10000fba:	b97b      	cbnz	r3, 10000fdc <drawChar2+0x8c>
10000fbc:	fb0e 0009 	mla	r0, lr, r9, r0
10000fc0:	f8d6 e028 	ldr.w	lr, [r6, #40]	@ 0x28
10000fc4:	ea4f 0c60 	mov.w	ip, r0, asr #1
10000fc8:	07c0      	lsls	r0, r0, #31
10000fca:	f81e 300c 	ldrb.w	r3, [lr, ip]
10000fce:	d533      	bpl.n	10001038 <drawChar2+0xe8>
10000fd0:	8c30      	ldrh	r0, [r6, #32]
10000fd2:	4018      	ands	r0, r3
10000fd4:	9b05      	ldr	r3, [sp, #20]
10000fd6:	4318      	orrs	r0, r3
10000fd8:	f80e 000c 	strb.w	r0, [lr, ip]
10000fdc:	3f01      	subs	r7, #1
10000fde:	3201      	adds	r2, #1
10000fe0:	1c7b      	adds	r3, r7, #1
10000fe2:	b292      	uxth	r2, r2
10000fe4:	d035      	beq.n	10001052 <drawChar2+0x102>
10000fe6:	6b66      	ldr	r6, [r4, #52]	@ 0x34
10000fe8:	ea42 0008 	orr.w	r0, r2, r8
10000fec:	8873      	ldrh	r3, [r6, #2]
10000fee:	f8b6 e000 	ldrh.w	lr, [r6]
10000ff2:	4599      	cmp	r9, r3
10000ff4:	bfb4      	ite	lt
10000ff6:	2300      	movlt	r3, #0
10000ff8:	2301      	movge	r3, #1
10000ffa:	fa4b fc07 	asr.w	ip, fp, r7
10000ffe:	ea43 33d0 	orr.w	r3, r3, r0, lsr #15
10001002:	b210      	sxth	r0, r2
10001004:	4586      	cmp	lr, r0
10001006:	bfd8      	it	le
10001008:	f043 0301 	orrle.w	r3, r3, #1
1000100c:	f01c 0f01 	tst.w	ip, #1
10001010:	d1d3      	bne.n	10000fba <drawChar2+0x6a>
10001012:	2b00      	cmp	r3, #0
10001014:	d1e2      	bne.n	10000fdc <drawChar2+0x8c>
10001016:	fb0e 0009 	mla	r0, lr, r9, r0
1000101a:	f8d6 e028 	ldr.w	lr, [r6, #40]	@ 0x28
1000101e:	ea4f 0c60 	mov.w	ip, r0, asr #1
10001022:	07c0      	lsls	r0, r0, #31
10001024:	f81e 300c 	ldrb.w	r3, [lr, ip]
10001028:	d50d      	bpl.n	10001046 <drawChar2+0xf6>
1000102a:	8c30      	ldrh	r0, [r6, #32]
1000102c:	4018      	ands	r0, r3
1000102e:	9b04      	ldr	r3, [sp, #16]
10001030:	4318      	orrs	r0, r3
10001032:	f80e 000c 	strb.w	r0, [lr, ip]
10001036:	e7d1      	b.n	10000fdc <drawChar2+0x8c>
10001038:	8c70      	ldrh	r0, [r6, #34]	@ 0x22
1000103a:	4003      	ands	r3, r0
1000103c:	ea4a 0303 	orr.w	r3, sl, r3
10001040:	f80e 300c 	strb.w	r3, [lr, ip]
10001044:	e7ca      	b.n	10000fdc <drawChar2+0x8c>
10001046:	8c70      	ldrh	r0, [r6, #34]	@ 0x22
10001048:	4003      	ands	r3, r0
1000104a:	432b      	orrs	r3, r5
1000104c:	f80e 300c 	strb.w	r3, [lr, ip]
10001050:	e7c4      	b.n	10000fdc <drawChar2+0x8c>
10001052:	9b06      	ldr	r3, [sp, #24]
10001054:	9e03      	ldr	r6, [sp, #12]
10001056:	7c58      	ldrb	r0, [r3, #17]
10001058:	9b07      	ldr	r3, [sp, #28]
1000105a:	f108 0801 	add.w	r8, r8, #1
1000105e:	199a      	adds	r2, r3, r6
10001060:	4290      	cmp	r0, r2
10001062:	fa1f f888 	uxth.w	r8, r8
10001066:	dca0      	bgt.n	10000faa <drawChar2+0x5a>
10001068:	b009      	add	sp, #36	@ 0x24
1000106a:	e8bd 8ff0 	ldmia.w	sp!, {r4, r5, r6, r7, r8, r9, sl, fp, pc}
1000106e:	bf00      	nop
10001070:	200011b8 	.word	0x200011b8
10001074:	100056b4 	.word	0x100056b4

10001078 <drawChar>:
10001078:	e92d 4ff0 	stmdb	sp!, {r4, r5, r6, r7, r8, r9, sl, fp, lr}
1000107c:	4c77      	ldr	r4, [pc, #476]	@ (1000125c <drawChar+0x1e4>)
1000107e:	2b02      	cmp	r3, #2
10001080:	f8d4 9000 	ldr.w	r9, [r4]
10001084:	4688      	mov	r8, r1
10001086:	f8d9 4034 	ldr.w	r4, [r9, #52]	@ 0x34
1000108a:	4616      	mov	r6, r2
1000108c:	6865      	ldr	r5, [r4, #4]
1000108e:	b087      	sub	sp, #28
10001090:	882f      	ldrh	r7, [r5, #0]
10001092:	f8b5 b002 	ldrh.w	fp, [r5, #2]
10001096:	d00a      	beq.n	100010ae <drawChar+0x36>
10001098:	4602      	mov	r2, r0
1000109a:	9301      	str	r3, [sp, #4]
1000109c:	4638      	mov	r0, r7
1000109e:	460b      	mov	r3, r1
100010a0:	9600      	str	r6, [sp, #0]
100010a2:	4659      	mov	r1, fp
100010a4:	f7ff ff54 	bl	10000f50 <drawChar2>
100010a8:	b007      	add	sp, #28
100010aa:	e8bd 8ff0 	ldmia.w	sp!, {r4, r5, r6, r7, r8, r9, sl, fp, pc}
100010ae:	8823      	ldrh	r3, [r4, #0]
100010b0:	b23a      	sxth	r2, r7
100010b2:	429a      	cmp	r2, r3
100010b4:	4615      	mov	r5, r2
100010b6:	daf7      	bge.n	100010a8 <drawChar+0x30>
100010b8:	8863      	ldrh	r3, [r4, #2]
100010ba:	fa0f f18b 	sxth.w	r1, fp
100010be:	4299      	cmp	r1, r3
100010c0:	daf2      	bge.n	100010a8 <drawChar+0x30>
100010c2:	f112 0f0b 	cmn.w	r2, #11
100010c6:	dbef      	blt.n	100010a8 <drawChar+0x30>
100010c8:	f111 0f0f 	cmn.w	r1, #15
100010cc:	dbec      	blt.n	100010a8 <drawChar+0x30>
100010ce:	f101 0c10 	add.w	ip, r1, #16
100010d2:	4563      	cmp	r3, ip
100010d4:	bfaf      	iteee	ge
100010d6:	f04f 0a10 	movge.w	sl, #16
100010da:	f103 3aff 	addlt.w	sl, r3, #4294967295	@ 0xffffffff
100010de:	ebaa 0a0b 	sublt.w	sl, sl, fp
100010e2:	fa1f fa8a 	uxthlt.w	sl, sl
100010e6:	2a10      	cmp	r2, #16
100010e8:	fa0f fa8a 	sxth.w	sl, sl
100010ec:	dc3b      	bgt.n	10001166 <drawChar+0xee>
100010ee:	4551      	cmp	r1, sl
100010f0:	dc39      	bgt.n	10001166 <drawChar+0xee>
100010f2:	e9cd 7b03 	strd	r7, fp, [sp, #12]
100010f6:	f10a 0a01 	add.w	sl, sl, #1
100010fa:	460b      	mov	r3, r1
100010fc:	4693      	mov	fp, r2
100010fe:	e009      	b.n	10001114 <drawChar+0x9c>
10001100:	8c24      	ldrh	r4, [r4, #32]
10001102:	ea0e 0404 	and.w	r4, lr, r4
10001106:	f802 400c 	strb.w	r4, [r2, ip]
1000110a:	3301      	adds	r3, #1
1000110c:	4553      	cmp	r3, sl
1000110e:	d021      	beq.n	10001154 <drawChar+0xdc>
10001110:	f8d9 4034 	ldr.w	r4, [r9, #52]	@ 0x34
10001114:	8827      	ldrh	r7, [r4, #0]
10001116:	f8b4 c002 	ldrh.w	ip, [r4, #2]
1000111a:	42af      	cmp	r7, r5
1000111c:	bf8c      	ite	hi
1000111e:	2200      	movhi	r2, #0
10001120:	2201      	movls	r2, #1
10001122:	459c      	cmp	ip, r3
10001124:	bfd8      	it	le
10001126:	f042 0201 	orrle.w	r2, r2, #1
1000112a:	2a00      	cmp	r2, #0
1000112c:	d1ed      	bne.n	1000110a <drawChar+0x92>
1000112e:	2b00      	cmp	r3, #0
10001130:	dbeb      	blt.n	1000110a <drawChar+0x92>
10001132:	fb03 5707 	mla	r7, r3, r7, r5
10001136:	6aa2      	ldr	r2, [r4, #40]	@ 0x28
10001138:	ea4f 0c67 	mov.w	ip, r7, asr #1
1000113c:	07ff      	lsls	r7, r7, #31
1000113e:	f812 e00c 	ldrb.w	lr, [r2, ip]
10001142:	d4dd      	bmi.n	10001100 <drawChar+0x88>
10001144:	8c64      	ldrh	r4, [r4, #34]	@ 0x22
10001146:	3301      	adds	r3, #1
10001148:	ea0e 0e04 	and.w	lr, lr, r4
1000114c:	4553      	cmp	r3, sl
1000114e:	f802 e00c 	strb.w	lr, [r2, ip]
10001152:	d1dd      	bne.n	10001110 <drawChar+0x98>
10001154:	3501      	adds	r5, #1
10001156:	2d11      	cmp	r5, #17
10001158:	465a      	mov	r2, fp
1000115a:	d002      	beq.n	10001162 <drawChar+0xea>
1000115c:	f8d9 4034 	ldr.w	r4, [r9, #52]	@ 0x34
10001160:	e7cb      	b.n	100010fa <drawChar+0x82>
10001162:	e9dd 7b03 	ldrd	r7, fp, [sp, #12]
10001166:	45b0      	cmp	r8, r6
10001168:	eb00 0080 	add.w	r0, r0, r0, lsl #2
1000116c:	d049      	beq.n	10001202 <drawChar+0x18a>
1000116e:	4b3c      	ldr	r3, [pc, #240]	@ (10001260 <drawChar+0x1e8>)
10001170:	f10b 0910 	add.w	r9, fp, #16
10001174:	eb00 0a03 	add.w	sl, r0, r3
10001178:	f107 000a 	add.w	r0, r7, #10
1000117c:	b283      	uxth	r3, r0
1000117e:	9304      	str	r3, [sp, #16]
10001180:	4630      	mov	r0, r6
10001182:	4613      	mov	r3, r2
10001184:	4646      	mov	r6, r8
10001186:	4652      	mov	r2, sl
10001188:	46b8      	mov	r8, r7
1000118a:	46da      	mov	sl, fp
1000118c:	4607      	mov	r7, r0
1000118e:	469b      	mov	fp, r3
10001190:	fa1f f989 	uxth.w	r9, r9
10001194:	9105      	str	r1, [sp, #20]
10001196:	f812 5b01 	ldrb.w	r5, [r2], #1
1000119a:	f8cd 800c 	str.w	r8, [sp, #12]
1000119e:	4654      	mov	r4, sl
100011a0:	4690      	mov	r8, r2
100011a2:	2302      	movs	r3, #2
100011a4:	07ea      	lsls	r2, r5, #31
100011a6:	b221      	sxth	r1, r4
100011a8:	f104 0402 	add.w	r4, r4, #2
100011ac:	bf4c      	ite	mi
100011ae:	9600      	strmi	r6, [sp, #0]
100011b0:	9700      	strpl	r7, [sp, #0]
100011b2:	4658      	mov	r0, fp
100011b4:	461a      	mov	r2, r3
100011b6:	b2a4      	uxth	r4, r4
100011b8:	f7ff fe7a 	bl	10000eb0 <fillRect>
100011bc:	45a1      	cmp	r9, r4
100011be:	ea4f 0555 	mov.w	r5, r5, lsr #1
100011c2:	d1ee      	bne.n	100011a2 <drawChar+0x12a>
100011c4:	4642      	mov	r2, r8
100011c6:	f8dd 800c 	ldr.w	r8, [sp, #12]
100011ca:	f108 0302 	add.w	r3, r8, #2
100011ce:	fa1f f883 	uxth.w	r8, r3
100011d2:	9b04      	ldr	r3, [sp, #16]
100011d4:	4598      	cmp	r8, r3
100011d6:	d13e      	bne.n	10001256 <drawChar+0x1de>
100011d8:	463e      	mov	r6, r7
100011da:	46d3      	mov	fp, sl
100011dc:	9905      	ldr	r1, [sp, #20]
100011de:	fa0f f788 	sxth.w	r7, r8
100011e2:	e001      	b.n	100011e8 <drawChar+0x170>
100011e4:	fa0f f18b 	sxth.w	r1, fp
100011e8:	2302      	movs	r3, #2
100011ea:	f10b 0b02 	add.w	fp, fp, #2
100011ee:	4638      	mov	r0, r7
100011f0:	461a      	mov	r2, r3
100011f2:	9600      	str	r6, [sp, #0]
100011f4:	fa1f fb8b 	uxth.w	fp, fp
100011f8:	f7ff fe5a 	bl	10000eb0 <fillRect>
100011fc:	45d9      	cmp	r9, fp
100011fe:	d1f1      	bne.n	100011e4 <drawChar+0x16c>
10001200:	e752      	b.n	100010a8 <drawChar+0x30>
10001202:	4e17      	ldr	r6, [pc, #92]	@ (10001260 <drawChar+0x1e8>)
10001204:	f107 0a0a 	add.w	sl, r7, #10
10001208:	4406      	add	r6, r0
1000120a:	fa1f fa8a 	uxth.w	sl, sl
1000120e:	f8cd a00c 	str.w	sl, [sp, #12]
10001212:	46b2      	mov	sl, r6
10001214:	4646      	mov	r6, r8
10001216:	4690      	mov	r8, r2
10001218:	f10b 0910 	add.w	r9, fp, #16
1000121c:	fa1f f989 	uxth.w	r9, r9
10001220:	465c      	mov	r4, fp
10001222:	f81a 5b01 	ldrb.w	r5, [sl], #1
10001226:	07e9      	lsls	r1, r5, #31
10001228:	d506      	bpl.n	10001238 <drawChar+0x1c0>
1000122a:	2302      	movs	r3, #2
1000122c:	4640      	mov	r0, r8
1000122e:	461a      	mov	r2, r3
10001230:	9600      	str	r6, [sp, #0]
10001232:	b221      	sxth	r1, r4
10001234:	f7ff fe3c 	bl	10000eb0 <fillRect>
10001238:	3402      	adds	r4, #2
1000123a:	b2a4      	uxth	r4, r4
1000123c:	45a1      	cmp	r9, r4
1000123e:	ea4f 0555 	mov.w	r5, r5, lsr #1
10001242:	d1f0      	bne.n	10001226 <drawChar+0x1ae>
10001244:	9b03      	ldr	r3, [sp, #12]
10001246:	3702      	adds	r7, #2
10001248:	b2bf      	uxth	r7, r7
1000124a:	42bb      	cmp	r3, r7
1000124c:	f43f af2c 	beq.w	100010a8 <drawChar+0x30>
10001250:	fa0f f887 	sxth.w	r8, r7
10001254:	e7e4      	b.n	10001220 <drawChar+0x1a8>
10001256:	fa0f fb88 	sxth.w	fp, r8
1000125a:	e79c      	b.n	10001196 <drawChar+0x11e>
1000125c:	200011b8 	.word	0x200011b8
10001260:	10005ed4 	.word	0x10005ed4

10001264 <printString>:
10001264:	e92d 41f0 	stmdb	sp!, {r4, r5, r6, r7, r8, lr}
10001268:	4605      	mov	r5, r0
1000126a:	7800      	ldrb	r0, [r0, #0]
1000126c:	b318      	cbz	r0, 100012b6 <printString+0x52>
1000126e:	4b1f      	ldr	r3, [pc, #124]	@ (100012ec <printString+0x88>)
10001270:	f64f 78fa 	movw	r8, #65530	@ 0xfffa
10001274:	2700      	movs	r7, #0
10001276:	681e      	ldr	r6, [r3, #0]
10001278:	e00f      	b.n	1000129a <printString+0x36>
1000127a:	280d      	cmp	r0, #13
1000127c:	d00a      	beq.n	10001294 <printString+0x30>
1000127e:	2809      	cmp	r0, #9
10001280:	d11b      	bne.n	100012ba <printString+0x56>
10001282:	6862      	ldr	r2, [r4, #4]
10001284:	f894 0024 	ldrb.w	r0, [r4, #36]	@ 0x24
10001288:	8813      	ldrh	r3, [r2, #0]
1000128a:	8821      	ldrh	r1, [r4, #0]
1000128c:	4403      	add	r3, r0
1000128e:	428b      	cmp	r3, r1
10001290:	da00      	bge.n	10001294 <printString+0x30>
10001292:	8013      	strh	r3, [r2, #0]
10001294:	f815 0f01 	ldrb.w	r0, [r5, #1]!
10001298:	b168      	cbz	r0, 100012b6 <printString+0x52>
1000129a:	280a      	cmp	r0, #10
1000129c:	6b74      	ldr	r4, [r6, #52]	@ 0x34
1000129e:	d1ec      	bne.n	1000127a <printString+0x16>
100012a0:	6863      	ldr	r3, [r4, #4]
100012a2:	7ca1      	ldrb	r1, [r4, #18]
100012a4:	885a      	ldrh	r2, [r3, #2]
100012a6:	801f      	strh	r7, [r3, #0]
100012a8:	eb02 02c1 	add.w	r2, r2, r1, lsl #3
100012ac:	805a      	strh	r2, [r3, #2]
100012ae:	f815 0f01 	ldrb.w	r0, [r5, #1]!
100012b2:	2800      	cmp	r0, #0
100012b4:	d1f1      	bne.n	1000129a <printString+0x36>
100012b6:	e8bd 81f0 	ldmia.w	sp!, {r4, r5, r6, r7, r8, pc}
100012ba:	7ca3      	ldrb	r3, [r4, #18]
100012bc:	7e62      	ldrb	r2, [r4, #25]
100012be:	7e21      	ldrb	r1, [r4, #24]
100012c0:	f7ff feda 	bl	10001078 <drawChar>
100012c4:	6861      	ldr	r1, [r4, #4]
100012c6:	7ca2      	ldrb	r2, [r4, #18]
100012c8:	7c20      	ldrb	r0, [r4, #16]
100012ca:	880b      	ldrh	r3, [r1, #0]
100012cc:	fb00 3302 	mla	r3, r0, r2, r3
100012d0:	8820      	ldrh	r0, [r4, #0]
100012d2:	b29b      	uxth	r3, r3
100012d4:	fb12 0208 	smlabb	r2, r2, r8, r0
100012d8:	4293      	cmp	r3, r2
100012da:	800b      	strh	r3, [r1, #0]
100012dc:	ddda      	ble.n	10001294 <printString+0x30>
100012de:	2200      	movs	r2, #0
100012e0:	7c63      	ldrb	r3, [r4, #17]
100012e2:	800a      	strh	r2, [r1, #0]
100012e4:	884a      	ldrh	r2, [r1, #2]
100012e6:	4413      	add	r3, r2
100012e8:	804b      	strh	r3, [r1, #2]
100012ea:	e7d3      	b.n	10001294 <printString+0x30>
100012ec:	200011b8 	.word	0x200011b8

100012f0 <pchar>:
100012f0:	4b1b      	ldr	r3, [pc, #108]	@ (10001360 <pchar+0x70>)
100012f2:	280a      	cmp	r0, #10
100012f4:	681b      	ldr	r3, [r3, #0]
100012f6:	b510      	push	{r4, lr}
100012f8:	6b5c      	ldr	r4, [r3, #52]	@ 0x34
100012fa:	d00d      	beq.n	10001318 <pchar+0x28>
100012fc:	280d      	cmp	r0, #13
100012fe:	d00a      	beq.n	10001316 <pchar+0x26>
10001300:	2809      	cmp	r0, #9
10001302:	d112      	bne.n	1000132a <pchar+0x3a>
10001304:	6862      	ldr	r2, [r4, #4]
10001306:	f894 0024 	ldrb.w	r0, [r4, #36]	@ 0x24
1000130a:	8813      	ldrh	r3, [r2, #0]
1000130c:	8821      	ldrh	r1, [r4, #0]
1000130e:	4403      	add	r3, r0
10001310:	428b      	cmp	r3, r1
10001312:	da00      	bge.n	10001316 <pchar+0x26>
10001314:	8013      	strh	r3, [r2, #0]
10001316:	bd10      	pop	{r4, pc}
10001318:	2100      	movs	r1, #0
1000131a:	6863      	ldr	r3, [r4, #4]
1000131c:	7ca0      	ldrb	r0, [r4, #18]
1000131e:	885a      	ldrh	r2, [r3, #2]
10001320:	8019      	strh	r1, [r3, #0]
10001322:	eb02 02c0 	add.w	r2, r2, r0, lsl #3
10001326:	805a      	strh	r2, [r3, #2]
10001328:	bd10      	pop	{r4, pc}
1000132a:	7ca3      	ldrb	r3, [r4, #18]
1000132c:	7e62      	ldrb	r2, [r4, #25]
1000132e:	7e21      	ldrb	r1, [r4, #24]
10001330:	f7ff fea2 	bl	10001078 <drawChar>
10001334:	f64f 7cfa 	movw	ip, #65530	@ 0xfffa
10001338:	6861      	ldr	r1, [r4, #4]
1000133a:	7ca2      	ldrb	r2, [r4, #18]
1000133c:	7c20      	ldrb	r0, [r4, #16]
1000133e:	880b      	ldrh	r3, [r1, #0]
10001340:	fb00 3302 	mla	r3, r0, r2, r3
10001344:	8820      	ldrh	r0, [r4, #0]
10001346:	b29b      	uxth	r3, r3
10001348:	fb12 020c 	smlabb	r2, r2, ip, r0
1000134c:	4293      	cmp	r3, r2
1000134e:	800b      	strh	r3, [r1, #0]
10001350:	dde1      	ble.n	10001316 <pchar+0x26>
10001352:	2200      	movs	r2, #0
10001354:	7c63      	ldrb	r3, [r4, #17]
10001356:	8848      	ldrh	r0, [r1, #2]
10001358:	800a      	strh	r2, [r1, #0]
1000135a:	4403      	add	r3, r0
1000135c:	804b      	strh	r3, [r1, #2]
1000135e:	bd10      	pop	{r4, pc}
10001360:	200011b8 	.word	0x200011b8

10001364 <put_cursor>:
10001364:	4b11      	ldr	r3, [pc, #68]	@ (100013ac <put_cursor+0x48>)
10001366:	b570      	push	{r4, r5, r6, lr}
10001368:	681b      	ldr	r3, [r3, #0]
1000136a:	b082      	sub	sp, #8
1000136c:	6b5c      	ldr	r4, [r3, #52]	@ 0x34
1000136e:	6862      	ldr	r2, [r4, #4]
10001370:	7e23      	ldrb	r3, [r4, #24]
10001372:	7915      	ldrb	r5, [r2, #4]
10001374:	f8b2 c000 	ldrh.w	ip, [r2]
10001378:	8851      	ldrh	r1, [r2, #2]
1000137a:	7e66      	ldrb	r6, [r4, #25]
1000137c:	b165      	cbz	r5, 10001398 <put_cursor+0x34>
1000137e:	4604      	mov	r4, r0
10001380:	7950      	ldrb	r0, [r2, #5]
10001382:	b100      	cbz	r0, 10001386 <put_cursor+0x22>
10001384:	b144      	cbz	r4, 10001398 <put_cursor+0x34>
10001386:	2401      	movs	r4, #1
10001388:	7a12      	ldrb	r2, [r2, #8]
1000138a:	4660      	mov	r0, ip
1000138c:	9600      	str	r6, [sp, #0]
1000138e:	9401      	str	r4, [sp, #4]
10001390:	f7ff fdde 	bl	10000f50 <drawChar2>
10001394:	b002      	add	sp, #8
10001396:	bd70      	pop	{r4, r5, r6, pc}
10001398:	2401      	movs	r4, #1
1000139a:	4660      	mov	r0, ip
1000139c:	2220      	movs	r2, #32
1000139e:	9600      	str	r6, [sp, #0]
100013a0:	9401      	str	r4, [sp, #4]
100013a2:	f7ff fdd5 	bl	10000f50 <drawChar2>
100013a6:	b002      	add	sp, #8
100013a8:	bd70      	pop	{r4, r5, r6, pc}
100013aa:	bf00      	nop
100013ac:	200011b8 	.word	0x200011b8

100013b0 <create_screen>:
100013b0:	e92d 43f8 	stmdb	sp!, {r3, r4, r5, r6, r7, r8, r9, lr}
100013b4:	4680      	mov	r8, r0
100013b6:	2038      	movs	r0, #56	@ 0x38
100013b8:	460f      	mov	r7, r1
100013ba:	4691      	mov	r9, r2
100013bc:	f001 fbce 	bl	10002b5c <__wrap_malloc>
100013c0:	4605      	mov	r5, r0
100013c2:	4e27      	ldr	r6, [pc, #156]	@ (10001460 <create_screen+0xb0>)
100013c4:	202c      	movs	r0, #44	@ 0x2c
100013c6:	6035      	str	r5, [r6, #0]
100013c8:	f001 fbc8 	bl	10002b5c <__wrap_malloc>
100013cc:	4604      	mov	r4, r0
100013ce:	2d00      	cmp	r5, #0
100013d0:	d03d      	beq.n	1000144e <create_screen+0x9e>
100013d2:	2800      	cmp	r0, #0
100013d4:	d03b      	beq.n	1000144e <create_screen+0x9e>
100013d6:	6368      	str	r0, [r5, #52]	@ 0x34
100013d8:	f000 f8ce 	bl	10001578 <create_default_cursor>
100013dc:	2307      	movs	r3, #7
100013de:	8323      	strh	r3, [r4, #24]
100013e0:	4b20      	ldr	r3, [pc, #128]	@ (10001464 <create_screen+0xb4>)
100013e2:	6060      	str	r0, [r4, #4]
100013e4:	681b      	ldr	r3, [r3, #0]
100013e6:	f1b8 0f00 	cmp.w	r8, #0
100013ea:	d02e      	beq.n	1000144a <create_screen+0x9a>
100013ec:	491e      	ldr	r1, [pc, #120]	@ (10001468 <create_screen+0xb8>)
100013ee:	4a1f      	ldr	r2, [pc, #124]	@ (1000146c <create_screen+0xbc>)
100013f0:	60e3      	str	r3, [r4, #12]
100013f2:	6222      	str	r2, [r4, #32]
100013f4:	f241 0208 	movw	r2, #4104	@ 0x1008
100013f8:	8222      	strh	r2, [r4, #16]
100013fa:	2201      	movs	r2, #1
100013fc:	74a2      	strb	r2, [r4, #18]
100013fe:	2204      	movs	r2, #4
10001400:	6830      	ldr	r0, [r6, #0]
10001402:	f884 2024 	strb.w	r2, [r4, #36]	@ 0x24
10001406:	4b1a      	ldr	r3, [pc, #104]	@ (10001470 <create_screen+0xc0>)
10001408:	4a1a      	ldr	r2, [pc, #104]	@ (10001474 <create_screen+0xc4>)
1000140a:	6021      	str	r1, [r4, #0]
1000140c:	6162      	str	r2, [r4, #20]
1000140e:	f8c4 901c 	str.w	r9, [r4, #28]
10001412:	62a7      	str	r7, [r4, #40]	@ 0x28
10001414:	4918      	ldr	r1, [pc, #96]	@ (10001478 <create_screen+0xc8>)
10001416:	4a19      	ldr	r2, [pc, #100]	@ (1000147c <create_screen+0xcc>)
10001418:	4d19      	ldr	r5, [pc, #100]	@ (10001480 <create_screen+0xd0>)
1000141a:	6003      	str	r3, [r0, #0]
1000141c:	4b19      	ldr	r3, [pc, #100]	@ (10001484 <create_screen+0xd4>)
1000141e:	4c1a      	ldr	r4, [pc, #104]	@ (10001488 <create_screen+0xd8>)
10001420:	e9c0 2303 	strd	r2, r3, [r0, #12]
10001424:	e9c0 5101 	strd	r5, r1, [r0, #4]
10001428:	4a18      	ldr	r2, [pc, #96]	@ (1000148c <create_screen+0xdc>)
1000142a:	4919      	ldr	r1, [pc, #100]	@ (10001490 <create_screen+0xe0>)
1000142c:	4b19      	ldr	r3, [pc, #100]	@ (10001494 <create_screen+0xe4>)
1000142e:	e9c0 4105 	strd	r4, r1, [r0, #20]
10001432:	e9c0 2309 	strd	r2, r3, [r0, #36]	@ 0x24
10001436:	4c18      	ldr	r4, [pc, #96]	@ (10001498 <create_screen+0xe8>)
10001438:	4918      	ldr	r1, [pc, #96]	@ (1000149c <create_screen+0xec>)
1000143a:	4a19      	ldr	r2, [pc, #100]	@ (100014a0 <create_screen+0xf0>)
1000143c:	4b19      	ldr	r3, [pc, #100]	@ (100014a4 <create_screen+0xf4>)
1000143e:	e9c0 4107 	strd	r4, r1, [r0, #28]
10001442:	e9c0 230b 	strd	r2, r3, [r0, #44]	@ 0x2c
10001446:	e8bd 83f8 	ldmia.w	sp!, {r3, r4, r5, r6, r7, r8, r9, pc}
1000144a:	4917      	ldr	r1, [pc, #92]	@ (100014a8 <create_screen+0xf8>)
1000144c:	e7cf      	b.n	100013ee <create_screen+0x3e>
1000144e:	4628      	mov	r0, r5
10001450:	f001 fba0 	bl	10002b94 <__wrap_free>
10001454:	4620      	mov	r0, r4
10001456:	f001 fb9d 	bl	10002b94 <__wrap_free>
1000145a:	2000      	movs	r0, #0
1000145c:	e7f3      	b.n	10001446 <create_screen+0x96>
1000145e:	bf00      	nop
10001460:	200011b8 	.word	0x200011b8
10001464:	20000638 	.word	0x20000638
10001468:	01e00280 	.word	0x01e00280
1000146c:	00f0000f 	.word	0x00f0000f
10001470:	10001265 	.word	0x10001265
10001474:	100056b4 	.word	0x100056b4
10001478:	10000da5 	.word	0x10000da5
1000147c:	10000d31 	.word	0x10000d31
10001480:	10000d95 	.word	0x10000d95
10001484:	10000d45 	.word	0x10000d45
10001488:	10000ced 	.word	0x10000ced
1000148c:	10000d75 	.word	0x10000d75
10001490:	10000db5 	.word	0x10000db5
10001494:	10000d85 	.word	0x10000d85
10001498:	10000d65 	.word	0x10000d65
1000149c:	10000d55 	.word	0x10000d55
100014a0:	100012f1 	.word	0x100012f1
100014a4:	10000cdd 	.word	0x10000cdd
100014a8:	00f00140 	.word	0x00f00140

100014ac <bus_try_get_event32>:
100014ac:	2301      	movs	r3, #1
100014ae:	4684      	mov	ip, r0
100014b0:	3208      	adds	r2, #8
100014b2:	6848      	ldr	r0, [r1, #4]
100014b4:	b500      	push	{lr}
100014b6:	fa03 fe02 	lsl.w	lr, r3, r2
100014ba:	ea1e 0f00 	tst.w	lr, r0
100014be:	bf05      	ittet	eq
100014c0:	f851 2022 	ldreq.w	r2, [r1, r2, lsl #2]
100014c4:	4618      	moveq	r0, r3
100014c6:	2000      	movne	r0, #0
100014c8:	f8cc 2000 	streq.w	r2, [ip]
100014cc:	f85d fb04 	ldr.w	pc, [sp], #4

100014d0 <set_x>:
100014d0:	f5b0 7f20 	cmp.w	r0, #640	@ 0x280
100014d4:	d202      	bcs.n	100014dc <set_x+0xc>
100014d6:	4b02      	ldr	r3, [pc, #8]	@ (100014e0 <set_x+0x10>)
100014d8:	681b      	ldr	r3, [r3, #0]
100014da:	8018      	strh	r0, [r3, #0]
100014dc:	4770      	bx	lr
100014de:	bf00      	nop
100014e0:	200011b0 	.word	0x200011b0

100014e4 <set_y>:
100014e4:	f5b0 7ff0 	cmp.w	r0, #480	@ 0x1e0
100014e8:	d202      	bcs.n	100014f0 <set_y+0xc>
100014ea:	4b02      	ldr	r3, [pc, #8]	@ (100014f4 <set_y+0x10>)
100014ec:	681b      	ldr	r3, [r3, #0]
100014ee:	8058      	strh	r0, [r3, #2]
100014f0:	4770      	bx	lr
100014f2:	bf00      	nop
100014f4:	200011b0 	.word	0x200011b0

100014f8 <set_position>:
100014f8:	f5b0 7f20 	cmp.w	r0, #640	@ 0x280
100014fc:	d202      	bcs.n	10001504 <set_position+0xc>
100014fe:	4b05      	ldr	r3, [pc, #20]	@ (10001514 <set_position+0x1c>)
10001500:	681b      	ldr	r3, [r3, #0]
10001502:	8018      	strh	r0, [r3, #0]
10001504:	f5b1 7ff0 	cmp.w	r1, #480	@ 0x1e0
10001508:	d202      	bcs.n	10001510 <set_position+0x18>
1000150a:	4b02      	ldr	r3, [pc, #8]	@ (10001514 <set_position+0x1c>)
1000150c:	681b      	ldr	r3, [r3, #0]
1000150e:	8059      	strh	r1, [r3, #2]
10001510:	4770      	bx	lr
10001512:	bf00      	nop
10001514:	200011b0 	.word	0x200011b0

10001518 <set_visible>:
10001518:	4b01      	ldr	r3, [pc, #4]	@ (10001520 <set_visible+0x8>)
1000151a:	681b      	ldr	r3, [r3, #0]
1000151c:	7118      	strb	r0, [r3, #4]
1000151e:	4770      	bx	lr
10001520:	200011b0 	.word	0x200011b0

10001524 <set_blink>:
10001524:	4b01      	ldr	r3, [pc, #4]	@ (1000152c <set_blink+0x8>)
10001526:	681b      	ldr	r3, [r3, #0]
10001528:	7158      	strb	r0, [r3, #5]
1000152a:	4770      	bx	lr
1000152c:	200011b0 	.word	0x200011b0

10001530 <set_blink_interval>:
10001530:	4b01      	ldr	r3, [pc, #4]	@ (10001538 <set_blink_interval+0x8>)
10001532:	681b      	ldr	r3, [r3, #0]
10001534:	80d8      	strh	r0, [r3, #6]
10001536:	4770      	bx	lr
10001538:	200011b0 	.word	0x200011b0

1000153c <get_blink_interval>:
1000153c:	4b01      	ldr	r3, [pc, #4]	@ (10001544 <get_blink_interval+0x8>)
1000153e:	681b      	ldr	r3, [r3, #0]
10001540:	88d8      	ldrh	r0, [r3, #6]
10001542:	4770      	bx	lr
10001544:	200011b0 	.word	0x200011b0

10001548 <set_shape>:
10001548:	4b01      	ldr	r3, [pc, #4]	@ (10001550 <set_shape+0x8>)
1000154a:	681b      	ldr	r3, [r3, #0]
1000154c:	7218      	strb	r0, [r3, #8]
1000154e:	4770      	bx	lr
10001550:	200011b0 	.word	0x200011b0

10001554 <get_x>:
10001554:	4b01      	ldr	r3, [pc, #4]	@ (1000155c <get_x+0x8>)
10001556:	681b      	ldr	r3, [r3, #0]
10001558:	8818      	ldrh	r0, [r3, #0]
1000155a:	4770      	bx	lr
1000155c:	200011b0 	.word	0x200011b0

10001560 <get_y>:
10001560:	4b01      	ldr	r3, [pc, #4]	@ (10001568 <get_y+0x8>)
10001562:	681b      	ldr	r3, [r3, #0]
10001564:	8858      	ldrh	r0, [r3, #2]
10001566:	4770      	bx	lr
10001568:	200011b0 	.word	0x200011b0

1000156c <is_visible>:
1000156c:	4b01      	ldr	r3, [pc, #4]	@ (10001574 <is_visible+0x8>)
1000156e:	681b      	ldr	r3, [r3, #0]
10001570:	7918      	ldrb	r0, [r3, #4]
10001572:	4770      	bx	lr
10001574:	200011b0 	.word	0x200011b0

10001578 <create_default_cursor>:
10001578:	b510      	push	{r4, lr}
1000157a:	2038      	movs	r0, #56	@ 0x38
1000157c:	f001 faee 	bl	10002b5c <__wrap_malloc>
10001580:	b1e8      	cbz	r0, 100015be <create_default_cursor+0x46>
10001582:	2200      	movs	r2, #0
10001584:	2380      	movs	r3, #128	@ 0x80
10001586:	4c0e      	ldr	r4, [pc, #56]	@ (100015c0 <create_default_cursor+0x48>)
10001588:	490e      	ldr	r1, [pc, #56]	@ (100015c4 <create_default_cursor+0x4c>)
1000158a:	6020      	str	r0, [r4, #0]
1000158c:	6041      	str	r1, [r0, #4]
1000158e:	4c0e      	ldr	r4, [pc, #56]	@ (100015c8 <create_default_cursor+0x50>)
10001590:	490e      	ldr	r1, [pc, #56]	@ (100015cc <create_default_cursor+0x54>)
10001592:	6002      	str	r2, [r0, #0]
10001594:	e9c0 4103 	strd	r4, r1, [r0, #12]
10001598:	4c0d      	ldr	r4, [pc, #52]	@ (100015d0 <create_default_cursor+0x58>)
1000159a:	490e      	ldr	r1, [pc, #56]	@ (100015d4 <create_default_cursor+0x5c>)
1000159c:	7203      	strb	r3, [r0, #8]
1000159e:	e9c0 4105 	strd	r4, r1, [r0, #20]
100015a2:	4c0d      	ldr	r4, [pc, #52]	@ (100015d8 <create_default_cursor+0x60>)
100015a4:	490d      	ldr	r1, [pc, #52]	@ (100015dc <create_default_cursor+0x64>)
100015a6:	e9c0 4107 	strd	r4, r1, [r0, #28]
100015aa:	4c0d      	ldr	r4, [pc, #52]	@ (100015e0 <create_default_cursor+0x68>)
100015ac:	490d      	ldr	r1, [pc, #52]	@ (100015e4 <create_default_cursor+0x6c>)
100015ae:	6344      	str	r4, [r0, #52]	@ 0x34
100015b0:	6241      	str	r1, [r0, #36]	@ 0x24
100015b2:	4c0d      	ldr	r4, [pc, #52]	@ (100015e8 <create_default_cursor+0x70>)
100015b4:	490d      	ldr	r1, [pc, #52]	@ (100015ec <create_default_cursor+0x74>)
100015b6:	e9c0 410a 	strd	r4, r1, [r0, #40]	@ 0x28
100015ba:	490d      	ldr	r1, [pc, #52]	@ (100015f0 <create_default_cursor+0x78>)
100015bc:	6301      	str	r1, [r0, #48]	@ 0x30
100015be:	bd10      	pop	{r4, pc}
100015c0:	200011b0 	.word	0x200011b0
100015c4:	00fa0101 	.word	0x00fa0101
100015c8:	100014d1 	.word	0x100014d1
100015cc:	100014e5 	.word	0x100014e5
100015d0:	100014f9 	.word	0x100014f9
100015d4:	10001519 	.word	0x10001519
100015d8:	10001525 	.word	0x10001525
100015dc:	10001531 	.word	0x10001531
100015e0:	1000153d 	.word	0x1000153d
100015e4:	10001549 	.word	0x10001549
100015e8:	10001555 	.word	0x10001555
100015ec:	10001561 	.word	0x10001561
100015f0:	1000156d 	.word	0x1000156d

100015f4 <gpio_set_function>:
100015f4:	b410      	push	{r4}
100015f6:	f44f 7480 	mov.w	r4, #256	@ 0x100
100015fa:	4b0c      	ldr	r3, [pc, #48]	@ (1000162c <gpio_set_function+0x38>)
100015fc:	f853 2020 	ldr.w	r2, [r3, r0, lsl #2]
10001600:	eb03 0380 	add.w	r3, r3, r0, lsl #2
10001604:	00c0      	lsls	r0, r0, #3
10001606:	f082 0240 	eor.w	r2, r2, #64	@ 0x40
1000160a:	f100 4080 	add.w	r0, r0, #1073741824	@ 0x40000000
1000160e:	f503 5c80 	add.w	ip, r3, #4096	@ 0x1000
10001612:	f002 02c0 	and.w	r2, r2, #192	@ 0xc0
10001616:	f500 3020 	add.w	r0, r0, #163840	@ 0x28000
1000161a:	f503 5340 	add.w	r3, r3, #12288	@ 0x3000
1000161e:	f8cc 2000 	str.w	r2, [ip]
10001622:	6041      	str	r1, [r0, #4]
10001624:	601c      	str	r4, [r3, #0]
10001626:	f85d 4b04 	ldr.w	r4, [sp], #4
1000162a:	4770      	bx	lr
1000162c:	40038004 	.word	0x40038004

10001630 <gpio_set_pulls>:
10001630:	b410      	push	{r4}
10001632:	4c08      	ldr	r4, [pc, #32]	@ (10001654 <gpio_set_pulls+0x24>)
10001634:	00c9      	lsls	r1, r1, #3
10001636:	ea41 0182 	orr.w	r1, r1, r2, lsl #2
1000163a:	f854 2020 	ldr.w	r2, [r4, r0, lsl #2]
1000163e:	eb04 0380 	add.w	r3, r4, r0, lsl #2
10001642:	4051      	eors	r1, r2
10001644:	f503 5380 	add.w	r3, r3, #4096	@ 0x1000
10001648:	f001 010c 	and.w	r1, r1, #12
1000164c:	f85d 4b04 	ldr.w	r4, [sp], #4
10001650:	6019      	str	r1, [r3, #0]
10001652:	4770      	bx	lr
10001654:	40038004 	.word	0x40038004

10001658 <panic>:
10001658:	b40f      	push	{r0, r1, r2, r3}
1000165a:	b500      	push	{lr}
1000165c:	b083      	sub	sp, #12
1000165e:	9c04      	ldr	r4, [sp, #16]
10001660:	4807      	ldr	r0, [pc, #28]	@ (10001680 <panic+0x28>)
10001662:	f002 ff67 	bl	10004534 <__wrap_puts>
10001666:	b13c      	cbz	r4, 10001678 <panic+0x20>
10001668:	a905      	add	r1, sp, #20
1000166a:	4620      	mov	r0, r4
1000166c:	9101      	str	r1, [sp, #4]
1000166e:	f002 fe05 	bl	1000427c <weak_raw_vprintf>
10001672:	4804      	ldr	r0, [pc, #16]	@ (10001684 <panic+0x2c>)
10001674:	f002 ff5e 	bl	10004534 <__wrap_puts>
10001678:	2001      	movs	r0, #1
1000167a:	f002 fe17 	bl	100042ac <_exit>
1000167e:	bf00      	nop
10001680:	10005510 	.word	0x10005510
10001684:	10005520 	.word	0x10005520

10001688 <hw_claim_lock>:
10001688:	f3ef 8010 	mrs	r0, PRIMASK
1000168c:	b672      	cpsid	i
1000168e:	4b06      	ldr	r3, [pc, #24]	@ (100016a8 <hw_claim_lock+0x20>)
10001690:	e8d3 1fcf 	ldaexb	r1, [r3]
10001694:	2201      	movs	r2, #1
10001696:	2900      	cmp	r1, #0
10001698:	d1fa      	bne.n	10001690 <hw_claim_lock+0x8>
1000169a:	e8c3 2f41 	strexb	r1, r2, [r3]
1000169e:	2900      	cmp	r1, #0
100016a0:	d1f6      	bne.n	10001690 <hw_claim_lock+0x8>
100016a2:	f3bf 8f5f 	dmb	sy
100016a6:	4770      	bx	lr
100016a8:	20000f93 	.word	0x20000f93

100016ac <hw_claim_unlock>:
100016ac:	2300      	movs	r3, #0
100016ae:	4a03      	ldr	r2, [pc, #12]	@ (100016bc <hw_claim_unlock+0x10>)
100016b0:	e8c2 3f8f 	stlb	r3, [r2]
100016b4:	f380 8810 	msr	PRIMASK, r0
100016b8:	4770      	bx	lr
100016ba:	bf00      	nop
100016bc:	20000f93 	.word	0x20000f93

100016c0 <hw_claim_or_assert>:
100016c0:	b570      	push	{r4, r5, r6, lr}
100016c2:	4686      	mov	lr, r0
100016c4:	f3ef 8510 	mrs	r5, PRIMASK
100016c8:	b672      	cpsid	i
100016ca:	4c12      	ldr	r4, [pc, #72]	@ (10001714 <hw_claim_or_assert+0x54>)
100016cc:	e8d4 6fcf 	ldaexb	r6, [r4]
100016d0:	2001      	movs	r0, #1
100016d2:	2e00      	cmp	r6, #0
100016d4:	d1fa      	bne.n	100016cc <hw_claim_or_assert+0xc>
100016d6:	e8c4 0f46 	strexb	r6, r0, [r4]
100016da:	2e00      	cmp	r6, #0
100016dc:	d1f6      	bne.n	100016cc <hw_claim_or_assert+0xc>
100016de:	f3bf 8f5f 	dmb	sy
100016e2:	f04f 0c01 	mov.w	ip, #1
100016e6:	08c8      	lsrs	r0, r1, #3
100016e8:	f001 0307 	and.w	r3, r1, #7
100016ec:	fa0c f303 	lsl.w	r3, ip, r3
100016f0:	f81e c000 	ldrb.w	ip, [lr, r0]
100016f4:	ea1c 0603 	ands.w	r6, ip, r3
100016f8:	d108      	bne.n	1000170c <hw_claim_or_assert+0x4c>
100016fa:	ea4c 0c03 	orr.w	ip, ip, r3
100016fe:	f80e c000 	strb.w	ip, [lr, r0]
10001702:	e8c4 6f8f 	stlb	r6, [r4]
10001706:	f385 8810 	msr	PRIMASK, r5
1000170a:	bd70      	pop	{r4, r5, r6, pc}
1000170c:	4610      	mov	r0, r2
1000170e:	f7ff ffa3 	bl	10001658 <panic>
10001712:	bf00      	nop
10001714:	20000f93 	.word	0x20000f93

10001718 <hw_claim_unused_from_range>:
10001718:	b5f8      	push	{r3, r4, r5, r6, r7, lr}
1000171a:	f3ef 8710 	mrs	r7, PRIMASK
1000171e:	b672      	cpsid	i
10001720:	4e1c      	ldr	r6, [pc, #112]	@ (10001794 <hw_claim_unused_from_range+0x7c>)
10001722:	e8d6 5fcf 	ldaexb	r5, [r6]
10001726:	2401      	movs	r4, #1
10001728:	2d00      	cmp	r5, #0
1000172a:	d1fa      	bne.n	10001722 <hw_claim_unused_from_range+0xa>
1000172c:	e8c6 4f45 	strexb	r5, r4, [r6]
10001730:	2d00      	cmp	r5, #0
10001732:	d1f6      	bne.n	10001722 <hw_claim_unused_from_range+0xa>
10001734:	f3bf 8f5f 	dmb	sy
10001738:	429a      	cmp	r2, r3
1000173a:	d81b      	bhi.n	10001774 <hw_claim_unused_from_range+0x5c>
1000173c:	2501      	movs	r5, #1
1000173e:	e002      	b.n	10001746 <hw_claim_unused_from_range+0x2e>
10001740:	3201      	adds	r2, #1
10001742:	4293      	cmp	r3, r2
10001744:	d322      	bcc.n	1000178c <hw_claim_unused_from_range+0x74>
10001746:	08d4      	lsrs	r4, r2, #3
10001748:	f810 e004 	ldrb.w	lr, [r0, r4]
1000174c:	f002 0c07 	and.w	ip, r2, #7
10001750:	fa05 fc0c 	lsl.w	ip, r5, ip
10001754:	ea1e 0f0c 	tst.w	lr, ip
10001758:	d1f2      	bne.n	10001740 <hw_claim_unused_from_range+0x28>
1000175a:	ea4e 0e0c 	orr.w	lr, lr, ip
1000175e:	f800 e004 	strb.w	lr, [r0, r4]
10001762:	4610      	mov	r0, r2
10001764:	2300      	movs	r3, #0
10001766:	e8c6 3f8f 	stlb	r3, [r6]
1000176a:	f387 8810 	msr	PRIMASK, r7
1000176e:	4298      	cmp	r0, r3
10001770:	db07      	blt.n	10001782 <hw_claim_unused_from_range+0x6a>
10001772:	bdf8      	pop	{r3, r4, r5, r6, r7, pc}
10001774:	2300      	movs	r3, #0
10001776:	e8c6 3f8f 	stlb	r3, [r6]
1000177a:	f387 8810 	msr	PRIMASK, r7
1000177e:	f04f 30ff 	mov.w	r0, #4294967295	@ 0xffffffff
10001782:	2900      	cmp	r1, #0
10001784:	d0f5      	beq.n	10001772 <hw_claim_unused_from_range+0x5a>
10001786:	9806      	ldr	r0, [sp, #24]
10001788:	f7ff ff66 	bl	10001658 <panic>
1000178c:	f04f 30ff 	mov.w	r0, #4294967295	@ 0xffffffff
10001790:	e7e8      	b.n	10001764 <hw_claim_unused_from_range+0x4c>
10001792:	bf00      	nop
10001794:	20000f93 	.word	0x20000f93

10001798 <next_striped_spin_lock_num>:
10001798:	4a04      	ldr	r2, [pc, #16]	@ (100017ac <next_striped_spin_lock_num+0x14>)
1000179a:	7810      	ldrb	r0, [r2, #0]
1000179c:	1c43      	adds	r3, r0, #1
1000179e:	b2db      	uxtb	r3, r3
100017a0:	2b18      	cmp	r3, #24
100017a2:	bf28      	it	cs
100017a4:	2310      	movcs	r3, #16
100017a6:	7013      	strb	r3, [r2, #0]
100017a8:	4770      	bx	lr
100017aa:	bf00      	nop
100017ac:	2000063c 	.word	0x2000063c

100017b0 <spinlock_set_extexclall>:
100017b0:	f04f 22e0 	mov.w	r2, #3758153728	@ 0xe000e000
100017b4:	6893      	ldr	r3, [r2, #8]
100017b6:	f043 5300 	orr.w	r3, r3, #536870912	@ 0x20000000
100017ba:	6093      	str	r3, [r2, #8]
100017bc:	4770      	bx	lr
100017be:	bf00      	nop

100017c0 <spin_locks_reset>:
100017c0:	2100      	movs	r1, #0
100017c2:	4b04      	ldr	r3, [pc, #16]	@ (100017d4 <spin_locks_reset+0x14>)
100017c4:	f103 0220 	add.w	r2, r3, #32
100017c8:	e8c3 1f8f 	stlb	r1, [r3]
100017cc:	3301      	adds	r3, #1
100017ce:	4293      	cmp	r3, r2
100017d0:	d1fa      	bne.n	100017c8 <spin_locks_reset+0x8>
100017d2:	4770      	bx	lr
100017d4:	20000f88 	.word	0x20000f88

100017d8 <runtime_init_per_core_irq_priorities>:
100017d8:	f04f 23e0 	mov.w	r3, #3758153728	@ 0xe000e000
100017dc:	f04f 3280 	mov.w	r2, #2155905152	@ 0x80808080
100017e0:	f8c3 2400 	str.w	r2, [r3, #1024]	@ 0x400
100017e4:	f8c3 2404 	str.w	r2, [r3, #1028]	@ 0x404
100017e8:	f8c3 2408 	str.w	r2, [r3, #1032]	@ 0x408
100017ec:	f8c3 240c 	str.w	r2, [r3, #1036]	@ 0x40c
100017f0:	f8c3 2410 	str.w	r2, [r3, #1040]	@ 0x410
100017f4:	f8c3 2414 	str.w	r2, [r3, #1044]	@ 0x414
100017f8:	f8c3 2418 	str.w	r2, [r3, #1048]	@ 0x418
100017fc:	f8c3 241c 	str.w	r2, [r3, #1052]	@ 0x41c
10001800:	f8c3 2420 	str.w	r2, [r3, #1056]	@ 0x420
10001804:	f8c3 2424 	str.w	r2, [r3, #1060]	@ 0x424
10001808:	f8c3 2428 	str.w	r2, [r3, #1064]	@ 0x428
1000180c:	f8c3 242c 	str.w	r2, [r3, #1068]	@ 0x42c
10001810:	f8c3 2430 	str.w	r2, [r3, #1072]	@ 0x430
10001814:	b662      	cpsie	i
10001816:	4770      	bx	lr

10001818 <irq_set_enabled>:
10001818:	2301      	movs	r3, #1
1000181a:	f000 021f 	and.w	r2, r0, #31
1000181e:	4093      	lsls	r3, r2
10001820:	0940      	lsrs	r0, r0, #5
10001822:	b141      	cbz	r1, 10001836 <irq_set_enabled+0x1e>
10001824:	0080      	lsls	r0, r0, #2
10001826:	f100 4060 	add.w	r0, r0, #3758096384	@ 0xe0000000
1000182a:	f500 4061 	add.w	r0, r0, #57600	@ 0xe100
1000182e:	f8c0 3180 	str.w	r3, [r0, #384]	@ 0x180
10001832:	6003      	str	r3, [r0, #0]
10001834:	4770      	bx	lr
10001836:	4a02      	ldr	r2, [pc, #8]	@ (10001840 <irq_set_enabled+0x28>)
10001838:	3020      	adds	r0, #32
1000183a:	f842 3020 	str.w	r3, [r2, r0, lsl #2]
1000183e:	4770      	bx	lr
10001840:	e000e100 	.word	0xe000e100

10001844 <irq_set_exclusive_handler>:
10001844:	b5f8      	push	{r3, r4, r5, r6, r7, lr}
10001846:	460d      	mov	r5, r1
10001848:	f3ef 8710 	mrs	r7, PRIMASK
1000184c:	b672      	cpsid	i
1000184e:	4e12      	ldr	r6, [pc, #72]	@ (10001898 <irq_set_exclusive_handler+0x54>)
10001850:	e8d6 2fcf 	ldaexb	r2, [r6]
10001854:	2301      	movs	r3, #1
10001856:	2a00      	cmp	r2, #0
10001858:	d1fa      	bne.n	10001850 <irq_set_exclusive_handler+0xc>
1000185a:	e8c6 3f42 	strexb	r2, r3, [r6]
1000185e:	2a00      	cmp	r2, #0
10001860:	d1f6      	bne.n	10001850 <irq_set_exclusive_handler+0xc>
10001862:	f3bf 8f5f 	dmb	sy
10001866:	4b0d      	ldr	r3, [pc, #52]	@ (1000189c <irq_set_exclusive_handler+0x58>)
10001868:	f100 0410 	add.w	r4, r0, #16
1000186c:	689b      	ldr	r3, [r3, #8]
1000186e:	4a0c      	ldr	r2, [pc, #48]	@ (100018a0 <irq_set_exclusive_handler+0x5c>)
10001870:	f853 3024 	ldr.w	r3, [r3, r4, lsl #2]
10001874:	4293      	cmp	r3, r2
10001876:	d003      	beq.n	10001880 <irq_set_exclusive_handler+0x3c>
10001878:	4299      	cmp	r1, r3
1000187a:	d001      	beq.n	10001880 <irq_set_exclusive_handler+0x3c>
1000187c:	f000 fef6 	bl	1000266c <hard_assertion_failure>
10001880:	4b06      	ldr	r3, [pc, #24]	@ (1000189c <irq_set_exclusive_handler+0x58>)
10001882:	689b      	ldr	r3, [r3, #8]
10001884:	f843 5024 	str.w	r5, [r3, r4, lsl #2]
10001888:	f3bf 8f5f 	dmb	sy
1000188c:	2300      	movs	r3, #0
1000188e:	e8c6 3f8f 	stlb	r3, [r6]
10001892:	f387 8810 	msr	PRIMASK, r7
10001896:	bdf8      	pop	{r3, r4, r5, r6, r7, pc}
10001898:	20000f91 	.word	0x20000f91
1000189c:	e000ed00 	.word	0xe000ed00
100018a0:	10000111 	.word	0x10000111

100018a4 <lock_init>:
100018a4:	4b01      	ldr	r3, [pc, #4]	@ (100018ac <lock_init+0x8>)
100018a6:	440b      	add	r3, r1
100018a8:	6003      	str	r3, [r0, #0]
100018aa:	4770      	bx	lr
100018ac:	20000f88 	.word	0x20000f88

100018b0 <runtime_init_mutex>:
100018b0:	b570      	push	{r4, r5, r6, lr}
100018b2:	4c10      	ldr	r4, [pc, #64]	@ (100018f4 <runtime_init_mutex+0x44>)
100018b4:	4d10      	ldr	r5, [pc, #64]	@ (100018f8 <runtime_init_mutex+0x48>)
100018b6:	42ac      	cmp	r4, r5
100018b8:	d20e      	bcs.n	100018d8 <runtime_init_mutex+0x28>
100018ba:	26ff      	movs	r6, #255	@ 0xff
100018bc:	6823      	ldr	r3, [r4, #0]
100018be:	b163      	cbz	r3, 100018da <runtime_init_mutex+0x2a>
100018c0:	f7ff ff6a 	bl	10001798 <next_striped_spin_lock_num>
100018c4:	4601      	mov	r1, r0
100018c6:	4620      	mov	r0, r4
100018c8:	f7ff ffec 	bl	100018a4 <lock_init>
100018cc:	80a6      	strh	r6, [r4, #4]
100018ce:	f3bf 8f5f 	dmb	sy
100018d2:	3408      	adds	r4, #8
100018d4:	42ac      	cmp	r4, r5
100018d6:	d3f1      	bcc.n	100018bc <runtime_init_mutex+0xc>
100018d8:	bd70      	pop	{r4, r5, r6, pc}
100018da:	f7ff ff5d 	bl	10001798 <next_striped_spin_lock_num>
100018de:	4601      	mov	r1, r0
100018e0:	4620      	mov	r0, r4
100018e2:	f7ff ffdf 	bl	100018a4 <lock_init>
100018e6:	7126      	strb	r6, [r4, #4]
100018e8:	f3bf 8f5f 	dmb	sy
100018ec:	3408      	adds	r4, #8
100018ee:	42ac      	cmp	r4, r5
100018f0:	d3e4      	bcc.n	100018bc <runtime_init_mutex+0xc>
100018f2:	bd70      	pop	{r4, r5, r6, pc}
100018f4:	20000bb0 	.word	0x20000bb0
100018f8:	20000bc0 	.word	0x20000bc0

100018fc <sleep_until_callback>:
100018fc:	4b0d      	ldr	r3, [pc, #52]	@ (10001934 <sleep_until_callback+0x38>)
100018fe:	681a      	ldr	r2, [r3, #0]
10001900:	f3ef 8110 	mrs	r1, PRIMASK
10001904:	b672      	cpsid	i
10001906:	e8d2 cfcf 	ldaexb	ip, [r2]
1000190a:	2001      	movs	r0, #1
1000190c:	f1bc 0f00 	cmp.w	ip, #0
10001910:	d1f9      	bne.n	10001906 <sleep_until_callback+0xa>
10001912:	e8c2 0f4c 	strexb	ip, r0, [r2]
10001916:	f1bc 0f00 	cmp.w	ip, #0
1000191a:	d1f4      	bne.n	10001906 <sleep_until_callback+0xa>
1000191c:	f3bf 8f5f 	dmb	sy
10001920:	2200      	movs	r2, #0
10001922:	681b      	ldr	r3, [r3, #0]
10001924:	e8c3 2f8f 	stlb	r2, [r3]
10001928:	f381 8810 	msr	PRIMASK, r1
1000192c:	bf40      	sev
1000192e:	2000      	movs	r0, #0
10001930:	2100      	movs	r1, #0
10001932:	4770      	bx	lr
10001934:	200011ac 	.word	0x200011ac

10001938 <alarm_pool_irq_handler>:
10001938:	e92d 4ff0 	stmdb	sp!, {r4, r5, r6, r7, r8, r9, sl, fp, lr}
1000193c:	ed2d 8b02 	vpush	{d8}
10001940:	b085      	sub	sp, #20
10001942:	f3ef 8305 	mrs	r3, IPSR
10001946:	b2db      	uxtb	r3, r3
10001948:	3b10      	subs	r3, #16
1000194a:	089a      	lsrs	r2, r3, #2
1000194c:	bf18      	it	ne
1000194e:	2201      	movne	r2, #1
10001950:	f04f 0101 	mov.w	r1, #1
10001954:	f003 0b03 	and.w	fp, r3, #3
10001958:	bf18      	it	ne
1000195a:	4daf      	ldrne	r5, [pc, #700]	@ (10001c18 <alarm_pool_irq_handler+0x2e0>)
1000195c:	4baf      	ldr	r3, [pc, #700]	@ (10001c1c <alarm_pool_irq_handler+0x2e4>)
1000195e:	bf08      	it	eq
10001960:	4daf      	ldreq	r5, [pc, #700]	@ (10001c20 <alarm_pool_irq_handler+0x2e8>)
10001962:	eb0b 0282 	add.w	r2, fp, r2, lsl #2
10001966:	f853 6022 	ldr.w	r6, [r3, r2, lsl #2]
1000196a:	fa01 f20b 	lsl.w	r2, r1, fp
1000196e:	f505 5341 	add.w	r3, r5, #12352	@ 0x3040
10001972:	ed9f 8ba7 	vldr	d8, [pc, #668]	@ 10001c10 <alarm_pool_irq_handler+0x2d8>
10001976:	9201      	str	r2, [sp, #4]
10001978:	605a      	str	r2, [r3, #4]
1000197a:	e02f      	b.n	100019dc <alarm_pool_irq_handler+0xa4>
1000197c:	88b3      	ldrh	r3, [r6, #4]
1000197e:	041c      	lsls	r4, r3, #16
10001980:	f140 8093 	bpl.w	10001aaa <alarm_pool_irq_handler+0x172>
10001984:	79b3      	ldrb	r3, [r6, #6]
10001986:	2b00      	cmp	r3, #0
10001988:	f040 80dd 	bne.w	10001b46 <alarm_pool_irq_handler+0x20e>
1000198c:	f9b6 2008 	ldrsh.w	r2, [r6, #8]
10001990:	2a00      	cmp	r2, #0
10001992:	f2c0 811e 	blt.w	10001bd2 <alarm_pool_irq_handler+0x29a>
10001996:	6973      	ldr	r3, [r6, #20]
10001998:	eb02 0242 	add.w	r2, r2, r2, lsl #1
1000199c:	eb03 03c2 	add.w	r3, r3, r2, lsl #3
100019a0:	e9d3 4702 	ldrd	r4, r7, [r3, #8]
100019a4:	f1b7 3fff 	cmp.w	r7, #4294967295	@ 0xffffffff
100019a8:	bf08      	it	eq
100019aa:	f1b4 3fff 	cmpeq.w	r4, #4294967295	@ 0xffffffff
100019ae:	d00e      	beq.n	100019ce <alarm_pool_irq_handler+0x96>
100019b0:	eb05 018b 	add.w	r1, r5, fp, lsl #2
100019b4:	6aab      	ldr	r3, [r5, #40]	@ 0x28
100019b6:	690a      	ldr	r2, [r1, #16]
100019b8:	1ad2      	subs	r2, r2, r3
100019ba:	1ae3      	subs	r3, r4, r3
100019bc:	4293      	cmp	r3, r2
100019be:	d305      	bcc.n	100019cc <alarm_pool_irq_handler+0x94>
100019c0:	2301      	movs	r3, #1
100019c2:	6a2a      	ldr	r2, [r5, #32]
100019c4:	fa03 f30b 	lsl.w	r3, r3, fp
100019c8:	4213      	tst	r3, r2
100019ca:	d100      	bne.n	100019ce <alarm_pool_irq_handler+0x96>
100019cc:	610c      	str	r4, [r1, #16]
100019ce:	4628      	mov	r0, r5
100019d0:	f000 fbac 	bl	1000212c <timer_time_us_64>
100019d4:	42a0      	cmp	r0, r4
100019d6:	41b9      	sbcs	r1, r7
100019d8:	f2c0 80fb 	blt.w	10001bd2 <alarm_pool_irq_handler+0x29a>
100019dc:	f9b6 3008 	ldrsh.w	r3, [r6, #8]
100019e0:	9a01      	ldr	r2, [sp, #4]
100019e2:	2b00      	cmp	r3, #0
100019e4:	9300      	str	r3, [sp, #0]
100019e6:	63ea      	str	r2, [r5, #60]	@ 0x3c
100019e8:	dbc8      	blt.n	1000197c <alarm_pool_irq_handler+0x44>
100019ea:	f8d6 8014 	ldr.w	r8, [r6, #20]
100019ee:	eb03 0943 	add.w	r9, r3, r3, lsl #1
100019f2:	4628      	mov	r0, r5
100019f4:	eb08 07c9 	add.w	r7, r8, r9, lsl #3
100019f8:	e9d7 4a02 	ldrd	r4, sl, [r7, #8]
100019fc:	f000 fb96 	bl	1000212c <timer_time_us_64>
10001a00:	42a0      	cmp	r0, r4
10001a02:	eb71 010a 	sbcs.w	r1, r1, sl
10001a06:	dbb9      	blt.n	1000197c <alarm_pool_irq_handler+0x44>
10001a08:	f1ba 0f00 	cmp.w	sl, #0
10001a0c:	f2c0 80c3 	blt.w	10001b96 <alarm_pool_irq_handler+0x25e>
10001a10:	e9d7 3104 	ldrd	r3, r1, [r7, #16]
10001a14:	4a83      	ldr	r2, [pc, #524]	@ (10001c24 <alarm_pool_irq_handler+0x2ec>)
10001a16:	4293      	cmp	r3, r2
10001a18:	f000 80ed 	beq.w	10001bf6 <alarm_pool_irq_handler+0x2be>
10001a1c:	887a      	ldrh	r2, [r7, #2]
10001a1e:	f9b6 0008 	ldrsh.w	r0, [r6, #8]
10001a22:	b292      	uxth	r2, r2
10001a24:	ea42 4000 	orr.w	r0, r2, r0, lsl #16
10001a28:	4798      	blx	r3
10001a2a:	4602      	mov	r2, r0
10001a2c:	460b      	mov	r3, r1
10001a2e:	ea52 0103 	orrs.w	r1, r2, r3
10001a32:	f000 80b0 	beq.w	10001b96 <alarm_pool_irq_handler+0x25e>
10001a36:	2b00      	cmp	r3, #0
10001a38:	f280 80d1 	bge.w	10001bde <alarm_pool_irq_handler+0x2a6>
10001a3c:	ebb4 0e02 	subs.w	lr, r4, r2
10001a40:	eb6a 0a03 	sbc.w	sl, sl, r3
10001a44:	f938 3039 	ldrsh.w	r3, [r8, r9, lsl #3]
10001a48:	e9c7 ea02 	strd	lr, sl, [r7, #8]
10001a4c:	2b00      	cmp	r3, #0
10001a4e:	db95      	blt.n	1000197c <alarm_pool_irq_handler+0x44>
10001a50:	6971      	ldr	r1, [r6, #20]
10001a52:	eb03 0243 	add.w	r2, r3, r3, lsl #1
10001a56:	eb01 02c2 	add.w	r2, r1, r2, lsl #3
10001a5a:	e9d2 7002 	ldrd	r7, r0, [r2, #8]
10001a5e:	45be      	cmp	lr, r7
10001a60:	eb7a 0c00 	sbcs.w	ip, sl, r0
10001a64:	ea4f 0243 	mov.w	r2, r3, lsl #1
10001a68:	db88      	blt.n	1000197c <alarm_pool_irq_handler+0x44>
10001a6a:	46b4      	mov	ip, r6
10001a6c:	f82c 3f08 	strh.w	r3, [ip, #8]!
10001a70:	e006      	b.n	10001a80 <alarm_pool_irq_handler+0x148>
10001a72:	eb03 0043 	add.w	r0, r3, r3, lsl #1
10001a76:	eb01 00c0 	add.w	r0, r1, r0, lsl #3
10001a7a:	005a      	lsls	r2, r3, #1
10001a7c:	e9d0 7002 	ldrd	r7, r0, [r0, #8]
10001a80:	45be      	cmp	lr, r7
10001a82:	441a      	add	r2, r3
10001a84:	eb7a 0000 	sbcs.w	r0, sl, r0
10001a88:	eb01 04c2 	add.w	r4, r1, r2, lsl #3
10001a8c:	db04      	blt.n	10001a98 <alarm_pool_irq_handler+0x160>
10001a8e:	f931 3032 	ldrsh.w	r3, [r1, r2, lsl #3]
10001a92:	46a4      	mov	ip, r4
10001a94:	2b00      	cmp	r3, #0
10001a96:	daec      	bge.n	10001a72 <alarm_pool_irq_handler+0x13a>
10001a98:	f828 3039 	strh.w	r3, [r8, r9, lsl #3]
10001a9c:	9b00      	ldr	r3, [sp, #0]
10001a9e:	f8ac 3000 	strh.w	r3, [ip]
10001aa2:	88b3      	ldrh	r3, [r6, #4]
10001aa4:	041c      	lsls	r4, r3, #16
10001aa6:	f53f af6d 	bmi.w	10001984 <alarm_pool_irq_handler+0x4c>
10001aaa:	6933      	ldr	r3, [r6, #16]
10001aac:	f3ef 8210 	mrs	r2, PRIMASK
10001ab0:	b672      	cpsid	i
10001ab2:	e8d3 0fcf 	ldaexb	r0, [r3]
10001ab6:	2101      	movs	r1, #1
10001ab8:	2800      	cmp	r0, #0
10001aba:	d1fa      	bne.n	10001ab2 <alarm_pool_irq_handler+0x17a>
10001abc:	e8c3 1f40 	strexb	r0, r1, [r3]
10001ac0:	2800      	cmp	r0, #0
10001ac2:	d1f6      	bne.n	10001ab2 <alarm_pool_irq_handler+0x17a>
10001ac4:	f3bf 8f5f 	dmb	sy
10001ac8:	f64f 74ff 	movw	r4, #65535	@ 0xffff
10001acc:	88b0      	ldrh	r0, [r6, #4]
10001ace:	2300      	movs	r3, #0
10001ad0:	6931      	ldr	r1, [r6, #16]
10001ad2:	b200      	sxth	r0, r0
10001ad4:	80b4      	strh	r4, [r6, #4]
10001ad6:	e8c1 3f8f 	stlb	r3, [r1]
10001ada:	f382 8810 	msr	PRIMASK, r2
10001ade:	4298      	cmp	r0, r3
10001ae0:	f6ff af50 	blt.w	10001984 <alarm_pool_irq_handler+0x4c>
10001ae4:	4607      	mov	r7, r0
10001ae6:	46a9      	mov	r9, r5
10001ae8:	6974      	ldr	r4, [r6, #20]
10001aea:	f106 0808 	add.w	r8, r6, #8
10001aee:	eb07 0e47 	add.w	lr, r7, r7, lsl #1
10001af2:	eb04 03ce 	add.w	r3, r4, lr, lsl #3
10001af6:	e9d3 5002 	ldrd	r5, r0, [r3, #8]
10001afa:	f9b6 3008 	ldrsh.w	r3, [r6, #8]
10001afe:	46c4      	mov	ip, r8
10001b00:	2b00      	cmp	r3, #0
10001b02:	db13      	blt.n	10001b2c <alarm_pool_irq_handler+0x1f4>
10001b04:	46b2      	mov	sl, r6
10001b06:	9700      	str	r7, [sp, #0]
10001b08:	e004      	b.n	10001b14 <alarm_pool_irq_handler+0x1dc>
10001b0a:	f934 3036 	ldrsh.w	r3, [r4, r6, lsl #3]
10001b0e:	4694      	mov	ip, r2
10001b10:	2b00      	cmp	r3, #0
10001b12:	db09      	blt.n	10001b28 <alarm_pool_irq_handler+0x1f0>
10001b14:	eb03 0643 	add.w	r6, r3, r3, lsl #1
10001b18:	eb04 02c6 	add.w	r2, r4, r6, lsl #3
10001b1c:	e9d2 7102 	ldrd	r7, r1, [r2, #8]
10001b20:	42bd      	cmp	r5, r7
10001b22:	eb70 0101 	sbcs.w	r1, r0, r1
10001b26:	daf0      	bge.n	10001b0a <alarm_pool_irq_handler+0x1d2>
10001b28:	4656      	mov	r6, sl
10001b2a:	9f00      	ldr	r7, [sp, #0]
10001b2c:	f8ac 7000 	strh.w	r7, [ip]
10001b30:	f934 703e 	ldrsh.w	r7, [r4, lr, lsl #3]
10001b34:	f824 303e 	strh.w	r3, [r4, lr, lsl #3]
10001b38:	2f00      	cmp	r7, #0
10001b3a:	dad8      	bge.n	10001aee <alarm_pool_irq_handler+0x1b6>
10001b3c:	79b3      	ldrb	r3, [r6, #6]
10001b3e:	464d      	mov	r5, r9
10001b40:	2b00      	cmp	r3, #0
10001b42:	f43f af23 	beq.w	1000198c <alarm_pool_irq_handler+0x54>
10001b46:	2300      	movs	r3, #0
10001b48:	71b3      	strb	r3, [r6, #6]
10001b4a:	f9b6 3008 	ldrsh.w	r3, [r6, #8]
10001b4e:	f106 0808 	add.w	r8, r6, #8
10001b52:	1c58      	adds	r0, r3, #1
10001b54:	d03d      	beq.n	10001bd2 <alarm_pool_irq_handler+0x29a>
10001b56:	461a      	mov	r2, r3
10001b58:	6977      	ldr	r7, [r6, #20]
10001b5a:	e003      	b.n	10001b64 <alarm_pool_irq_handler+0x22c>
10001b5c:	4680      	mov	r8, r0
10001b5e:	1c59      	adds	r1, r3, #1
10001b60:	f43f af16 	beq.w	10001990 <alarm_pool_irq_handler+0x58>
10001b64:	eb03 0143 	add.w	r1, r3, r3, lsl #1
10001b68:	eb07 00c1 	add.w	r0, r7, r1, lsl #3
10001b6c:	f8b0 c002 	ldrh.w	ip, [r0, #2]
10001b70:	461c      	mov	r4, r3
10001b72:	f41c 4f00 	tst.w	ip, #32768	@ 0x8000
10001b76:	469e      	mov	lr, r3
10001b78:	f937 3031 	ldrsh.w	r3, [r7, r1, lsl #3]
10001b7c:	d0ee      	beq.n	10001b5c <alarm_pool_irq_handler+0x224>
10001b7e:	4294      	cmp	r4, r2
10001b80:	ed80 8b02 	vstr	d8, [r0, #8]
10001b84:	d005      	beq.n	10001b92 <alarm_pool_irq_handler+0x25a>
10001b86:	f8a8 3000 	strh.w	r3, [r8]
10001b8a:	8932      	ldrh	r2, [r6, #8]
10001b8c:	f827 2031 	strh.w	r2, [r7, r1, lsl #3]
10001b90:	8134      	strh	r4, [r6, #8]
10001b92:	4672      	mov	r2, lr
10001b94:	e7e3      	b.n	10001b5e <alarm_pool_irq_handler+0x226>
10001b96:	f838 3039 	ldrh.w	r3, [r8, r9, lsl #3]
10001b9a:	8133      	strh	r3, [r6, #8]
10001b9c:	6933      	ldr	r3, [r6, #16]
10001b9e:	f3ef 8210 	mrs	r2, PRIMASK
10001ba2:	b672      	cpsid	i
10001ba4:	e8d3 0fcf 	ldaexb	r0, [r3]
10001ba8:	2101      	movs	r1, #1
10001baa:	2800      	cmp	r0, #0
10001bac:	d1fa      	bne.n	10001ba4 <alarm_pool_irq_handler+0x26c>
10001bae:	e8c3 1f40 	strexb	r0, r1, [r3]
10001bb2:	2800      	cmp	r0, #0
10001bb4:	d1f6      	bne.n	10001ba4 <alarm_pool_irq_handler+0x26c>
10001bb6:	f3bf 8f5f 	dmb	sy
10001bba:	8873      	ldrh	r3, [r6, #2]
10001bbc:	6931      	ldr	r1, [r6, #16]
10001bbe:	f828 3039 	strh.w	r3, [r8, r9, lsl #3]
10001bc2:	9b00      	ldr	r3, [sp, #0]
10001bc4:	8073      	strh	r3, [r6, #2]
10001bc6:	2300      	movs	r3, #0
10001bc8:	e8c1 3f8f 	stlb	r3, [r1]
10001bcc:	f382 8810 	msr	PRIMASK, r2
10001bd0:	e6d4      	b.n	1000197c <alarm_pool_irq_handler+0x44>
10001bd2:	bf40      	sev
10001bd4:	b005      	add	sp, #20
10001bd6:	ecbd 8b02 	vpop	{d8}
10001bda:	e8bd 8ff0 	ldmia.w	sp!, {r4, r5, r6, r7, r8, r9, sl, fp, pc}
10001bde:	4628      	mov	r0, r5
10001be0:	e9cd 2302 	strd	r2, r3, [sp, #8]
10001be4:	f000 faa2 	bl	1000212c <timer_time_us_64>
10001be8:	9a02      	ldr	r2, [sp, #8]
10001bea:	9b03      	ldr	r3, [sp, #12]
10001bec:	eb10 0e02 	adds.w	lr, r0, r2
10001bf0:	eb43 0a01 	adc.w	sl, r3, r1
10001bf4:	e726      	b.n	10001a44 <alarm_pool_irq_handler+0x10c>
10001bf6:	4608      	mov	r0, r1
10001bf8:	690b      	ldr	r3, [r1, #16]
10001bfa:	9102      	str	r1, [sp, #8]
10001bfc:	4798      	blx	r3
10001bfe:	2800      	cmp	r0, #0
10001c00:	d0c9      	beq.n	10001b96 <alarm_pool_irq_handler+0x25e>
10001c02:	9902      	ldr	r1, [sp, #8]
10001c04:	e9d1 2300 	ldrd	r2, r3, [r1]
10001c08:	e711      	b.n	10001a2e <alarm_pool_irq_handler+0xf6>
10001c0a:	bf00      	nop
10001c0c:	f3af 8000 	nop.w
10001c10:	ffffffff 	.word	0xffffffff
10001c14:	ffffffff 	.word	0xffffffff
10001c18:	400b8000 	.word	0x400b8000
10001c1c:	20001028 	.word	0x20001028
10001c20:	400b0000 	.word	0x400b0000
10001c24:	10001939 	.word	0x10001939

10001c28 <runtime_init_default_alarm_pool>:
10001c28:	e92d 4ff8 	stmdb	sp!, {r3, r4, r5, r6, r7, r8, r9, sl, fp, lr}
10001c2c:	4c36      	ldr	r4, [pc, #216]	@ (10001d08 <runtime_init_default_alarm_pool+0xe0>)
10001c2e:	6925      	ldr	r5, [r4, #16]
10001c30:	b12d      	cbz	r5, 10001c3e <runtime_init_default_alarm_pool+0x16>
10001c32:	e8bd 4ff8 	ldmia.w	sp!, {r3, r4, r5, r6, r7, r8, r9, sl, fp, lr}
10001c36:	210a      	movs	r1, #10
10001c38:	4834      	ldr	r0, [pc, #208]	@ (10001d0c <runtime_init_default_alarm_pool+0xe4>)
10001c3a:	f7ff be33 	b.w	100018a4 <lock_init>
10001c3e:	f8df 80e4 	ldr.w	r8, [pc, #228]	@ 10001d24 <runtime_init_default_alarm_pool+0xfc>
10001c42:	2103      	movs	r1, #3
10001c44:	4640      	mov	r0, r8
10001c46:	f000 fa5f 	bl	10002108 <timer_hardware_alarm_claim>
10001c4a:	2603      	movs	r6, #3
10001c4c:	f8c4 800c 	str.w	r8, [r4, #12]
10001c50:	f7ff fda2 	bl	10001798 <next_striped_spin_lock_num>
10001c54:	f04f 4c50 	mov.w	ip, #3489660928	@ 0xd0000000
10001c58:	4b2d      	ldr	r3, [pc, #180]	@ (10001d10 <runtime_init_default_alarm_pool+0xe8>)
10001c5a:	7026      	strb	r6, [r4, #0]
10001c5c:	4403      	add	r3, r0
10001c5e:	6123      	str	r3, [r4, #16]
10001c60:	f8dc 3000 	ldr.w	r3, [ip]
10001c64:	210f      	movs	r1, #15
10001c66:	7063      	strb	r3, [r4, #1]
10001c68:	6963      	ldr	r3, [r4, #20]
10001c6a:	8061      	strh	r1, [r4, #2]
10001c6c:	831d      	strh	r5, [r3, #24]
10001c6e:	f04f 0504 	mov.w	r5, #4
10001c72:	f8a3 5078 	strh.w	r5, [r3, #120]	@ 0x78
10001c76:	f04f 0505 	mov.w	r5, #5
10001c7a:	f8a3 5090 	strh.w	r5, [r3, #144]	@ 0x90
10001c7e:	f04f 0506 	mov.w	r5, #6
10001c82:	f8a3 50a8 	strh.w	r5, [r3, #168]	@ 0xa8
10001c86:	f04f 0507 	mov.w	r5, #7
10001c8a:	210e      	movs	r1, #14
10001c8c:	f64f 72ff 	movw	r2, #65535	@ 0xffff
10001c90:	2708      	movs	r7, #8
10001c92:	f04f 0e0a 	mov.w	lr, #10
10001c96:	f8a3 50c0 	strh.w	r5, [r3, #192]	@ 0xc0
10001c9a:	f04f 0901 	mov.w	r9, #1
10001c9e:	f04f 0c0c 	mov.w	ip, #12
10001ca2:	f04f 0b02 	mov.w	fp, #2
10001ca6:	f04f 0a09 	mov.w	sl, #9
10001caa:	200d      	movs	r0, #13
10001cac:	f04f 050b 	mov.w	r5, #11
10001cb0:	f8a3 1168 	strh.w	r1, [r3, #360]	@ 0x168
10001cb4:	4917      	ldr	r1, [pc, #92]	@ (10001d14 <runtime_init_default_alarm_pool+0xec>)
10001cb6:	80a2      	strh	r2, [r4, #4]
10001cb8:	f8a3 e108 	strh.w	lr, [r3, #264]	@ 0x108
10001cbc:	60a1      	str	r1, [r4, #8]
10001cbe:	f8a3 b048 	strh.w	fp, [r3, #72]	@ 0x48
10001cc2:	f8a3 a0f0 	strh.w	sl, [r3, #240]	@ 0xf0
10001cc6:	f8a3 5120 	strh.w	r5, [r3, #288]	@ 0x120
10001cca:	f8a3 c138 	strh.w	ip, [r3, #312]	@ 0x138
10001cce:	f8a3 0150 	strh.w	r0, [r3, #336]	@ 0x150
10001cd2:	f8a3 9030 	strh.w	r9, [r3, #48]	@ 0x30
10001cd6:	f8a3 6060 	strh.w	r6, [r3, #96]	@ 0x60
10001cda:	f8a3 70d8 	strh.w	r7, [r3, #216]	@ 0xd8
10001cde:	801a      	strh	r2, [r3, #0]
10001ce0:	4b0d      	ldr	r3, [pc, #52]	@ (10001d18 <runtime_init_default_alarm_pool+0xf0>)
10001ce2:	4630      	mov	r0, r6
10001ce4:	f8c8 7020 	str.w	r7, [r8, #32]
10001ce8:	490c      	ldr	r1, [pc, #48]	@ (10001d1c <runtime_init_default_alarm_pool+0xf4>)
10001cea:	60dc      	str	r4, [r3, #12]
10001cec:	f7ff fdaa 	bl	10001844 <irq_set_exclusive_handler>
10001cf0:	4649      	mov	r1, r9
10001cf2:	4630      	mov	r0, r6
10001cf4:	f7ff fd90 	bl	10001818 <irq_set_enabled>
10001cf8:	4b09      	ldr	r3, [pc, #36]	@ (10001d20 <runtime_init_default_alarm_pool+0xf8>)
10001cfa:	210a      	movs	r1, #10
10001cfc:	641f      	str	r7, [r3, #64]	@ 0x40
10001cfe:	4803      	ldr	r0, [pc, #12]	@ (10001d0c <runtime_init_default_alarm_pool+0xe4>)
10001d00:	e8bd 4ff8 	ldmia.w	sp!, {r3, r4, r5, r6, r7, r8, r9, sl, fp, lr}
10001d04:	f7ff bdce 	b.w	100018a4 <lock_init>
10001d08:	20000640 	.word	0x20000640
10001d0c:	200011ac 	.word	0x200011ac
10001d10:	20000f88 	.word	0x20000f88
10001d14:	0010ffff 	.word	0x0010ffff
10001d18:	20001028 	.word	0x20001028
10001d1c:	10001939 	.word	0x10001939
10001d20:	400b2000 	.word	0x400b2000
10001d24:	400b0000 	.word	0x400b0000

10001d28 <alarm_pool_get_default>:
10001d28:	4800      	ldr	r0, [pc, #0]	@ (10001d2c <alarm_pool_get_default+0x4>)
10001d2a:	4770      	bx	lr
10001d2c:	20000640 	.word	0x20000640

10001d30 <alarm_pool_add_alarm_at_force_in_context>:
10001d30:	4601      	mov	r1, r0
10001d32:	b5f0      	push	{r4, r5, r6, r7, lr}
10001d34:	6900      	ldr	r0, [r0, #16]
10001d36:	f3ef 8710 	mrs	r7, PRIMASK
10001d3a:	b672      	cpsid	i
10001d3c:	e8d0 5fcf 	ldaexb	r5, [r0]
10001d40:	2401      	movs	r4, #1
10001d42:	2d00      	cmp	r5, #0
10001d44:	d1fa      	bne.n	10001d3c <alarm_pool_add_alarm_at_force_in_context+0xc>
10001d46:	e8c0 4f45 	strexb	r5, r4, [r0]
10001d4a:	2d00      	cmp	r5, #0
10001d4c:	d1f6      	bne.n	10001d3c <alarm_pool_add_alarm_at_force_in_context+0xc>
10001d4e:	f3bf 8f5f 	dmb	sy
10001d52:	f9b1 e002 	ldrsh.w	lr, [r1, #2]
10001d56:	694c      	ldr	r4, [r1, #20]
10001d58:	eb0e 0c4e 	add.w	ip, lr, lr, lsl #1
10001d5c:	f1be 0f00 	cmp.w	lr, #0
10001d60:	ea4f 05cc 	mov.w	r5, ip, lsl #3
10001d64:	6908      	ldr	r0, [r1, #16]
10001d66:	eb04 0ccc 	add.w	ip, r4, ip, lsl #3
10001d6a:	db3c      	blt.n	10001de6 <alarm_pool_add_alarm_at_force_in_context+0xb6>
10001d6c:	5b66      	ldrh	r6, [r4, r5]
10001d6e:	804e      	strh	r6, [r1, #2]
10001d70:	2600      	movs	r6, #0
10001d72:	e8c0 6f8f 	stlb	r6, [r0]
10001d76:	f387 8810 	msr	PRIMASK, r7
10001d7a:	f8bc 0002 	ldrh.w	r0, [ip, #2]
10001d7e:	e9cc 2302 	strd	r2, r3, [ip, #8]
10001d82:	3001      	adds	r0, #1
10001d84:	f3c0 000e 	ubfx	r0, r0, #0, #15
10001d88:	2801      	cmp	r0, #1
10001d8a:	bf38      	it	cc
10001d8c:	2001      	movcc	r0, #1
10001d8e:	9b05      	ldr	r3, [sp, #20]
10001d90:	f8ac 0002 	strh.w	r0, [ip, #2]
10001d94:	f8cc 3010 	str.w	r3, [ip, #16]
10001d98:	9b06      	ldr	r3, [sp, #24]
10001d9a:	ea40 400e 	orr.w	r0, r0, lr, lsl #16
10001d9e:	f8cc 3014 	str.w	r3, [ip, #20]
10001da2:	690b      	ldr	r3, [r1, #16]
10001da4:	f3ef 8210 	mrs	r2, PRIMASK
10001da8:	b672      	cpsid	i
10001daa:	e8d3 cfcf 	ldaexb	ip, [r3]
10001dae:	2701      	movs	r7, #1
10001db0:	f1bc 0f00 	cmp.w	ip, #0
10001db4:	d1f9      	bne.n	10001daa <alarm_pool_add_alarm_at_force_in_context+0x7a>
10001db6:	e8c3 7f4c 	strexb	ip, r7, [r3]
10001dba:	f1bc 0f00 	cmp.w	ip, #0
10001dbe:	d1f4      	bne.n	10001daa <alarm_pool_add_alarm_at_force_in_context+0x7a>
10001dc0:	f3bf 8f5f 	dmb	sy
10001dc4:	888b      	ldrh	r3, [r1, #4]
10001dc6:	5363      	strh	r3, [r4, r5]
10001dc8:	f8a1 e004 	strh.w	lr, [r1, #4]
10001dcc:	690b      	ldr	r3, [r1, #16]
10001dce:	e8c3 6f8f 	stlb	r6, [r3]
10001dd2:	f382 8810 	msr	PRIMASK, r2
10001dd6:	2201      	movs	r2, #1
10001dd8:	68cb      	ldr	r3, [r1, #12]
10001dda:	7809      	ldrb	r1, [r1, #0]
10001ddc:	f503 5301 	add.w	r3, r3, #8256	@ 0x2040
10001de0:	408a      	lsls	r2, r1
10001de2:	605a      	str	r2, [r3, #4]
10001de4:	bdf0      	pop	{r4, r5, r6, r7, pc}
10001de6:	2300      	movs	r3, #0
10001de8:	e8c0 3f8f 	stlb	r3, [r0]
10001dec:	f387 8810 	msr	PRIMASK, r7
10001df0:	f04f 30ff 	mov.w	r0, #4294967295	@ 0xffffffff
10001df4:	bdf0      	pop	{r4, r5, r6, r7, pc}
10001df6:	bf00      	nop

10001df8 <alarm_pool_cancel_alarm>:
10001df8:	4603      	mov	r3, r0
10001dfa:	8940      	ldrh	r0, [r0, #10]
10001dfc:	ebb0 4f21 	cmp.w	r0, r1, asr #16
10001e00:	dd37      	ble.n	10001e72 <alarm_pool_cancel_alarm+0x7a>
10001e02:	6958      	ldr	r0, [r3, #20]
10001e04:	140a      	asrs	r2, r1, #16
10001e06:	eb02 0242 	add.w	r2, r2, r2, lsl #1
10001e0a:	b510      	push	{r4, lr}
10001e0c:	eb00 00c2 	add.w	r0, r0, r2, lsl #3
10001e10:	691c      	ldr	r4, [r3, #16]
10001e12:	f3ef 8c10 	mrs	ip, PRIMASK
10001e16:	b672      	cpsid	i
10001e18:	e8d4 efcf 	ldaexb	lr, [r4]
10001e1c:	2201      	movs	r2, #1
10001e1e:	f1be 0f00 	cmp.w	lr, #0
10001e22:	d1f9      	bne.n	10001e18 <alarm_pool_cancel_alarm+0x20>
10001e24:	e8c4 2f4e 	strexb	lr, r2, [r4]
10001e28:	f1be 0f00 	cmp.w	lr, #0
10001e2c:	d1f4      	bne.n	10001e18 <alarm_pool_cancel_alarm+0x20>
10001e2e:	f3bf 8f5f 	dmb	sy
10001e32:	8842      	ldrh	r2, [r0, #2]
10001e34:	b289      	uxth	r1, r1
10001e36:	b292      	uxth	r2, r2
10001e38:	428a      	cmp	r2, r1
10001e3a:	d007      	beq.n	10001e4c <alarm_pool_cancel_alarm+0x54>
10001e3c:	2200      	movs	r2, #0
10001e3e:	691b      	ldr	r3, [r3, #16]
10001e40:	e8c3 2f8f 	stlb	r2, [r3]
10001e44:	f38c 8810 	msr	PRIMASK, ip
10001e48:	2000      	movs	r0, #0
10001e4a:	bd10      	pop	{r4, pc}
10001e4c:	f442 4200 	orr.w	r2, r2, #32768	@ 0x8000
10001e50:	8042      	strh	r2, [r0, #2]
10001e52:	2101      	movs	r1, #1
10001e54:	2200      	movs	r2, #0
10001e56:	6918      	ldr	r0, [r3, #16]
10001e58:	7199      	strb	r1, [r3, #6]
10001e5a:	e8c0 2f8f 	stlb	r2, [r0]
10001e5e:	f38c 8810 	msr	PRIMASK, ip
10001e62:	781c      	ldrb	r4, [r3, #0]
10001e64:	68da      	ldr	r2, [r3, #12]
10001e66:	4608      	mov	r0, r1
10001e68:	f502 5301 	add.w	r3, r2, #8256	@ 0x2040
10001e6c:	40a1      	lsls	r1, r4
10001e6e:	6059      	str	r1, [r3, #4]
10001e70:	bd10      	pop	{r4, pc}
10001e72:	2000      	movs	r0, #0
10001e74:	4770      	bx	lr
10001e76:	bf00      	nop

10001e78 <best_effort_wfe_or_timeout>:
10001e78:	e92d 43f0 	stmdb	sp!, {r4, r5, r6, r7, r8, r9, lr}
10001e7c:	4606      	mov	r6, r0
10001e7e:	460d      	mov	r5, r1
10001e80:	b083      	sub	sp, #12
10001e82:	f3ef 8405 	mrs	r4, IPSR
10001e86:	b2e4      	uxtb	r4, r4
10001e88:	b13c      	cbz	r4, 10001e9a <best_effort_wfe_or_timeout+0x22>
10001e8a:	4b2d      	ldr	r3, [pc, #180]	@ (10001f40 <best_effort_wfe_or_timeout+0xc8>)
10001e8c:	6a5a      	ldr	r2, [r3, #36]	@ 0x24
10001e8e:	42aa      	cmp	r2, r5
10001e90:	d21c      	bcs.n	10001ecc <best_effort_wfe_or_timeout+0x54>
10001e92:	2000      	movs	r0, #0
10001e94:	b003      	add	sp, #12
10001e96:	e8bd 83f0 	ldmia.w	sp!, {r4, r5, r6, r7, r8, r9, pc}
10001e9a:	4f2a      	ldr	r7, [pc, #168]	@ (10001f44 <best_effort_wfe_or_timeout+0xcc>)
10001e9c:	f8d7 900c 	ldr.w	r9, [r7, #12]
10001ea0:	f897 8000 	ldrb.w	r8, [r7]
10001ea4:	4648      	mov	r0, r9
10001ea6:	f000 f941 	bl	1000212c <timer_time_us_64>
10001eaa:	f108 0804 	add.w	r8, r8, #4
10001eae:	f859 3028 	ldr.w	r3, [r9, r8, lsl #2]
10001eb2:	1a1b      	subs	r3, r3, r0
10001eb4:	1a30      	subs	r0, r6, r0
10001eb6:	eb65 0101 	sbc.w	r1, r5, r1
10001eba:	4298      	cmp	r0, r3
10001ebc:	f171 0100 	sbcs.w	r1, r1, #0
10001ec0:	db10      	blt.n	10001ee4 <best_effort_wfe_or_timeout+0x6c>
10001ec2:	bf20      	wfe
10001ec4:	4b1e      	ldr	r3, [pc, #120]	@ (10001f40 <best_effort_wfe_or_timeout+0xc8>)
10001ec6:	6a5a      	ldr	r2, [r3, #36]	@ 0x24
10001ec8:	42aa      	cmp	r2, r5
10001eca:	d3e2      	bcc.n	10001e92 <best_effort_wfe_or_timeout+0x1a>
10001ecc:	bf14      	ite	ne
10001ece:	2401      	movne	r4, #1
10001ed0:	2400      	moveq	r4, #0
10001ed2:	6a9b      	ldr	r3, [r3, #40]	@ 0x28
10001ed4:	42b3      	cmp	r3, r6
10001ed6:	bf34      	ite	cc
10001ed8:	4620      	movcc	r0, r4
10001eda:	f044 0001 	orrcs.w	r0, r4, #1
10001ede:	b003      	add	sp, #12
10001ee0:	e8bd 83f0 	ldmia.w	sp!, {r4, r5, r6, r7, r8, r9, pc}
10001ee4:	f000 f92a 	bl	1000213c <time_us_64>
10001ee8:	4286      	cmp	r6, r0
10001eea:	eb65 0101 	sbc.w	r1, r5, r1
10001eee:	2900      	cmp	r1, #0
10001ef0:	db14      	blt.n	10001f1c <best_effort_wfe_or_timeout+0xa4>
10001ef2:	4b15      	ldr	r3, [pc, #84]	@ (10001f48 <best_effort_wfe_or_timeout+0xd0>)
10001ef4:	4638      	mov	r0, r7
10001ef6:	e9cd 3400 	strd	r3, r4, [sp]
10001efa:	4632      	mov	r2, r6
10001efc:	462b      	mov	r3, r5
10001efe:	f7ff ff17 	bl	10001d30 <alarm_pool_add_alarm_at_force_in_context>
10001f02:	1e01      	subs	r1, r0, #0
10001f04:	dd0a      	ble.n	10001f1c <best_effort_wfe_or_timeout+0xa4>
10001f06:	4b0e      	ldr	r3, [pc, #56]	@ (10001f40 <best_effort_wfe_or_timeout+0xc8>)
10001f08:	6a5a      	ldr	r2, [r3, #36]	@ 0x24
10001f0a:	42aa      	cmp	r2, r5
10001f0c:	d316      	bcc.n	10001f3c <best_effort_wfe_or_timeout+0xc4>
10001f0e:	6a9b      	ldr	r3, [r3, #40]	@ 0x28
10001f10:	42b3      	cmp	r3, r6
10001f12:	d311      	bcc.n	10001f38 <best_effort_wfe_or_timeout+0xc0>
10001f14:	480b      	ldr	r0, [pc, #44]	@ (10001f44 <best_effort_wfe_or_timeout+0xcc>)
10001f16:	f7ff ff6f 	bl	10001df8 <alarm_pool_cancel_alarm>
10001f1a:	e7b6      	b.n	10001e8a <best_effort_wfe_or_timeout+0x12>
10001f1c:	4b08      	ldr	r3, [pc, #32]	@ (10001f40 <best_effort_wfe_or_timeout+0xc8>)
10001f1e:	6a5c      	ldr	r4, [r3, #36]	@ 0x24
10001f20:	42ac      	cmp	r4, r5
10001f22:	d3b6      	bcc.n	10001e92 <best_effort_wfe_or_timeout+0x1a>
10001f24:	1b64      	subs	r4, r4, r5
10001f26:	bf18      	it	ne
10001f28:	2401      	movne	r4, #1
10001f2a:	6a9b      	ldr	r3, [r3, #40]	@ 0x28
10001f2c:	42b3      	cmp	r3, r6
10001f2e:	bf34      	ite	cc
10001f30:	4620      	movcc	r0, r4
10001f32:	f044 0001 	orrcs.w	r0, r4, #1
10001f36:	e7ad      	b.n	10001e94 <best_effort_wfe_or_timeout+0x1c>
10001f38:	42aa      	cmp	r2, r5
10001f3a:	d1eb      	bne.n	10001f14 <best_effort_wfe_or_timeout+0x9c>
10001f3c:	bf20      	wfe
10001f3e:	e7e9      	b.n	10001f14 <best_effort_wfe_or_timeout+0x9c>
10001f40:	400b0000 	.word	0x400b0000
10001f44:	20000640 	.word	0x20000640
10001f48:	100018fd 	.word	0x100018fd

10001f4c <alarm_pool_add_repeating_timer_us>:
10001f4c:	e92d 41f0 	stmdb	sp!, {r4, r5, r6, r7, r8, lr}
10001f50:	4604      	mov	r4, r0
10001f52:	e9dd 1507 	ldrd	r1, r5, [sp, #28]
10001f56:	ea52 0003 	orrs.w	r0, r2, r3
10001f5a:	d072      	beq.n	10002042 <alarm_pool_add_repeating_timer_us+0xf6>
10001f5c:	2b00      	cmp	r3, #0
10001f5e:	4616      	mov	r6, r2
10001f60:	461f      	mov	r7, r3
10001f62:	db73      	blt.n	1000204c <alarm_pool_add_repeating_timer_us+0x100>
10001f64:	9806      	ldr	r0, [sp, #24]
10001f66:	e9c5 2300 	strd	r2, r3, [r5]
10001f6a:	6128      	str	r0, [r5, #16]
10001f6c:	60ac      	str	r4, [r5, #8]
10001f6e:	6169      	str	r1, [r5, #20]
10001f70:	f000 f8e4 	bl	1000213c <time_us_64>
10001f74:	f04f 32ff 	mov.w	r2, #4294967295	@ 0xffffffff
10001f78:	f06f 4300 	mvn.w	r3, #2147483648	@ 0x80000000
10001f7c:	1980      	adds	r0, r0, r6
10001f7e:	eb47 0701 	adc.w	r7, r7, r1
10001f82:	4282      	cmp	r2, r0
10001f84:	eb73 0107 	sbcs.w	r1, r3, r7
10001f88:	bf3c      	itt	cc
10001f8a:	461f      	movcc	r7, r3
10001f8c:	4610      	movcc	r0, r2
10001f8e:	6923      	ldr	r3, [r4, #16]
10001f90:	f3ef 8210 	mrs	r2, PRIMASK
10001f94:	b672      	cpsid	i
10001f96:	e8d3 6fcf 	ldaexb	r6, [r3]
10001f9a:	2101      	movs	r1, #1
10001f9c:	2e00      	cmp	r6, #0
10001f9e:	d1fa      	bne.n	10001f96 <alarm_pool_add_repeating_timer_us+0x4a>
10001fa0:	e8c3 1f46 	strexb	r6, r1, [r3]
10001fa4:	2e00      	cmp	r6, #0
10001fa6:	d1f6      	bne.n	10001f96 <alarm_pool_add_repeating_timer_us+0x4a>
10001fa8:	f3bf 8f5f 	dmb	sy
10001fac:	f9b4 1002 	ldrsh.w	r1, [r4, #2]
10001fb0:	6966      	ldr	r6, [r4, #20]
10001fb2:	eb01 0341 	add.w	r3, r1, r1, lsl #1
10001fb6:	2900      	cmp	r1, #0
10001fb8:	ea4f 0cc3 	mov.w	ip, r3, lsl #3
10001fbc:	f8d4 8010 	ldr.w	r8, [r4, #16]
10001fc0:	eb06 03c3 	add.w	r3, r6, r3, lsl #3
10001fc4:	db46      	blt.n	10002054 <alarm_pool_add_repeating_timer_us+0x108>
10001fc6:	f836 e00c 	ldrh.w	lr, [r6, ip]
10001fca:	f8a4 e002 	strh.w	lr, [r4, #2]
10001fce:	f04f 0e00 	mov.w	lr, #0
10001fd2:	e8c8 ef8f 	stlb	lr, [r8]
10001fd6:	f382 8810 	msr	PRIMASK, r2
10001fda:	885a      	ldrh	r2, [r3, #2]
10001fdc:	e9c3 0702 	strd	r0, r7, [r3, #8]
10001fe0:	3201      	adds	r2, #1
10001fe2:	f3c2 020e 	ubfx	r2, r2, #0, #15
10001fe6:	2a01      	cmp	r2, #1
10001fe8:	bf38      	it	cc
10001fea:	2201      	movcc	r2, #1
10001fec:	481e      	ldr	r0, [pc, #120]	@ (10002068 <alarm_pool_add_repeating_timer_us+0x11c>)
10001fee:	805a      	strh	r2, [r3, #2]
10001ff0:	615d      	str	r5, [r3, #20]
10001ff2:	6118      	str	r0, [r3, #16]
10001ff4:	ea42 4201 	orr.w	r2, r2, r1, lsl #16
10001ff8:	6923      	ldr	r3, [r4, #16]
10001ffa:	f3ef 8010 	mrs	r0, PRIMASK
10001ffe:	b672      	cpsid	i
10002000:	e8d3 8fcf 	ldaexb	r8, [r3]
10002004:	2701      	movs	r7, #1
10002006:	f1b8 0f00 	cmp.w	r8, #0
1000200a:	d1f9      	bne.n	10002000 <alarm_pool_add_repeating_timer_us+0xb4>
1000200c:	e8c3 7f48 	strexb	r8, r7, [r3]
10002010:	f1b8 0f00 	cmp.w	r8, #0
10002014:	d1f4      	bne.n	10002000 <alarm_pool_add_repeating_timer_us+0xb4>
10002016:	f3bf 8f5f 	dmb	sy
1000201a:	88a3      	ldrh	r3, [r4, #4]
1000201c:	f826 300c 	strh.w	r3, [r6, ip]
10002020:	80a1      	strh	r1, [r4, #4]
10002022:	6923      	ldr	r3, [r4, #16]
10002024:	e8c3 ef8f 	stlb	lr, [r3]
10002028:	f380 8810 	msr	PRIMASK, r0
1000202c:	2001      	movs	r0, #1
1000202e:	7821      	ldrb	r1, [r4, #0]
10002030:	68e3      	ldr	r3, [r4, #12]
10002032:	fa00 f101 	lsl.w	r1, r0, r1
10002036:	f503 5301 	add.w	r3, r3, #8256	@ 0x2040
1000203a:	6059      	str	r1, [r3, #4]
1000203c:	60ea      	str	r2, [r5, #12]
1000203e:	e8bd 81f0 	ldmia.w	sp!, {r4, r5, r6, r7, r8, pc}
10002042:	2601      	movs	r6, #1
10002044:	2700      	movs	r7, #0
10002046:	4632      	mov	r2, r6
10002048:	463b      	mov	r3, r7
1000204a:	e78b      	b.n	10001f64 <alarm_pool_add_repeating_timer_us+0x18>
1000204c:	4256      	negs	r6, r2
1000204e:	eb63 0743 	sbc.w	r7, r3, r3, lsl #1
10002052:	e787      	b.n	10001f64 <alarm_pool_add_repeating_timer_us+0x18>
10002054:	2000      	movs	r0, #0
10002056:	e8c8 0f8f 	stlb	r0, [r8]
1000205a:	f382 8810 	msr	PRIMASK, r2
1000205e:	f04f 32ff 	mov.w	r2, #4294967295	@ 0xffffffff
10002062:	60ea      	str	r2, [r5, #12]
10002064:	e8bd 81f0 	ldmia.w	sp!, {r4, r5, r6, r7, r8, pc}
10002068:	10001939 	.word	0x10001939

1000206c <cancel_repeating_timer>:
1000206c:	4602      	mov	r2, r0
1000206e:	68c0      	ldr	r0, [r0, #12]
10002070:	b900      	cbnz	r0, 10002074 <cancel_repeating_timer+0x8>
10002072:	4770      	bx	lr
10002074:	6891      	ldr	r1, [r2, #8]
10002076:	1403      	asrs	r3, r0, #16
10002078:	f8b1 c00a 	ldrh.w	ip, [r1, #10]
1000207c:	ebbc 4f20 	cmp.w	ip, r0, asr #16
10002080:	dd3d      	ble.n	100020fe <cancel_repeating_timer+0x92>
10002082:	b530      	push	{r4, r5, lr}
10002084:	694c      	ldr	r4, [r1, #20]
10002086:	eb03 0343 	add.w	r3, r3, r3, lsl #1
1000208a:	eb04 0cc3 	add.w	ip, r4, r3, lsl #3
1000208e:	690b      	ldr	r3, [r1, #16]
10002090:	f3ef 8e10 	mrs	lr, PRIMASK
10002094:	b672      	cpsid	i
10002096:	e8d3 5fcf 	ldaexb	r5, [r3]
1000209a:	2401      	movs	r4, #1
1000209c:	2d00      	cmp	r5, #0
1000209e:	d1fa      	bne.n	10002096 <cancel_repeating_timer+0x2a>
100020a0:	e8c3 4f45 	strexb	r5, r4, [r3]
100020a4:	2d00      	cmp	r5, #0
100020a6:	d1f6      	bne.n	10002096 <cancel_repeating_timer+0x2a>
100020a8:	f3bf 8f5f 	dmb	sy
100020ac:	b283      	uxth	r3, r0
100020ae:	f8bc 0002 	ldrh.w	r0, [ip, #2]
100020b2:	b280      	uxth	r0, r0
100020b4:	4283      	cmp	r3, r0
100020b6:	d009      	beq.n	100020cc <cancel_repeating_timer+0x60>
100020b8:	2300      	movs	r3, #0
100020ba:	6909      	ldr	r1, [r1, #16]
100020bc:	e8c1 3f8f 	stlb	r3, [r1]
100020c0:	f38e 8810 	msr	PRIMASK, lr
100020c4:	2300      	movs	r3, #0
100020c6:	2000      	movs	r0, #0
100020c8:	60d3      	str	r3, [r2, #12]
100020ca:	bd30      	pop	{r4, r5, pc}
100020cc:	f443 4300 	orr.w	r3, r3, #32768	@ 0x8000
100020d0:	f8ac 3002 	strh.w	r3, [ip, #2]
100020d4:	f04f 0c01 	mov.w	ip, #1
100020d8:	2300      	movs	r3, #0
100020da:	6908      	ldr	r0, [r1, #16]
100020dc:	f881 c006 	strb.w	ip, [r1, #6]
100020e0:	e8c0 3f8f 	stlb	r3, [r0]
100020e4:	f38e 8810 	msr	PRIMASK, lr
100020e8:	68cb      	ldr	r3, [r1, #12]
100020ea:	7809      	ldrb	r1, [r1, #0]
100020ec:	f503 5301 	add.w	r3, r3, #8256	@ 0x2040
100020f0:	fa0c f101 	lsl.w	r1, ip, r1
100020f4:	6059      	str	r1, [r3, #4]
100020f6:	2300      	movs	r3, #0
100020f8:	4660      	mov	r0, ip
100020fa:	60d3      	str	r3, [r2, #12]
100020fc:	bd30      	pop	{r4, r5, pc}
100020fe:	2300      	movs	r3, #0
10002100:	2000      	movs	r0, #0
10002102:	60d3      	str	r3, [r2, #12]
10002104:	4770      	bx	lr
10002106:	bf00      	nop

10002108 <timer_hardware_alarm_claim>:
10002108:	b410      	push	{r4}
1000210a:	4b05      	ldr	r3, [pc, #20]	@ (10002120 <timer_hardware_alarm_claim+0x18>)
1000210c:	4c05      	ldr	r4, [pc, #20]	@ (10002124 <timer_hardware_alarm_claim+0x1c>)
1000210e:	4a06      	ldr	r2, [pc, #24]	@ (10002128 <timer_hardware_alarm_claim+0x20>)
10002110:	42a0      	cmp	r0, r4
10002112:	bf14      	ite	ne
10002114:	4618      	movne	r0, r3
10002116:	1c58      	addeq	r0, r3, #1
10002118:	f85d 4b04 	ldr.w	r4, [sp], #4
1000211c:	f7ff bad0 	b.w	100016c0 <hw_claim_or_assert>
10002120:	20000fc0 	.word	0x20000fc0
10002124:	400b8000 	.word	0x400b8000
10002128:	10005524 	.word	0x10005524

1000212c <timer_time_us_64>:
1000212c:	4603      	mov	r3, r0
1000212e:	6a41      	ldr	r1, [r0, #36]	@ 0x24
10002130:	460a      	mov	r2, r1
10002132:	6a98      	ldr	r0, [r3, #40]	@ 0x28
10002134:	6a59      	ldr	r1, [r3, #36]	@ 0x24
10002136:	428a      	cmp	r2, r1
10002138:	d1fa      	bne.n	10002130 <timer_time_us_64+0x4>
1000213a:	4770      	bx	lr

1000213c <time_us_64>:
1000213c:	4b03      	ldr	r3, [pc, #12]	@ (1000214c <time_us_64+0x10>)
1000213e:	6a59      	ldr	r1, [r3, #36]	@ 0x24
10002140:	460a      	mov	r2, r1
10002142:	6a98      	ldr	r0, [r3, #40]	@ 0x28
10002144:	6a59      	ldr	r1, [r3, #36]	@ 0x24
10002146:	4291      	cmp	r1, r2
10002148:	d1fa      	bne.n	10002140 <time_us_64+0x4>
1000214a:	4770      	bx	lr
1000214c:	400b0000 	.word	0x400b0000

10002150 <clock_configure_undivided>:
10002150:	eb00 0c40 	add.w	ip, r0, r0, lsl #1
10002154:	ea4f 0c8c 	mov.w	ip, ip, lsl #2
10002158:	f10c 4c80 	add.w	ip, ip, #1073741824	@ 0x40000000
1000215c:	f50c 3c80 	add.w	ip, ip, #65536	@ 0x10000
10002160:	b5f0      	push	{r4, r5, r6, r7, lr}
10002162:	4616      	mov	r6, r2
10002164:	f8dc 2004 	ldr.w	r2, [ip, #4]
10002168:	1f05      	subs	r5, r0, #4
1000216a:	f5b2 3f80 	cmp.w	r2, #65536	@ 0x10000
1000216e:	bf38      	it	cc
10002170:	f44f 3280 	movcc.w	r2, #65536	@ 0x10000
10002174:	b2ed      	uxtb	r5, r5
10002176:	bf38      	it	cc
10002178:	f8cc 2004 	strcc.w	r2, [ip, #4]
1000217c:	2d01      	cmp	r5, #1
1000217e:	d92a      	bls.n	100021d6 <clock_configure_undivided+0x86>
10002180:	f44f 6700 	mov.w	r7, #2048	@ 0x800
10002184:	4c25      	ldr	r4, [pc, #148]	@ (1000221c <clock_configure_undivided+0xcc>)
10002186:	f50c 5240 	add.w	r2, ip, #12288	@ 0x3000
1000218a:	6017      	str	r7, [r2, #0]
1000218c:	f854 2020 	ldr.w	r2, [r4, r0, lsl #2]
10002190:	b9b2      	cbnz	r2, 100021c0 <clock_configure_undivided+0x70>
10002192:	f8dc 2000 	ldr.w	r2, [ip]
10002196:	2d01      	cmp	r5, #1
10002198:	ea82 1246 	eor.w	r2, r2, r6, lsl #5
1000219c:	f002 02e0 	and.w	r2, r2, #224	@ 0xe0
100021a0:	f50c 5680 	add.w	r6, ip, #4096	@ 0x1000
100021a4:	6032      	str	r2, [r6, #0]
100021a6:	d92a      	bls.n	100021fe <clock_configure_undivided+0xae>
100021a8:	f44f 6100 	mov.w	r1, #2048	@ 0x800
100021ac:	f844 3020 	str.w	r3, [r4, r0, lsl #2]
100021b0:	f44f 3380 	mov.w	r3, #65536	@ 0x10000
100021b4:	f50c 5200 	add.w	r2, ip, #8192	@ 0x2000
100021b8:	6011      	str	r1, [r2, #0]
100021ba:	f8cc 3004 	str.w	r3, [ip, #4]
100021be:	bdf0      	pop	{r4, r5, r6, r7, pc}
100021c0:	6967      	ldr	r7, [r4, #20]
100021c2:	fbb7 fef2 	udiv	lr, r7, r2
100021c6:	f10e 0e01 	add.w	lr, lr, #1
100021ca:	eb0e 0e4e 	add.w	lr, lr, lr, lsl #1
100021ce:	f1be 0e03 	subs.w	lr, lr, #3
100021d2:	d2fc      	bcs.n	100021ce <clock_configure_undivided+0x7e>
100021d4:	e7dd      	b.n	10002192 <clock_configure_undivided+0x42>
100021d6:	2901      	cmp	r1, #1
100021d8:	d1d2      	bne.n	10002180 <clock_configure_undivided+0x30>
100021da:	2403      	movs	r4, #3
100021dc:	f50c 5240 	add.w	r2, ip, #12288	@ 0x3000
100021e0:	6014      	str	r4, [r2, #0]
100021e2:	f8dc 2008 	ldr.w	r2, [ip, #8]
100021e6:	07d2      	lsls	r2, r2, #31
100021e8:	d5fb      	bpl.n	100021e2 <clock_configure_undivided+0x92>
100021ea:	f8dc 2000 	ldr.w	r2, [ip]
100021ee:	4c0b      	ldr	r4, [pc, #44]	@ (1000221c <clock_configure_undivided+0xcc>)
100021f0:	ea82 1246 	eor.w	r2, r2, r6, lsl #5
100021f4:	f002 02e0 	and.w	r2, r2, #224	@ 0xe0
100021f8:	f50c 5680 	add.w	r6, ip, #4096	@ 0x1000
100021fc:	6032      	str	r2, [r6, #0]
100021fe:	2201      	movs	r2, #1
10002200:	f8dc 5000 	ldr.w	r5, [ip]
10002204:	404d      	eors	r5, r1
10002206:	f005 0503 	and.w	r5, r5, #3
1000220a:	6035      	str	r5, [r6, #0]
1000220c:	fa02 f101 	lsl.w	r1, r2, r1
10002210:	f8dc 2008 	ldr.w	r2, [ip, #8]
10002214:	420a      	tst	r2, r1
10002216:	d0fb      	beq.n	10002210 <clock_configure_undivided+0xc0>
10002218:	e7c6      	b.n	100021a8 <clock_configure_undivided+0x58>
1000221a:	bf00      	nop
1000221c:	20000fc8 	.word	0x20000fc8

10002220 <clock_get_hz>:
10002220:	4b01      	ldr	r3, [pc, #4]	@ (10002228 <clock_get_hz+0x8>)
10002222:	f853 0020 	ldr.w	r0, [r3, r0, lsl #2]
10002226:	4770      	bx	lr
10002228:	20000fc8 	.word	0x20000fc8

1000222c <set_sys_clock_pll>:
1000222c:	4b58      	ldr	r3, [pc, #352]	@ (10002390 <set_sys_clock_pll+0x164>)
1000222e:	e92d 43f0 	stmdb	sp!, {r4, r5, r6, r7, r8, r9, lr}
10002232:	6c1c      	ldr	r4, [r3, #64]	@ 0x40
10002234:	4617      	mov	r7, r2
10002236:	f5b4 3f80 	cmp.w	r4, #65536	@ 0x10000
1000223a:	bf38      	it	cc
1000223c:	f44f 3280 	movcc.w	r2, #65536	@ 0x10000
10002240:	b083      	sub	sp, #12
10002242:	bf38      	it	cc
10002244:	641a      	strcc	r2, [r3, #64]	@ 0x40
10002246:	2203      	movs	r2, #3
10002248:	4680      	mov	r8, r0
1000224a:	460e      	mov	r6, r1
1000224c:	4b51      	ldr	r3, [pc, #324]	@ (10002394 <set_sys_clock_pll+0x168>)
1000224e:	4d50      	ldr	r5, [pc, #320]	@ (10002390 <set_sys_clock_pll+0x164>)
10002250:	63da      	str	r2, [r3, #60]	@ 0x3c
10002252:	6c6c      	ldr	r4, [r5, #68]	@ 0x44
10002254:	07e3      	lsls	r3, r4, #31
10002256:	d5fc      	bpl.n	10002252 <set_sys_clock_pll+0x26>
10002258:	6beb      	ldr	r3, [r5, #60]	@ 0x3c
1000225a:	4a4f      	ldr	r2, [pc, #316]	@ (10002398 <set_sys_clock_pll+0x16c>)
1000225c:	f083 0320 	eor.w	r3, r3, #32
10002260:	f003 03e0 	and.w	r3, r3, #224	@ 0xe0
10002264:	63d3      	str	r3, [r2, #60]	@ 0x3c
10002266:	6beb      	ldr	r3, [r5, #60]	@ 0x3c
10002268:	4d49      	ldr	r5, [pc, #292]	@ (10002390 <set_sys_clock_pll+0x164>)
1000226a:	f083 0301 	eor.w	r3, r3, #1
1000226e:	f003 0303 	and.w	r3, r3, #3
10002272:	63d3      	str	r3, [r2, #60]	@ 0x3c
10002274:	6c6c      	ldr	r4, [r5, #68]	@ 0x44
10002276:	07a4      	lsls	r4, r4, #30
10002278:	d5fc      	bpl.n	10002274 <set_sys_clock_pll+0x48>
1000227a:	f44f 6200 	mov.w	r2, #2048	@ 0x800
1000227e:	f44f 3980 	mov.w	r9, #65536	@ 0x10000
10002282:	4b46      	ldr	r3, [pc, #280]	@ (1000239c <set_sys_clock_pll+0x170>)
10002284:	4c46      	ldr	r4, [pc, #280]	@ (100023a0 <set_sys_clock_pll+0x174>)
10002286:	63da      	str	r2, [r3, #60]	@ 0x3c
10002288:	4b46      	ldr	r3, [pc, #280]	@ (100023a4 <set_sys_clock_pll+0x178>)
1000228a:	4642      	mov	r2, r8
1000228c:	6163      	str	r3, [r4, #20]
1000228e:	2101      	movs	r1, #1
10002290:	4633      	mov	r3, r6
10002292:	f8c5 9040 	str.w	r9, [r5, #64]	@ 0x40
10002296:	4844      	ldr	r0, [pc, #272]	@ (100023a8 <set_sys_clock_pll+0x17c>)
10002298:	9700      	str	r7, [sp, #0]
1000229a:	f000 f957 	bl	1000254c <pll_init>
1000229e:	f44f 6100 	mov.w	r1, #2048	@ 0x800
100022a2:	6b6b      	ldr	r3, [r5, #52]	@ 0x34
100022a4:	fb07 f606 	mul.w	r6, r7, r6
100022a8:	454b      	cmp	r3, r9
100022aa:	bf38      	it	cc
100022ac:	f8c5 9034 	strcc.w	r9, [r5, #52]	@ 0x34
100022b0:	4b38      	ldr	r3, [pc, #224]	@ (10002394 <set_sys_clock_pll+0x168>)
100022b2:	6922      	ldr	r2, [r4, #16]
100022b4:	fbb8 f6f6 	udiv	r6, r8, r6
100022b8:	6319      	str	r1, [r3, #48]	@ 0x30
100022ba:	b13a      	cbz	r2, 100022cc <set_sys_clock_pll+0xa0>
100022bc:	6963      	ldr	r3, [r4, #20]
100022be:	fbb3 f3f2 	udiv	r3, r3, r2
100022c2:	3301      	adds	r3, #1
100022c4:	eb03 0343 	add.w	r3, r3, r3, lsl #1
100022c8:	3b03      	subs	r3, #3
100022ca:	d2fd      	bcs.n	100022c8 <set_sys_clock_pll+0x9c>
100022cc:	4930      	ldr	r1, [pc, #192]	@ (10002390 <set_sys_clock_pll+0x164>)
100022ce:	4a32      	ldr	r2, [pc, #200]	@ (10002398 <set_sys_clock_pll+0x16c>)
100022d0:	6b0b      	ldr	r3, [r1, #48]	@ 0x30
100022d2:	f003 03e0 	and.w	r3, r3, #224	@ 0xe0
100022d6:	6313      	str	r3, [r2, #48]	@ 0x30
100022d8:	6b0b      	ldr	r3, [r1, #48]	@ 0x30
100022da:	f083 0302 	eor.w	r3, r3, #2
100022de:	f003 0303 	and.w	r3, r3, #3
100022e2:	6313      	str	r3, [r2, #48]	@ 0x30
100022e4:	6b8b      	ldr	r3, [r1, #56]	@ 0x38
100022e6:	0758      	lsls	r0, r3, #29
100022e8:	d5fc      	bpl.n	100022e4 <set_sys_clock_pll+0xb8>
100022ea:	f44f 6500 	mov.w	r5, #2048	@ 0x800
100022ee:	f44f 3380 	mov.w	r3, #65536	@ 0x10000
100022f2:	4a2a      	ldr	r2, [pc, #168]	@ (1000239c <set_sys_clock_pll+0x170>)
100022f4:	6315      	str	r5, [r2, #48]	@ 0x30
100022f6:	4a2d      	ldr	r2, [pc, #180]	@ (100023ac <set_sys_clock_pll+0x180>)
100022f8:	634b      	str	r3, [r1, #52]	@ 0x34
100022fa:	6122      	str	r2, [r4, #16]
100022fc:	6c0a      	ldr	r2, [r1, #64]	@ 0x40
100022fe:	429a      	cmp	r2, r3
10002300:	f04f 0203 	mov.w	r2, #3
10002304:	bf38      	it	cc
10002306:	640b      	strcc	r3, [r1, #64]	@ 0x40
10002308:	4b22      	ldr	r3, [pc, #136]	@ (10002394 <set_sys_clock_pll+0x168>)
1000230a:	4921      	ldr	r1, [pc, #132]	@ (10002390 <set_sys_clock_pll+0x164>)
1000230c:	63da      	str	r2, [r3, #60]	@ 0x3c
1000230e:	6c4b      	ldr	r3, [r1, #68]	@ 0x44
10002310:	07da      	lsls	r2, r3, #31
10002312:	d5fc      	bpl.n	1000230e <set_sys_clock_pll+0xe2>
10002314:	6bcb      	ldr	r3, [r1, #60]	@ 0x3c
10002316:	4a20      	ldr	r2, [pc, #128]	@ (10002398 <set_sys_clock_pll+0x16c>)
10002318:	f003 03e0 	and.w	r3, r3, #224	@ 0xe0
1000231c:	63d3      	str	r3, [r2, #60]	@ 0x3c
1000231e:	6bcb      	ldr	r3, [r1, #60]	@ 0x3c
10002320:	491b      	ldr	r1, [pc, #108]	@ (10002390 <set_sys_clock_pll+0x164>)
10002322:	f083 0301 	eor.w	r3, r3, #1
10002326:	f003 0303 	and.w	r3, r3, #3
1000232a:	63d3      	str	r3, [r2, #60]	@ 0x3c
1000232c:	6c4b      	ldr	r3, [r1, #68]	@ 0x44
1000232e:	079b      	lsls	r3, r3, #30
10002330:	d5fc      	bpl.n	1000232c <set_sys_clock_pll+0x100>
10002332:	f44f 3380 	mov.w	r3, #65536	@ 0x10000
10002336:	f44f 6500 	mov.w	r5, #2048	@ 0x800
1000233a:	4a18      	ldr	r2, [pc, #96]	@ (1000239c <set_sys_clock_pll+0x170>)
1000233c:	6166      	str	r6, [r4, #20]
1000233e:	63d5      	str	r5, [r2, #60]	@ 0x3c
10002340:	640b      	str	r3, [r1, #64]	@ 0x40
10002342:	6cca      	ldr	r2, [r1, #76]	@ 0x4c
10002344:	429a      	cmp	r2, r3
10002346:	bf38      	it	cc
10002348:	64cb      	strcc	r3, [r1, #76]	@ 0x4c
1000234a:	f44f 6100 	mov.w	r1, #2048	@ 0x800
1000234e:	4b11      	ldr	r3, [pc, #68]	@ (10002394 <set_sys_clock_pll+0x168>)
10002350:	69a2      	ldr	r2, [r4, #24]
10002352:	6499      	str	r1, [r3, #72]	@ 0x48
10002354:	b13a      	cbz	r2, 10002366 <set_sys_clock_pll+0x13a>
10002356:	6963      	ldr	r3, [r4, #20]
10002358:	fbb3 f3f2 	udiv	r3, r3, r2
1000235c:	3301      	adds	r3, #1
1000235e:	eb03 0343 	add.w	r3, r3, r3, lsl #1
10002362:	3b03      	subs	r3, #3
10002364:	d2fd      	bcs.n	10002362 <set_sys_clock_pll+0x136>
10002366:	f44f 6000 	mov.w	r0, #2048	@ 0x800
1000236a:	f44f 3180 	mov.w	r1, #65536	@ 0x10000
1000236e:	4a08      	ldr	r2, [pc, #32]	@ (10002390 <set_sys_clock_pll+0x164>)
10002370:	4d09      	ldr	r5, [pc, #36]	@ (10002398 <set_sys_clock_pll+0x16c>)
10002372:	6c93      	ldr	r3, [r2, #72]	@ 0x48
10002374:	f083 0340 	eor.w	r3, r3, #64	@ 0x40
10002378:	f003 03e0 	and.w	r3, r3, #224	@ 0xe0
1000237c:	64ab      	str	r3, [r5, #72]	@ 0x48
1000237e:	4b07      	ldr	r3, [pc, #28]	@ (1000239c <set_sys_clock_pll+0x170>)
10002380:	4d08      	ldr	r5, [pc, #32]	@ (100023a4 <set_sys_clock_pll+0x178>)
10002382:	61a5      	str	r5, [r4, #24]
10002384:	6498      	str	r0, [r3, #72]	@ 0x48
10002386:	64d1      	str	r1, [r2, #76]	@ 0x4c
10002388:	b003      	add	sp, #12
1000238a:	e8bd 83f0 	ldmia.w	sp!, {r4, r5, r6, r7, r8, r9, pc}
1000238e:	bf00      	nop
10002390:	40010000 	.word	0x40010000
10002394:	40013000 	.word	0x40013000
10002398:	40011000 	.word	0x40011000
1000239c:	40012000 	.word	0x40012000
100023a0:	20000fc8 	.word	0x20000fc8
100023a4:	02dc6c00 	.word	0x02dc6c00
100023a8:	40050000 	.word	0x40050000
100023ac:	00b71b00 	.word	0x00b71b00

100023b0 <check_sys_clock_khz>:
100023b0:	e92d 4ff0 	stmdb	sp!, {r4, r5, r6, r7, r8, r9, sl, fp, lr}
100023b4:	f44f 78a0 	mov.w	r8, #320	@ 0x140
100023b8:	4699      	mov	r9, r3
100023ba:	b085      	sub	sp, #20
100023bc:	e9cd 1202 	strd	r1, r2, [sp, #8]
100023c0:	4c5f      	ldr	r4, [pc, #380]	@ (10002540 <check_sys_clock_khz+0x190>)
100023c2:	f8df a184 	ldr.w	sl, [pc, #388]	@ 10002548 <check_sys_clock_khz+0x198>
100023c6:	4554      	cmp	r4, sl
100023c8:	d90a      	bls.n	100023e0 <check_sys_clock_khz+0x30>
100023ca:	f108 38ff 	add.w	r8, r8, #4294967295	@ 0xffffffff
100023ce:	f5a4 543b 	sub.w	r4, r4, #11968	@ 0x2ec0
100023d2:	f1b8 0f0f 	cmp.w	r8, #15
100023d6:	f1a4 0420 	sub.w	r4, r4, #32
100023da:	d1f4      	bne.n	100023c6 <check_sys_clock_khz+0x16>
100023dc:	2000      	movs	r0, #0
100023de:	e069      	b.n	100024b4 <check_sys_clock_khz+0x104>
100023e0:	2307      	movs	r3, #7
100023e2:	f504 2237 	add.w	r2, r4, #749568	@ 0xb7000
100023e6:	9401      	str	r4, [sp, #4]
100023e8:	fb03 f403 	mul.w	r4, r3, r3
100023ec:	f502 72d8 	add.w	r2, r2, #432	@ 0x1b0
100023f0:	fbb2 fef4 	udiv	lr, r2, r4
100023f4:	4570      	cmp	r0, lr
100023f6:	f04f 0c01 	mov.w	ip, #1
100023fa:	f04f 0702 	mov.w	r7, #2
100023fe:	f04f 0603 	mov.w	r6, #3
10002402:	f04f 0504 	mov.w	r5, #4
10002406:	f04f 0105 	mov.w	r1, #5
1000240a:	d03f      	beq.n	1000248c <check_sys_clock_khz+0xdc>
1000240c:	f1b3 0e01 	subs.w	lr, r3, #1
10002410:	f000 8094 	beq.w	1000253c <check_sys_clock_khz+0x18c>
10002414:	fb0e f403 	mul.w	r4, lr, r3
10002418:	fbb2 fbf4 	udiv	fp, r2, r4
1000241c:	4558      	cmp	r0, fp
1000241e:	d04c      	beq.n	100024ba <check_sys_clock_khz+0x10a>
10002420:	b319      	cbz	r1, 1000246a <check_sys_clock_khz+0xba>
10002422:	fb01 f403 	mul.w	r4, r1, r3
10002426:	fbb2 fbf4 	udiv	fp, r2, r4
1000242a:	4558      	cmp	r0, fp
1000242c:	d04f      	beq.n	100024ce <check_sys_clock_khz+0x11e>
1000242e:	b1e5      	cbz	r5, 1000246a <check_sys_clock_khz+0xba>
10002430:	fb05 f403 	mul.w	r4, r5, r3
10002434:	fbb2 fbf4 	udiv	fp, r2, r4
10002438:	4558      	cmp	r0, fp
1000243a:	d053      	beq.n	100024e4 <check_sys_clock_khz+0x134>
1000243c:	b1ae      	cbz	r6, 1000246a <check_sys_clock_khz+0xba>
1000243e:	fb06 f403 	mul.w	r4, r6, r3
10002442:	fbb2 fbf4 	udiv	fp, r2, r4
10002446:	4558      	cmp	r0, fp
10002448:	d057      	beq.n	100024fa <check_sys_clock_khz+0x14a>
1000244a:	b177      	cbz	r7, 1000246a <check_sys_clock_khz+0xba>
1000244c:	fb07 f403 	mul.w	r4, r7, r3
10002450:	fbb2 fbf4 	udiv	fp, r2, r4
10002454:	4558      	cmp	r0, fp
10002456:	d05b      	beq.n	10002510 <check_sys_clock_khz+0x160>
10002458:	f1bc 0f00 	cmp.w	ip, #0
1000245c:	d005      	beq.n	1000246a <check_sys_clock_khz+0xba>
1000245e:	fb0c f403 	mul.w	r4, ip, r3
10002462:	fbb2 fbf4 	udiv	fp, r2, r4
10002466:	4583      	cmp	fp, r0
10002468:	d05d      	beq.n	10002526 <check_sys_clock_khz+0x176>
1000246a:	4673      	mov	r3, lr
1000246c:	fb03 f403 	mul.w	r4, r3, r3
10002470:	fbb2 fef4 	udiv	lr, r2, r4
10002474:	4570      	cmp	r0, lr
10002476:	f101 31ff 	add.w	r1, r1, #4294967295	@ 0xffffffff
1000247a:	f105 35ff 	add.w	r5, r5, #4294967295	@ 0xffffffff
1000247e:	f106 36ff 	add.w	r6, r6, #4294967295	@ 0xffffffff
10002482:	f107 37ff 	add.w	r7, r7, #4294967295	@ 0xffffffff
10002486:	f10c 3cff 	add.w	ip, ip, #4294967295	@ 0xffffffff
1000248a:	d1bf      	bne.n	1000240c <check_sys_clock_khz+0x5c>
1000248c:	fb04 2410 	mls	r4, r4, r0, r2
10002490:	2c00      	cmp	r4, #0
10002492:	d1bb      	bne.n	1000240c <check_sys_clock_khz+0x5c>
10002494:	469e      	mov	lr, r3
10002496:	464a      	mov	r2, r9
10002498:	f8dd b008 	ldr.w	fp, [sp, #8]
1000249c:	f8dd 900c 	ldr.w	r9, [sp, #12]
100024a0:	2001      	movs	r0, #1
100024a2:	4928      	ldr	r1, [pc, #160]	@ (10002544 <check_sys_clock_khz+0x194>)
100024a4:	fb01 f108 	mul.w	r1, r1, r8
100024a8:	f8cb 1000 	str.w	r1, [fp]
100024ac:	f8c9 3000 	str.w	r3, [r9]
100024b0:	f8c2 e000 	str.w	lr, [r2]
100024b4:	b005      	add	sp, #20
100024b6:	e8bd 8ff0 	ldmia.w	sp!, {r4, r5, r6, r7, r8, r9, sl, fp, pc}
100024ba:	fb04 2410 	mls	r4, r4, r0, r2
100024be:	2c00      	cmp	r4, #0
100024c0:	d1ae      	bne.n	10002420 <check_sys_clock_khz+0x70>
100024c2:	464a      	mov	r2, r9
100024c4:	f8dd b008 	ldr.w	fp, [sp, #8]
100024c8:	f8dd 900c 	ldr.w	r9, [sp, #12]
100024cc:	e7e8      	b.n	100024a0 <check_sys_clock_khz+0xf0>
100024ce:	fb04 2410 	mls	r4, r4, r0, r2
100024d2:	2c00      	cmp	r4, #0
100024d4:	d1ab      	bne.n	1000242e <check_sys_clock_khz+0x7e>
100024d6:	464a      	mov	r2, r9
100024d8:	468e      	mov	lr, r1
100024da:	f8dd b008 	ldr.w	fp, [sp, #8]
100024de:	f8dd 900c 	ldr.w	r9, [sp, #12]
100024e2:	e7dd      	b.n	100024a0 <check_sys_clock_khz+0xf0>
100024e4:	fb04 2410 	mls	r4, r4, r0, r2
100024e8:	2c00      	cmp	r4, #0
100024ea:	d1a7      	bne.n	1000243c <check_sys_clock_khz+0x8c>
100024ec:	464a      	mov	r2, r9
100024ee:	46ae      	mov	lr, r5
100024f0:	f8dd b008 	ldr.w	fp, [sp, #8]
100024f4:	f8dd 900c 	ldr.w	r9, [sp, #12]
100024f8:	e7d2      	b.n	100024a0 <check_sys_clock_khz+0xf0>
100024fa:	fb04 2410 	mls	r4, r4, r0, r2
100024fe:	2c00      	cmp	r4, #0
10002500:	d1a3      	bne.n	1000244a <check_sys_clock_khz+0x9a>
10002502:	464a      	mov	r2, r9
10002504:	46b6      	mov	lr, r6
10002506:	f8dd b008 	ldr.w	fp, [sp, #8]
1000250a:	f8dd 900c 	ldr.w	r9, [sp, #12]
1000250e:	e7c7      	b.n	100024a0 <check_sys_clock_khz+0xf0>
10002510:	fb04 2410 	mls	r4, r4, r0, r2
10002514:	2c00      	cmp	r4, #0
10002516:	d19f      	bne.n	10002458 <check_sys_clock_khz+0xa8>
10002518:	464a      	mov	r2, r9
1000251a:	46be      	mov	lr, r7
1000251c:	f8dd b008 	ldr.w	fp, [sp, #8]
10002520:	f8dd 900c 	ldr.w	r9, [sp, #12]
10002524:	e7bc      	b.n	100024a0 <check_sys_clock_khz+0xf0>
10002526:	fb04 2410 	mls	r4, r4, r0, r2
1000252a:	2c00      	cmp	r4, #0
1000252c:	d19d      	bne.n	1000246a <check_sys_clock_khz+0xba>
1000252e:	464a      	mov	r2, r9
10002530:	46e6      	mov	lr, ip
10002532:	f8dd b008 	ldr.w	fp, [sp, #8]
10002536:	f8dd 900c 	ldr.w	r9, [sp, #12]
1000253a:	e7b1      	b.n	100024a0 <check_sys_clock_khz+0xf0>
1000253c:	9c01      	ldr	r4, [sp, #4]
1000253e:	e744      	b.n	100023ca <check_sys_clock_khz+0x1a>
10002540:	002f2650 	.word	0x002f2650
10002544:	00b71b00 	.word	0x00b71b00
10002548:	000cf850 	.word	0x000cf850

1000254c <pll_init>:
1000254c:	b470      	push	{r4, r5, r6}
1000254e:	9d03      	ldr	r5, [sp, #12]
10002550:	6804      	ldr	r4, [r0, #0]
10002552:	032d      	lsls	r5, r5, #12
10002554:	ea45 4503 	orr.w	r5, r5, r3, lsl #16
10002558:	4b1b      	ldr	r3, [pc, #108]	@ (100025c8 <pll_init+0x7c>)
1000255a:	2c00      	cmp	r4, #0
1000255c:	fbb3 f3f1 	udiv	r3, r3, r1
10002560:	fbb2 f6f3 	udiv	r6, r2, r3
10002564:	db1f      	blt.n	100025a6 <pll_init+0x5a>
10002566:	4a19      	ldr	r2, [pc, #100]	@ (100025cc <pll_init+0x80>)
10002568:	4b19      	ldr	r3, [pc, #100]	@ (100025d0 <pll_init+0x84>)
1000256a:	4290      	cmp	r0, r2
1000256c:	bf14      	ite	ne
1000256e:	f44f 4280 	movne.w	r2, #16384	@ 0x4000
10002572:	f44f 4200 	moveq.w	r2, #32768	@ 0x8000
10002576:	4c17      	ldr	r4, [pc, #92]	@ (100025d4 <pll_init+0x88>)
10002578:	601a      	str	r2, [r3, #0]
1000257a:	f503 5380 	add.w	r3, r3, #4096	@ 0x1000
1000257e:	601a      	str	r2, [r3, #0]
10002580:	68a3      	ldr	r3, [r4, #8]
10002582:	ea32 0303 	bics.w	r3, r2, r3
10002586:	d1fb      	bne.n	10002580 <pll_init+0x34>
10002588:	2221      	movs	r2, #33	@ 0x21
1000258a:	f500 5340 	add.w	r3, r0, #12288	@ 0x3000
1000258e:	3304      	adds	r3, #4
10002590:	6001      	str	r1, [r0, #0]
10002592:	6086      	str	r6, [r0, #8]
10002594:	601a      	str	r2, [r3, #0]
10002596:	6802      	ldr	r2, [r0, #0]
10002598:	2a00      	cmp	r2, #0
1000259a:	dafc      	bge.n	10002596 <pll_init+0x4a>
1000259c:	2208      	movs	r2, #8
1000259e:	60c5      	str	r5, [r0, #12]
100025a0:	601a      	str	r2, [r3, #0]
100025a2:	bc70      	pop	{r4, r5, r6}
100025a4:	4770      	bx	lr
100025a6:	6803      	ldr	r3, [r0, #0]
100025a8:	f003 033f 	and.w	r3, r3, #63	@ 0x3f
100025ac:	428b      	cmp	r3, r1
100025ae:	d1da      	bne.n	10002566 <pll_init+0x1a>
100025b0:	6883      	ldr	r3, [r0, #8]
100025b2:	f3c3 030b 	ubfx	r3, r3, #0, #12
100025b6:	42b3      	cmp	r3, r6
100025b8:	d1d5      	bne.n	10002566 <pll_init+0x1a>
100025ba:	68c3      	ldr	r3, [r0, #12]
100025bc:	f403 23ee 	and.w	r3, r3, #487424	@ 0x77000
100025c0:	42ab      	cmp	r3, r5
100025c2:	d1d0      	bne.n	10002566 <pll_init+0x1a>
100025c4:	e7ed      	b.n	100025a2 <pll_init+0x56>
100025c6:	bf00      	nop
100025c8:	00b71b00 	.word	0x00b71b00
100025cc:	40058000 	.word	0x40058000
100025d0:	40022000 	.word	0x40022000
100025d4:	40020000 	.word	0x40020000

100025d8 <tick_start>:
100025d8:	2301      	movs	r3, #1
100025da:	eb00 0040 	add.w	r0, r0, r0, lsl #1
100025de:	0080      	lsls	r0, r0, #2
100025e0:	f100 4080 	add.w	r0, r0, #1073741824	@ 0x40000000
100025e4:	f500 1084 	add.w	r0, r0, #1081344	@ 0x108000
100025e8:	6041      	str	r1, [r0, #4]
100025ea:	6003      	str	r3, [r0, #0]
100025ec:	4770      	bx	lr
100025ee:	bf00      	nop

100025f0 <rom_func_lookup>:
100025f0:	2300      	movs	r3, #0
100025f2:	8adb      	ldrh	r3, [r3, #22]
100025f4:	2200      	movs	r2, #0
100025f6:	e842 f200 	tt	r2, r2
100025fa:	0252      	lsls	r2, r2, #9
100025fc:	d401      	bmi.n	10002602 <rom_func_lookup+0x12>
100025fe:	2110      	movs	r1, #16
10002600:	4718      	bx	r3
10002602:	2104      	movs	r1, #4
10002604:	4718      	bx	r3
10002606:	bf00      	nop

10002608 <runtime_init_bootrom_locking_enable>:
10002608:	4a03      	ldr	r2, [pc, #12]	@ (10002618 <runtime_init_bootrom_locking_enable+0x10>)
1000260a:	f8d2 3828 	ldr.w	r3, [r2, #2088]	@ 0x828
1000260e:	2b00      	cmp	r3, #0
10002610:	d0fb      	beq.n	1000260a <runtime_init_bootrom_locking_enable+0x2>
10002612:	f3bf 8f5f 	dmb	sy
10002616:	4770      	bx	lr
10002618:	400e0000 	.word	0x400e0000

1000261c <runtime_init_boot_locks_reset>:
1000261c:	2100      	movs	r1, #0
1000261e:	4b04      	ldr	r3, [pc, #16]	@ (10002630 <runtime_init_boot_locks_reset+0x14>)
10002620:	4a04      	ldr	r2, [pc, #16]	@ (10002634 <runtime_init_boot_locks_reset+0x18>)
10002622:	f3bf 8f5f 	dmb	sy
10002626:	f843 1b04 	str.w	r1, [r3], #4
1000262a:	4293      	cmp	r3, r2
1000262c:	d1f9      	bne.n	10002622 <runtime_init_boot_locks_reset+0x6>
1000262e:	4770      	bx	lr
10002630:	400e080c 	.word	0x400e080c
10002634:	400e082c 	.word	0x400e082c

10002638 <xosc_init>:
10002638:	b410      	push	{r4}
1000263a:	f44f 708d 	mov.w	r0, #282	@ 0x11a
1000263e:	f44f 642a 	mov.w	r4, #2720	@ 0xaa0
10002642:	4a06      	ldr	r2, [pc, #24]	@ (1000265c <xosc_init+0x24>)
10002644:	4b06      	ldr	r3, [pc, #24]	@ (10002660 <xosc_init+0x28>)
10002646:	4907      	ldr	r1, [pc, #28]	@ (10002664 <xosc_init+0x2c>)
10002648:	6014      	str	r4, [r2, #0]
1000264a:	60d0      	str	r0, [r2, #12]
1000264c:	6019      	str	r1, [r3, #0]
1000264e:	6853      	ldr	r3, [r2, #4]
10002650:	2b00      	cmp	r3, #0
10002652:	dafc      	bge.n	1000264e <xosc_init+0x16>
10002654:	f85d 4b04 	ldr.w	r4, [sp], #4
10002658:	4770      	bx	lr
1000265a:	bf00      	nop
1000265c:	40048000 	.word	0x40048000
10002660:	4004a000 	.word	0x4004a000
10002664:	00fab000 	.word	0x00fab000

10002668 <first_per_core_initializer>:
10002668:	4770      	bx	lr
1000266a:	bf00      	nop

1000266c <hard_assertion_failure>:
1000266c:	b508      	push	{r3, lr}
1000266e:	4801      	ldr	r0, [pc, #4]	@ (10002674 <hard_assertion_failure+0x8>)
10002670:	f7fe fff2 	bl	10001658 <panic>
10002674:	10005548 	.word	0x10005548

10002678 <runtime_run_initializers>:
10002678:	b538      	push	{r3, r4, r5, lr}
1000267a:	4c05      	ldr	r4, [pc, #20]	@ (10002690 <runtime_run_initializers+0x18>)
1000267c:	4d05      	ldr	r5, [pc, #20]	@ (10002694 <runtime_run_initializers+0x1c>)
1000267e:	42ac      	cmp	r4, r5
10002680:	d204      	bcs.n	1000268c <runtime_run_initializers+0x14>
10002682:	f854 3b04 	ldr.w	r3, [r4], #4
10002686:	4798      	blx	r3
10002688:	42ac      	cmp	r4, r5
1000268a:	d3fa      	bcc.n	10002682 <runtime_run_initializers+0xa>
1000268c:	bd38      	pop	{r3, r4, r5, pc}
1000268e:	bf00      	nop
10002690:	100052b0 	.word	0x100052b0
10002694:	100052f0 	.word	0x100052f0

10002698 <runtime_init_early_resets>:
10002698:	b410      	push	{r4}
1000269a:	4807      	ldr	r0, [pc, #28]	@ (100026b8 <runtime_init_early_resets+0x20>)
1000269c:	4c07      	ldr	r4, [pc, #28]	@ (100026bc <runtime_init_early_resets+0x24>)
1000269e:	4b08      	ldr	r3, [pc, #32]	@ (100026c0 <runtime_init_early_resets+0x28>)
100026a0:	4a08      	ldr	r2, [pc, #32]	@ (100026c4 <runtime_init_early_resets+0x2c>)
100026a2:	4909      	ldr	r1, [pc, #36]	@ (100026c8 <runtime_init_early_resets+0x30>)
100026a4:	6004      	str	r4, [r0, #0]
100026a6:	601a      	str	r2, [r3, #0]
100026a8:	688b      	ldr	r3, [r1, #8]
100026aa:	ea32 0303 	bics.w	r3, r2, r3
100026ae:	d1fb      	bne.n	100026a8 <runtime_init_early_resets+0x10>
100026b0:	f85d 4b04 	ldr.w	r4, [sp], #4
100026b4:	4770      	bx	lr
100026b6:	bf00      	nop
100026b8:	40022000 	.word	0x40022000
100026bc:	efef3b7f 	.word	0xefef3b7f
100026c0:	40023000 	.word	0x40023000
100026c4:	03f3fff6 	.word	0x03f3fff6
100026c8:	40020000 	.word	0x40020000

100026cc <runtime_init_usb_power_down>:
100026cc:	4b04      	ldr	r3, [pc, #16]	@ (100026e0 <runtime_init_usb_power_down+0x14>)
100026ce:	6cdb      	ldr	r3, [r3, #76]	@ 0x4c
100026d0:	f5b3 4f00 	cmp.w	r3, #32768	@ 0x8000
100026d4:	d103      	bne.n	100026de <runtime_init_usb_power_down+0x12>
100026d6:	f44f 2280 	mov.w	r2, #262144	@ 0x40000
100026da:	4b02      	ldr	r3, [pc, #8]	@ (100026e4 <runtime_init_usb_power_down+0x18>)
100026dc:	64da      	str	r2, [r3, #76]	@ 0x4c
100026de:	4770      	bx	lr
100026e0:	50110000 	.word	0x50110000
100026e4:	50112000 	.word	0x50112000

100026e8 <runtime_init_per_core_enable_coprocessors>:
100026e8:	f04f 22e0 	mov.w	r2, #3758153728	@ 0xe000e000
100026ec:	4b04      	ldr	r3, [pc, #16]	@ (10002700 <runtime_init_per_core_enable_coprocessors+0x18>)
100026ee:	f8d2 1d88 	ldr.w	r1, [r2, #3464]	@ 0xd88
100026f2:	430b      	orrs	r3, r1
100026f4:	f8c2 3d88 	str.w	r3, [r2, #3464]	@ 0xd88
100026f8:	ee10 0430 			dcp_rcmp r0
100026fc:	4770      	bx	lr
100026fe:	bf00      	nop
10002700:	00300303 	.word	0x00300303

10002704 <runtime_init_post_clock_resets>:
10002704:	f06f 4160 	mvn.w	r1, #3758096384	@ 0xe0000000
10002708:	4b04      	ldr	r3, [pc, #16]	@ (1000271c <runtime_init_post_clock_resets+0x18>)
1000270a:	4a05      	ldr	r2, [pc, #20]	@ (10002720 <runtime_init_post_clock_resets+0x1c>)
1000270c:	6019      	str	r1, [r3, #0]
1000270e:	6893      	ldr	r3, [r2, #8]
10002710:	43db      	mvns	r3, r3
10002712:	f033 4360 	bics.w	r3, r3, #3758096384	@ 0xe0000000
10002716:	d1fa      	bne.n	1000270e <runtime_init_post_clock_resets+0xa>
10002718:	4770      	bx	lr
1000271a:	bf00      	nop
1000271c:	40023000 	.word	0x40023000
10002720:	40020000 	.word	0x40020000

10002724 <runtime_init_bootrom_reset>:
10002724:	b510      	push	{r4, lr}
10002726:	f245 2053 	movw	r0, #21075	@ 0x5253
1000272a:	f7ff ff61 	bl	100025f0 <rom_func_lookup>
1000272e:	e8bd 4010 	ldmia.w	sp!, {r4, lr}
10002732:	4603      	mov	r3, r0
10002734:	2004      	movs	r0, #4
10002736:	4718      	bx	r3

10002738 <runtime_init_per_core_bootrom_reset>:
10002738:	b510      	push	{r4, lr}
1000273a:	f245 2053 	movw	r0, #21075	@ 0x5253
1000273e:	f7ff ff57 	bl	100025f0 <rom_func_lookup>
10002742:	e8bd 4010 	ldmia.w	sp!, {r4, lr}
10002746:	4603      	mov	r3, r0
10002748:	2001      	movs	r0, #1
1000274a:	4718      	bx	r3

1000274c <runtime_init_spin_locks_reset>:
1000274c:	f7ff b838 	b.w	100017c0 <spin_locks_reset>

10002750 <runtime_init_install_ram_vector_table>:
10002750:	4914      	ldr	r1, [pc, #80]	@ (100027a4 <runtime_init_install_ram_vector_table+0x54>)
10002752:	4b15      	ldr	r3, [pc, #84]	@ (100027a8 <runtime_init_install_ram_vector_table+0x58>)
10002754:	b570      	push	{r4, r5, r6, lr}
10002756:	1a5c      	subs	r4, r3, r1
10002758:	10a6      	asrs	r6, r4, #2
1000275a:	2e44      	cmp	r6, #68	@ 0x44
1000275c:	4632      	mov	r2, r6
1000275e:	bf28      	it	cs
10002760:	2244      	movcs	r2, #68	@ 0x44
10002762:	4d12      	ldr	r5, [pc, #72]	@ (100027ac <runtime_init_install_ram_vector_table+0x5c>)
10002764:	0092      	lsls	r2, r2, #2
10002766:	4628      	mov	r0, r5
10002768:	f002 fb9a 	bl	10004ea0 <memcpy>
1000276c:	f5b4 7f86 	cmp.w	r4, #268	@ 0x10c
10002770:	d813      	bhi.n	1000279a <runtime_init_install_ram_vector_table+0x4a>
10002772:	4a0f      	ldr	r2, [pc, #60]	@ (100027b0 <runtime_init_install_ram_vector_table+0x60>)
10002774:	f1c6 0044 	rsb	r0, r6, #68	@ 0x44
10002778:	d012      	beq.n	100027a0 <runtime_init_install_ram_vector_table+0x50>
1000277a:	192b      	adds	r3, r5, r4
1000277c:	0841      	lsrs	r1, r0, #1
1000277e:	eb03 01c1 	add.w	r1, r3, r1, lsl #3
10002782:	e9c3 2200 	strd	r2, r2, [r3]
10002786:	3308      	adds	r3, #8
10002788:	428b      	cmp	r3, r1
1000278a:	d1fa      	bne.n	10002782 <runtime_init_install_ram_vector_table+0x32>
1000278c:	07c3      	lsls	r3, r0, #31
1000278e:	d504      	bpl.n	1000279a <runtime_init_install_ram_vector_table+0x4a>
10002790:	f020 0001 	bic.w	r0, r0, #1
10002794:	4430      	add	r0, r6
10002796:	f845 2020 	str.w	r2, [r5, r0, lsl #2]
1000279a:	4b06      	ldr	r3, [pc, #24]	@ (100027b4 <runtime_init_install_ram_vector_table+0x64>)
1000279c:	609d      	str	r5, [r3, #8]
1000279e:	bd70      	pop	{r4, r5, r6, pc}
100027a0:	2043      	movs	r0, #67	@ 0x43
100027a2:	e7f8      	b.n	10002796 <runtime_init_install_ram_vector_table+0x46>
100027a4:	10000000 	.word	0x10000000
100027a8:	10000110 	.word	0x10000110
100027ac:	20000000 	.word	0x20000000
100027b0:	10000111 	.word	0x10000111
100027b4:	e000ed00 	.word	0xe000ed00

100027b8 <runtime_init_clocks>:
100027b8:	2300      	movs	r3, #0
100027ba:	b570      	push	{r4, r5, r6, lr}
100027bc:	4c2b      	ldr	r4, [pc, #172]	@ (1000286c <runtime_init_clocks+0xb4>)
100027be:	b082      	sub	sp, #8
100027c0:	f8c4 3084 	str.w	r3, [r4, #132]	@ 0x84
100027c4:	f7ff ff38 	bl	10002638 <xosc_init>
100027c8:	2201      	movs	r2, #1
100027ca:	4b29      	ldr	r3, [pc, #164]	@ (10002870 <runtime_init_clocks+0xb8>)
100027cc:	63da      	str	r2, [r3, #60]	@ 0x3c
100027ce:	6c63      	ldr	r3, [r4, #68]	@ 0x44
100027d0:	2b01      	cmp	r3, #1
100027d2:	d1fc      	bne.n	100027ce <runtime_init_clocks+0x16>
100027d4:	2103      	movs	r1, #3
100027d6:	4a26      	ldr	r2, [pc, #152]	@ (10002870 <runtime_init_clocks+0xb8>)
100027d8:	4b24      	ldr	r3, [pc, #144]	@ (1000286c <runtime_init_clocks+0xb4>)
100027da:	6311      	str	r1, [r2, #48]	@ 0x30
100027dc:	6b9c      	ldr	r4, [r3, #56]	@ 0x38
100027de:	2c01      	cmp	r4, #1
100027e0:	d1fc      	bne.n	100027dc <runtime_init_clocks+0x24>
100027e2:	2602      	movs	r6, #2
100027e4:	2505      	movs	r5, #5
100027e6:	4621      	mov	r1, r4
100027e8:	2305      	movs	r3, #5
100027ea:	4a22      	ldr	r2, [pc, #136]	@ (10002874 <runtime_init_clocks+0xbc>)
100027ec:	4822      	ldr	r0, [pc, #136]	@ (10002878 <runtime_init_clocks+0xc0>)
100027ee:	9600      	str	r6, [sp, #0]
100027f0:	f7ff feac 	bl	1000254c <pll_init>
100027f4:	4621      	mov	r1, r4
100027f6:	462b      	mov	r3, r5
100027f8:	4a20      	ldr	r2, [pc, #128]	@ (1000287c <runtime_init_clocks+0xc4>)
100027fa:	4821      	ldr	r0, [pc, #132]	@ (10002880 <runtime_init_clocks+0xc8>)
100027fc:	9500      	str	r5, [sp, #0]
100027fe:	f7ff fea5 	bl	1000254c <pll_init>
10002802:	2200      	movs	r2, #0
10002804:	2004      	movs	r0, #4
10002806:	4631      	mov	r1, r6
10002808:	4b1e      	ldr	r3, [pc, #120]	@ (10002884 <runtime_init_clocks+0xcc>)
1000280a:	f7ff fca1 	bl	10002150 <clock_configure_undivided>
1000280e:	4621      	mov	r1, r4
10002810:	4628      	mov	r0, r5
10002812:	2200      	movs	r2, #0
10002814:	4b1c      	ldr	r3, [pc, #112]	@ (10002888 <runtime_init_clocks+0xd0>)
10002816:	f7ff fc9b 	bl	10002150 <clock_configure_undivided>
1000281a:	2200      	movs	r2, #0
1000281c:	2008      	movs	r0, #8
1000281e:	4611      	mov	r1, r2
10002820:	4b1a      	ldr	r3, [pc, #104]	@ (1000288c <runtime_init_clocks+0xd4>)
10002822:	f7ff fc95 	bl	10002150 <clock_configure_undivided>
10002826:	2200      	movs	r2, #0
10002828:	2009      	movs	r0, #9
1000282a:	4611      	mov	r1, r2
1000282c:	4b17      	ldr	r3, [pc, #92]	@ (1000288c <runtime_init_clocks+0xd4>)
1000282e:	f7ff fc8f 	bl	10002150 <clock_configure_undivided>
10002832:	2200      	movs	r2, #0
10002834:	2006      	movs	r0, #6
10002836:	4611      	mov	r1, r2
10002838:	4b13      	ldr	r3, [pc, #76]	@ (10002888 <runtime_init_clocks+0xd0>)
1000283a:	f7ff fc89 	bl	10002150 <clock_configure_undivided>
1000283e:	2200      	movs	r2, #0
10002840:	4b11      	ldr	r3, [pc, #68]	@ (10002888 <runtime_init_clocks+0xd0>)
10002842:	2007      	movs	r0, #7
10002844:	4611      	mov	r1, r2
10002846:	f7ff fc83 	bl	10002150 <clock_configure_undivided>
1000284a:	2004      	movs	r0, #4
1000284c:	f7ff fce8 	bl	10002220 <clock_get_hz>
10002850:	2400      	movs	r4, #0
10002852:	4b0f      	ldr	r3, [pc, #60]	@ (10002890 <runtime_init_clocks+0xd8>)
10002854:	fba3 3500 	umull	r3, r5, r3, r0
10002858:	0cad      	lsrs	r5, r5, #18
1000285a:	b2e0      	uxtb	r0, r4
1000285c:	4629      	mov	r1, r5
1000285e:	3401      	adds	r4, #1
10002860:	f7ff feba 	bl	100025d8 <tick_start>
10002864:	2c06      	cmp	r4, #6
10002866:	d1f8      	bne.n	1000285a <runtime_init_clocks+0xa2>
10002868:	b002      	add	sp, #8
1000286a:	bd70      	pop	{r4, r5, r6, pc}
1000286c:	40010000 	.word	0x40010000
10002870:	40013000 	.word	0x40013000
10002874:	59682f00 	.word	0x59682f00
10002878:	40050000 	.word	0x40050000
1000287c:	47868c00 	.word	0x47868c00
10002880:	40058000 	.word	0x40058000
10002884:	00b71b00 	.word	0x00b71b00
10002888:	08f0d180 	.word	0x08f0d180
1000288c:	02dc6c00 	.word	0x02dc6c00
10002890:	431bde83 	.word	0x431bde83

10002894 <generic_save_state>:
10002894:	b086      	sub	sp, #24
10002896:	b403      	push	{r0, r1}
10002898:	fc51 0408 	dcp_pxmd r0, r1
1000289c:	e9cd 0102 	strd	r0, r1, [sp, #8]
100028a0:	fc51 0409 	dcp_pymd r0, r1
100028a4:	e9cd 0104 	strd	r0, r1, [sp, #16]
100028a8:	ec51 040a 	dcp_refd r0, r1
100028ac:	e9cd 0106 	strd	r0, r1, [sp, #24]
100028b0:	bc03      	pop	{r0, r1}
100028b2:	47f0      	blx	lr

100028b4 <generic_restore_state>:
100028b4:	e8bd 5000 	ldmia.w	sp!, {ip, lr}
100028b8:	ec4e c400 	dcp_wxmd ip, lr
100028bc:	e8bd 5000 	ldmia.w	sp!, {ip, lr}
100028c0:	ec4e c401 	dcp_wymd ip, lr
100028c4:	e8bd 5000 	ldmia.w	sp!, {ip, lr}
100028c8:	ec4e c402 	dcp_wefd ip, lr
100028cc:	bd00      	pop	{pc}
100028ce:	0000      	movs	r0, r0
100028d0:	b500      	push	{lr}
100028d2:	f7ff ffdf 	bl	10002894 <generic_save_state>
100028d6:	e002      	b.n	100028de <__wrap___aeabi_dadd+0x6>

100028d8 <__wrap___aeabi_dadd>:
100028d8:	fe10 f430 	dcp_pcmp APSR_nzcv
100028dc:	d4f8      	bmi.n	100028d0 <generic_restore_state+0x1c>
100028de:	ec41 0410 	dcp_wxup r0, r1
100028e2:	ec43 2411 	dcp_wyup r2, r3
100028e6:	ee00 0401 			dcp_add0
100028ea:	ee10 0401 			dcp_add1
100028ee:	ee80 0420 			dcp_nrdd
100028f2:	ec51 0410 	dcp_rdda r0, r1
100028f6:	4770      	bx	lr
100028f8:	b500      	push	{lr}
100028fa:	f7ff ffcb 	bl	10002894 <generic_save_state>
100028fe:	e002      	b.n	10002906 <__wrap___aeabi_dsub+0x6>

10002900 <__wrap___aeabi_dsub>:
10002900:	fe10 f430 	dcp_pcmp APSR_nzcv
10002904:	d4f8      	bmi.n	100028f8 <__wrap___aeabi_dadd+0x20>
10002906:	ec41 0410 	dcp_wxup r0, r1
1000290a:	ec43 2411 	dcp_wyup r2, r3
1000290e:	ee00 0401 			dcp_add0
10002912:	ee10 0421 			dcp_sub1
10002916:	ee80 0420 			dcp_nrdd
1000291a:	ec51 0430 	dcp_rdds r0, r1
1000291e:	4770      	bx	lr
10002920:	b500      	push	{lr}
10002922:	f7ff ffb7 	bl	10002894 <generic_save_state>
10002926:	e002      	b.n	1000292e <__wrap___aeabi_dmul+0x6>

10002928 <__wrap___aeabi_dmul>:
10002928:	fe10 f430 	dcp_pcmp APSR_nzcv
1000292c:	d4f8      	bmi.n	10002920 <__wrap___aeabi_dsub+0x20>
1000292e:	b510      	push	{r4, lr}
10002930:	ec41 0410 	dcp_wxup r0, r1
10002934:	ec43 2411 	dcp_wyup r2, r3
10002938:	ec51 0404 	dcp_rxms r0, r1, #0x0
1000293c:	ec53 2405 	dcp_ryms r2, r3, #0x0
10002940:	fba0 4c02 	umull	r4, ip, r0, r2
10002944:	f05f 0e00 	movs.w	lr, #0
10002948:	fbe0 ce03 	umlal	ip, lr, r0, r3
1000294c:	fbe1 ce02 	umlal	ip, lr, r1, r2
10002950:	ec4c 4420 	dcp_wxms r4, ip
10002954:	2400      	movs	r4, #0
10002956:	fbe1 e403 	umlal	lr, r4, r1, r3
1000295a:	ec44 e430 	dcp_wxmo lr, r4
1000295e:	ee80 0420 			dcp_nrdd
10002962:	ec51 0450 	dcp_rddm r0, r1
10002966:	e8bd 4010 	ldmia.w	sp!, {r4, lr}
1000296a:	4770      	bx	lr
1000296c:	b500      	push	{lr}
1000296e:	f7ff ff91 	bl	10002894 <generic_save_state>
10002972:	e002      	b.n	1000297a <__wrap___aeabi_ddiv+0x6>

10002974 <__wrap___aeabi_ddiv>:
10002974:	fe10 f430 	dcp_pcmp APSR_nzcv
10002978:	d4f8      	bmi.n	1000296c <__wrap___aeabi_dmul+0x44>
1000297a:	ec41 0410 	dcp_wxup r0, r1
1000297e:	ec43 2411 	dcp_wyup r2, r3
10002982:	ec51 0421 	dcp_rymr r0, r1
10002986:	fba0 1201 	umull	r1, r2, r0, r1
1000298a:	ea6f 0282 	mvn.w	r2, r2, lsl #2
1000298e:	fb52 0010 	smmlar	r0, r2, r0, r0
10002992:	fb52 f212 	smmulr	r2, r2, r2
10002996:	fb52 0010 	smmlar	r0, r2, r0, r0
1000299a:	eba0 7cd0 	sub.w	ip, r0, r0, lsr #31
1000299e:	ec53 2404 	dcp_rxms r2, r3, #0x0
100029a2:	fb5c f113 	smmulr	r1, ip, r3
100029a6:	ec53 2415 	dcp_ryms r2, r3, #0x1
100029aa:	fba1 2002 	umull	r2, r0, r1, r2
100029ae:	fb01 0003 	mla	r0, r1, r3, r0
100029b2:	ec53 2444 	dcp_rxms r2, r3, #0x4
100029b6:	eba2 0000 	sub.w	r0, r2, r0
100029ba:	fb50 f21c 	smmulr	r2, r0, ip
100029be:	ea4f 1311 	mov.w	r3, r1, lsr #4
100029c2:	eb12 7001 	adds.w	r0, r2, r1, lsl #28
100029c6:	eb43 71e2 	adc.w	r1, r3, r2, asr #31
100029ca:	ea40 5051 	orr.w	r0, r0, r1, lsr #21
100029ce:	ea20 5091 	bic.w	r0, r0, r1, lsr #22
100029d2:	f020 0007 	bic.w	r0, r0, #7
100029d6:	ec53 2475 	dcp_ryms r2, r3, #0x7
100029da:	fba0 3c02 	umull	r3, ip, r0, r2
100029de:	ec53 2475 	dcp_ryms r2, r3, #0x7
100029e2:	fb00 cc03 	mla	ip, r0, r3, ip
100029e6:	fb01 cc02 	mla	ip, r1, r2, ip
100029ea:	ec53 2404 	dcp_rxms r2, r3, #0x0
100029ee:	ebac 4c82 	sub.w	ip, ip, r2, lsl #18
100029f2:	ea40 705c 	orr.w	r0, r0, ip, lsr #29
100029f6:	f1a0 0001 	sub.w	r0, r0, #1
100029fa:	ec41 0440 	dcp_wxdd r0, r1
100029fe:	ee80 0420 			dcp_nrdd
10002a02:	ec51 0470 	dcp_rddd r0, r1
10002a06:	4770      	bx	lr
10002a08:	b500      	push	{lr}
10002a0a:	f7ff ff43 	bl	10002894 <generic_save_state>
10002a0e:	e002      	b.n	10002a16 <__wrap___aeabi_i2d+0x6>

10002a10 <__wrap___aeabi_i2d>:
10002a10:	fe10 f430 	dcp_pcmp APSR_nzcv
10002a14:	d4f8      	bmi.n	10002a08 <__wrap___aeabi_ddiv+0x94>
10002a16:	ec40 0470 	dcp_wxic r0, r0
10002a1a:	ee00 0401 			dcp_add0
10002a1e:	ee10 0421 			dcp_sub1
10002a22:	ee80 0420 			dcp_nrdd
10002a26:	ec51 0430 	dcp_rdds r0, r1
10002a2a:	4770      	bx	lr
10002a2c:	b500      	push	{lr}
10002a2e:	f7ff ff31 	bl	10002894 <generic_save_state>
10002a32:	e002      	b.n	10002a3a <__wrap___aeabi_ui2d+0x6>

10002a34 <__wrap___aeabi_ui2d>:
10002a34:	fe10 f430 	dcp_pcmp APSR_nzcv
10002a38:	d4f8      	bmi.n	10002a2c <__wrap___aeabi_i2d+0x1c>
10002a3a:	ec40 0460 	dcp_wxuc r0, r0
10002a3e:	ee00 0401 			dcp_add0
10002a42:	ee10 0421 			dcp_sub1
10002a46:	ee80 0420 			dcp_nrdd
10002a4a:	ec51 0430 	dcp_rdds r0, r1
10002a4e:	4770      	bx	lr
10002a50:	b500      	push	{lr}
10002a52:	f7ff ff1f 	bl	10002894 <generic_save_state>
10002a56:	e002      	b.n	10002a5e <double2int_z_entry>

10002a58 <__wrap___aeabi_d2iz>:
10002a58:	fe10 f430 	dcp_pcmp APSR_nzcv
10002a5c:	d4f8      	bmi.n	10002a50 <__wrap___aeabi_ui2d+0x1c>

10002a5e <double2int_z_entry>:
10002a5e:	ec41 0480 	dcp_wxdc r0, r1
10002a62:	ee00 0401 			dcp_add0
10002a66:	ee10 0401 			dcp_add1
10002a6a:	ee80 0440 			dcp_ntdc
10002a6e:	ee10 0413 			dcp_rdic r0
10002a72:	4770      	bx	lr
10002a74:	b500      	push	{lr}
10002a76:	f7ff ff0d 	bl	10002894 <generic_save_state>
10002a7a:	e002      	b.n	10002a82 <double2uint_z_entry>

10002a7c <__wrap___aeabi_d2uiz>:
10002a7c:	fe10 f430 	dcp_pcmp APSR_nzcv
10002a80:	d4f8      	bmi.n	10002a74 <double2int_z_entry+0x16>

10002a82 <double2uint_z_entry>:
10002a82:	ec41 0480 	dcp_wxdc r0, r1
10002a86:	ee00 0401 			dcp_add0
10002a8a:	ee10 0401 			dcp_add1
10002a8e:	ee80 0440 			dcp_ntdc
10002a92:	ee10 0433 			dcp_rduc r0
10002a96:	4770      	bx	lr
10002a98:	b500      	push	{lr}
10002a9a:	f7ff fefb 	bl	10002894 <generic_save_state>
10002a9e:	e002      	b.n	10002aa6 <__wrap___aeabi_dcmpun+0x6>

10002aa0 <__wrap___aeabi_dcmpun>:
10002aa0:	fe10 f430 	dcp_pcmp APSR_nzcv
10002aa4:	d4f8      	bmi.n	10002a98 <double2uint_z_entry+0x16>
10002aa6:	ec41 0410 	dcp_wxup r0, r1
10002aaa:	ec43 2411 	dcp_wyup r2, r3
10002aae:	ee00 0401 			dcp_add0
10002ab2:	ee10 0430 			dcp_rcmp r0
10002ab6:	f3c0 7000 	ubfx	r0, r0, #28, #1
10002aba:	4770      	bx	lr
10002abc:	b500      	push	{lr}
10002abe:	f7ff fee9 	bl	10002894 <generic_save_state>
10002ac2:	e002      	b.n	10002aca <__wrap___aeabi_dcmplt+0x6>

10002ac4 <__wrap___aeabi_dcmplt>:
10002ac4:	fe10 f430 	dcp_pcmp APSR_nzcv
10002ac8:	d4f8      	bmi.n	10002abc <__wrap___aeabi_dcmpun+0x1c>
10002aca:	ec43 2410 	dcp_wxup r2, r3
10002ace:	ec41 0411 	dcp_wyup r0, r1
10002ad2:	ee00 0401 			dcp_add0
10002ad6:	ee10 f430 			dcp_rcmp APSR_nzcv
10002ada:	bf8c      	ite	hi
10002adc:	2001      	movhi	r0, #1
10002ade:	2000      	movls	r0, #0
10002ae0:	4770      	bx	lr
10002ae2:	bf00      	nop
10002ae4:	b500      	push	{lr}
10002ae6:	f7ff fed5 	bl	10002894 <generic_save_state>
10002aea:	e002      	b.n	10002af2 <__wrap___aeabi_dcmple+0x6>

10002aec <__wrap___aeabi_dcmple>:
10002aec:	fe10 f430 	dcp_pcmp APSR_nzcv
10002af0:	d4f8      	bmi.n	10002ae4 <__wrap___aeabi_dcmplt+0x20>
10002af2:	ec43 2410 	dcp_wxup r2, r3
10002af6:	ec41 0411 	dcp_wyup r0, r1
10002afa:	ee00 0401 			dcp_add0
10002afe:	ee10 f430 			dcp_rcmp APSR_nzcv
10002b02:	bf2c      	ite	cs
10002b04:	2001      	movcs	r0, #1
10002b06:	2000      	movcc	r0, #0
10002b08:	4770      	bx	lr
10002b0a:	bf00      	nop
10002b0c:	b500      	push	{lr}
10002b0e:	f7ff fec1 	bl	10002894 <generic_save_state>
10002b12:	e002      	b.n	10002b1a <__wrap___aeabi_dcmpge+0x6>

10002b14 <__wrap___aeabi_dcmpge>:
10002b14:	fe10 f430 	dcp_pcmp APSR_nzcv
10002b18:	d4f8      	bmi.n	10002b0c <__wrap___aeabi_dcmple+0x20>
10002b1a:	ec41 0410 	dcp_wxup r0, r1
10002b1e:	ec43 2411 	dcp_wyup r2, r3
10002b22:	ee00 0401 			dcp_add0
10002b26:	ee10 f430 			dcp_rcmp APSR_nzcv
10002b2a:	bf2c      	ite	cs
10002b2c:	2001      	movcs	r0, #1
10002b2e:	2000      	movcc	r0, #0
10002b30:	4770      	bx	lr
10002b32:	bf00      	nop
10002b34:	b500      	push	{lr}
10002b36:	f7ff fead 	bl	10002894 <generic_save_state>
10002b3a:	e002      	b.n	10002b42 <__wrap___aeabi_dcmpgt+0x6>

10002b3c <__wrap___aeabi_dcmpgt>:
10002b3c:	fe10 f430 	dcp_pcmp APSR_nzcv
10002b40:	d4f8      	bmi.n	10002b34 <__wrap___aeabi_dcmpge+0x20>
10002b42:	ec41 0410 	dcp_wxup r0, r1
10002b46:	ec43 2411 	dcp_wyup r2, r3
10002b4a:	ee00 0401 			dcp_add0
10002b4e:	ee10 f430 			dcp_rcmp APSR_nzcv
10002b52:	bf8c      	ite	hi
10002b54:	2001      	movhi	r0, #1
10002b56:	2000      	movls	r0, #0
10002b58:	4770      	bx	lr
10002b5a:	bf00      	nop

10002b5c <__wrap_malloc>:
10002b5c:	b538      	push	{r3, r4, r5, lr}
10002b5e:	4604      	mov	r4, r0
10002b60:	4809      	ldr	r0, [pc, #36]	@ (10002b88 <__wrap_malloc+0x2c>)
10002b62:	f002 fb9d 	bl	100052a0 <__mutex_enter_blocking_veneer>
10002b66:	4620      	mov	r0, r4
10002b68:	f001 fe4a 	bl	10004800 <malloc>
10002b6c:	4605      	mov	r5, r0
10002b6e:	4806      	ldr	r0, [pc, #24]	@ (10002b88 <__wrap_malloc+0x2c>)
10002b70:	f002 fb92 	bl	10005298 <__mutex_exit_veneer>
10002b74:	b12d      	cbz	r5, 10002b82 <__wrap_malloc+0x26>
10002b76:	4b05      	ldr	r3, [pc, #20]	@ (10002b8c <__wrap_malloc+0x30>)
10002b78:	442c      	add	r4, r5
10002b7a:	429c      	cmp	r4, r3
10002b7c:	d801      	bhi.n	10002b82 <__wrap_malloc+0x26>
10002b7e:	4628      	mov	r0, r5
10002b80:	bd38      	pop	{r3, r4, r5, pc}
10002b82:	4803      	ldr	r0, [pc, #12]	@ (10002b90 <__wrap_malloc+0x34>)
10002b84:	f7fe fd68 	bl	10001658 <panic>
10002b88:	20000bb0 	.word	0x20000bb0
10002b8c:	20080000 	.word	0x20080000
10002b90:	10005554 	.word	0x10005554

10002b94 <__wrap_free>:
10002b94:	b510      	push	{r4, lr}
10002b96:	4604      	mov	r4, r0
10002b98:	4805      	ldr	r0, [pc, #20]	@ (10002bb0 <__wrap_free+0x1c>)
10002b9a:	f002 fb81 	bl	100052a0 <__mutex_enter_blocking_veneer>
10002b9e:	4620      	mov	r0, r4
10002ba0:	f001 fe36 	bl	10004810 <free>
10002ba4:	e8bd 4010 	ldmia.w	sp!, {r4, lr}
10002ba8:	4801      	ldr	r0, [pc, #4]	@ (10002bb0 <__wrap_free+0x1c>)
10002baa:	f002 bb75 	b.w	10005298 <__mutex_exit_veneer>
10002bae:	bf00      	nop
10002bb0:	20000bb0 	.word	0x20000bb0

10002bb4 <_out_buffer>:
10002bb4:	429a      	cmp	r2, r3
10002bb6:	bf38      	it	cc
10002bb8:	5488      	strbcc	r0, [r1, r2]
10002bba:	4770      	bx	lr

10002bbc <_out_null>:
10002bbc:	4770      	bx	lr
10002bbe:	bf00      	nop

10002bc0 <_out_rev>:
10002bc0:	e92d 4ff0 	stmdb	sp!, {r4, r5, r6, r7, r8, r9, sl, fp, lr}
10002bc4:	b083      	sub	sp, #12
10002bc6:	4699      	mov	r9, r3
10002bc8:	e9dd ab0d 	ldrd	sl, fp, [sp, #52]	@ 0x34
10002bcc:	9b0f      	ldr	r3, [sp, #60]	@ 0x3c
10002bce:	4688      	mov	r8, r1
10002bd0:	4611      	mov	r1, r2
10002bd2:	079a      	lsls	r2, r3, #30
10002bd4:	4607      	mov	r7, r0
10002bd6:	d116      	bne.n	10002c06 <_out_rev+0x46>
10002bd8:	45da      	cmp	sl, fp
10002bda:	d23a      	bcs.n	10002c52 <_out_rev+0x92>
10002bdc:	460c      	mov	r4, r1
10002bde:	460d      	mov	r5, r1
10002be0:	ebab 060a 	sub.w	r6, fp, sl
10002be4:	440e      	add	r6, r1
10002be6:	4622      	mov	r2, r4
10002be8:	464b      	mov	r3, r9
10002bea:	4641      	mov	r1, r8
10002bec:	2020      	movs	r0, #32
10002bee:	3401      	adds	r4, #1
10002bf0:	47b8      	blx	r7
10002bf2:	42b4      	cmp	r4, r6
10002bf4:	d1f7      	bne.n	10002be6 <_out_rev+0x26>
10002bf6:	4629      	mov	r1, r5
10002bf8:	f1ba 0f00 	cmp.w	sl, #0
10002bfc:	d108      	bne.n	10002c10 <_out_rev+0x50>
10002bfe:	4620      	mov	r0, r4
10002c00:	b003      	add	sp, #12
10002c02:	e8bd 8ff0 	ldmia.w	sp!, {r4, r5, r6, r7, r8, r9, sl, fp, pc}
10002c06:	460c      	mov	r4, r1
10002c08:	f1ba 0f00 	cmp.w	sl, #0
10002c0c:	d010      	beq.n	10002c30 <_out_rev+0x70>
10002c0e:	460e      	mov	r6, r1
10002c10:	4655      	mov	r5, sl
10002c12:	9b0c      	ldr	r3, [sp, #48]	@ 0x30
10002c14:	442e      	add	r6, r5
10002c16:	449a      	add	sl, r3
10002c18:	9101      	str	r1, [sp, #4]
10002c1a:	1b72      	subs	r2, r6, r5
10002c1c:	464b      	mov	r3, r9
10002c1e:	3d01      	subs	r5, #1
10002c20:	4641      	mov	r1, r8
10002c22:	f81a 0d01 	ldrb.w	r0, [sl, #-1]!
10002c26:	4634      	mov	r4, r6
10002c28:	47b8      	blx	r7
10002c2a:	2d00      	cmp	r5, #0
10002c2c:	d1f5      	bne.n	10002c1a <_out_rev+0x5a>
10002c2e:	9901      	ldr	r1, [sp, #4]
10002c30:	9b0f      	ldr	r3, [sp, #60]	@ 0x3c
10002c32:	079b      	lsls	r3, r3, #30
10002c34:	d5e3      	bpl.n	10002bfe <_out_rev+0x3e>
10002c36:	1a65      	subs	r5, r4, r1
10002c38:	45ab      	cmp	fp, r5
10002c3a:	d9e0      	bls.n	10002bfe <_out_rev+0x3e>
10002c3c:	4622      	mov	r2, r4
10002c3e:	464b      	mov	r3, r9
10002c40:	4641      	mov	r1, r8
10002c42:	2020      	movs	r0, #32
10002c44:	3501      	adds	r5, #1
10002c46:	47b8      	blx	r7
10002c48:	455d      	cmp	r5, fp
10002c4a:	f104 0401 	add.w	r4, r4, #1
10002c4e:	d3f5      	bcc.n	10002c3c <_out_rev+0x7c>
10002c50:	e7d5      	b.n	10002bfe <_out_rev+0x3e>
10002c52:	460c      	mov	r4, r1
10002c54:	f1ba 0f00 	cmp.w	sl, #0
10002c58:	d1d9      	bne.n	10002c0e <_out_rev+0x4e>
10002c5a:	e7d0      	b.n	10002bfe <_out_rev+0x3e>

10002c5c <_ntoa_format>:
10002c5c:	e92d 4ff0 	stmdb	sp!, {r4, r5, r6, r7, r8, r9, sl, fp, lr}
10002c60:	9f0f      	ldr	r7, [sp, #60]	@ 0x3c
10002c62:	f8dd 8024 	ldr.w	r8, [sp, #36]	@ 0x24
10002c66:	f017 0f02 	tst.w	r7, #2
10002c6a:	9c0a      	ldr	r4, [sp, #40]	@ 0x28
10002c6c:	f89d a02c 	ldrb.w	sl, [sp, #44]	@ 0x2c
10002c70:	9d0e      	ldr	r5, [sp, #56]	@ 0x38
10002c72:	e9dd 960c 	ldrd	r9, r6, [sp, #48]	@ 0x30
10002c76:	d144      	bne.n	10002d02 <_ntoa_format+0xa6>
10002c78:	bbf5      	cbnz	r5, 10002cf8 <_ntoa_format+0x9c>
10002c7a:	42b4      	cmp	r4, r6
10002c7c:	d241      	bcs.n	10002d02 <_ntoa_format+0xa6>
10002c7e:	f007 0b01 	and.w	fp, r7, #1
10002c82:	f104 3cff 	add.w	ip, r4, #4294967295	@ 0xffffffff
10002c86:	f04f 0e30 	mov.w	lr, #48	@ 0x30
10002c8a:	44c4      	add	ip, r8
10002c8c:	e004      	b.n	10002c98 <_ntoa_format+0x3c>
10002c8e:	3401      	adds	r4, #1
10002c90:	42a6      	cmp	r6, r4
10002c92:	f80c ef01 	strb.w	lr, [ip, #1]!
10002c96:	d901      	bls.n	10002c9c <_ntoa_format+0x40>
10002c98:	2c20      	cmp	r4, #32
10002c9a:	d1f8      	bne.n	10002c8e <_ntoa_format+0x32>
10002c9c:	f1bb 0f00 	cmp.w	fp, #0
10002ca0:	f000 8088 	beq.w	10002db4 <_ntoa_format+0x158>
10002ca4:	42a5      	cmp	r5, r4
10002ca6:	d92c      	bls.n	10002d02 <_ntoa_format+0xa6>
10002ca8:	f104 3cff 	add.w	ip, r4, #4294967295	@ 0xffffffff
10002cac:	f04f 0e30 	mov.w	lr, #48	@ 0x30
10002cb0:	44c4      	add	ip, r8
10002cb2:	e004      	b.n	10002cbe <_ntoa_format+0x62>
10002cb4:	3401      	adds	r4, #1
10002cb6:	42ac      	cmp	r4, r5
10002cb8:	f80c ef01 	strb.w	lr, [ip, #1]!
10002cbc:	d021      	beq.n	10002d02 <_ntoa_format+0xa6>
10002cbe:	2c20      	cmp	r4, #32
10002cc0:	d1f8      	bne.n	10002cb4 <_ntoa_format+0x58>
10002cc2:	f017 0f10 	tst.w	r7, #16
10002cc6:	d00e      	beq.n	10002ce6 <_ntoa_format+0x8a>
10002cc8:	f417 6f80 	tst.w	r7, #1024	@ 0x400
10002ccc:	d154      	bne.n	10002d78 <_ntoa_format+0x11c>
10002cce:	42a6      	cmp	r6, r4
10002cd0:	d063      	beq.n	10002d9a <_ntoa_format+0x13e>
10002cd2:	42a5      	cmp	r5, r4
10002cd4:	d061      	beq.n	10002d9a <_ntoa_format+0x13e>
10002cd6:	f1b9 0f10 	cmp.w	r9, #16
10002cda:	d050      	beq.n	10002d7e <_ntoa_format+0x122>
10002cdc:	f1b9 0f02 	cmp.w	r9, #2
10002ce0:	d056      	beq.n	10002d90 <_ntoa_format+0x134>
10002ce2:	2c20      	cmp	r4, #32
10002ce4:	d129      	bne.n	10002d3a <_ntoa_format+0xde>
10002ce6:	2420      	movs	r4, #32
10002ce8:	e9cd 570b 	strd	r5, r7, [sp, #44]	@ 0x2c
10002cec:	e9cd 8409 	strd	r8, r4, [sp, #36]	@ 0x24
10002cf0:	e8bd 4ff0 	ldmia.w	sp!, {r4, r5, r6, r7, r8, r9, sl, fp, lr}
10002cf4:	f7ff bf64 	b.w	10002bc0 <_out_rev>
10002cf8:	f017 0b01 	ands.w	fp, r7, #1
10002cfc:	d134      	bne.n	10002d68 <_ntoa_format+0x10c>
10002cfe:	42b4      	cmp	r4, r6
10002d00:	d3bf      	bcc.n	10002c82 <_ntoa_format+0x26>
10002d02:	f017 0f10 	tst.w	r7, #16
10002d06:	d01e      	beq.n	10002d46 <_ntoa_format+0xea>
10002d08:	f417 6f80 	tst.w	r7, #1024	@ 0x400
10002d0c:	d1e3      	bne.n	10002cd6 <_ntoa_format+0x7a>
10002d0e:	2c00      	cmp	r4, #0
10002d10:	d1dd      	bne.n	10002cce <_ntoa_format+0x72>
10002d12:	f1b9 0f10 	cmp.w	r9, #16
10002d16:	d063      	beq.n	10002de0 <_ntoa_format+0x184>
10002d18:	f1b9 0f02 	cmp.w	r9, #2
10002d1c:	d077      	beq.n	10002e0e <_ntoa_format+0x1b2>
10002d1e:	2430      	movs	r4, #48	@ 0x30
10002d20:	f888 4000 	strb.w	r4, [r8]
10002d24:	2401      	movs	r4, #1
10002d26:	f1ba 0f00 	cmp.w	sl, #0
10002d2a:	d111      	bne.n	10002d50 <_ntoa_format+0xf4>
10002d2c:	077e      	lsls	r6, r7, #29
10002d2e:	d548      	bpl.n	10002dc2 <_ntoa_format+0x166>
10002d30:	262b      	movs	r6, #43	@ 0x2b
10002d32:	f808 6004 	strb.w	r6, [r8, r4]
10002d36:	3401      	adds	r4, #1
10002d38:	e7d6      	b.n	10002ce8 <_ntoa_format+0x8c>
10002d3a:	4626      	mov	r6, r4
10002d3c:	3401      	adds	r4, #1
10002d3e:	f04f 0c30 	mov.w	ip, #48	@ 0x30
10002d42:	f808 c006 	strb.w	ip, [r8, r6]
10002d46:	2c20      	cmp	r4, #32
10002d48:	d0cd      	beq.n	10002ce6 <_ntoa_format+0x8a>
10002d4a:	f1ba 0f00 	cmp.w	sl, #0
10002d4e:	d0ed      	beq.n	10002d2c <_ntoa_format+0xd0>
10002d50:	262d      	movs	r6, #45	@ 0x2d
10002d52:	f808 6004 	strb.w	r6, [r8, r4]
10002d56:	3401      	adds	r4, #1
10002d58:	e9cd 570b 	strd	r5, r7, [sp, #44]	@ 0x2c
10002d5c:	e9cd 8409 	strd	r8, r4, [sp, #36]	@ 0x24
10002d60:	e8bd 4ff0 	ldmia.w	sp!, {r4, r5, r6, r7, r8, r9, sl, fp, lr}
10002d64:	f7ff bf2c 	b.w	10002bc0 <_out_rev>
10002d68:	f1ba 0f00 	cmp.w	sl, #0
10002d6c:	d030      	beq.n	10002dd0 <_ntoa_format+0x174>
10002d6e:	42b4      	cmp	r4, r6
10002d70:	f105 35ff 	add.w	r5, r5, #4294967295	@ 0xffffffff
10002d74:	d385      	bcc.n	10002c82 <_ntoa_format+0x26>
10002d76:	e795      	b.n	10002ca4 <_ntoa_format+0x48>
10002d78:	f1b9 0f10 	cmp.w	r9, #16
10002d7c:	d1b3      	bne.n	10002ce6 <_ntoa_format+0x8a>
10002d7e:	06be      	lsls	r6, r7, #26
10002d80:	d53b      	bpl.n	10002dfa <_ntoa_format+0x19e>
10002d82:	2c20      	cmp	r4, #32
10002d84:	d0af      	beq.n	10002ce6 <_ntoa_format+0x8a>
10002d86:	2658      	movs	r6, #88	@ 0x58
10002d88:	f808 6004 	strb.w	r6, [r8, r4]
10002d8c:	3401      	adds	r4, #1
10002d8e:	e7a8      	b.n	10002ce2 <_ntoa_format+0x86>
10002d90:	2c20      	cmp	r4, #32
10002d92:	d0a8      	beq.n	10002ce6 <_ntoa_format+0x8a>
10002d94:	4626      	mov	r6, r4
10002d96:	3401      	adds	r4, #1
10002d98:	e007      	b.n	10002daa <_ntoa_format+0x14e>
10002d9a:	1e66      	subs	r6, r4, #1
10002d9c:	d0b9      	beq.n	10002d12 <_ntoa_format+0xb6>
10002d9e:	f1b9 0f10 	cmp.w	r9, #16
10002da2:	d036      	beq.n	10002e12 <_ntoa_format+0x1b6>
10002da4:	f1b9 0f02 	cmp.w	r9, #2
10002da8:	d1c9      	bne.n	10002d3e <_ntoa_format+0xe2>
10002daa:	f04f 0c62 	mov.w	ip, #98	@ 0x62
10002dae:	f808 c006 	strb.w	ip, [r8, r6]
10002db2:	e796      	b.n	10002ce2 <_ntoa_format+0x86>
10002db4:	f017 0f10 	tst.w	r7, #16
10002db8:	d0c5      	beq.n	10002d46 <_ntoa_format+0xea>
10002dba:	f417 6f80 	tst.w	r7, #1024	@ 0x400
10002dbe:	d086      	beq.n	10002cce <_ntoa_format+0x72>
10002dc0:	e789      	b.n	10002cd6 <_ntoa_format+0x7a>
10002dc2:	073e      	lsls	r6, r7, #28
10002dc4:	d590      	bpl.n	10002ce8 <_ntoa_format+0x8c>
10002dc6:	2620      	movs	r6, #32
10002dc8:	f808 6004 	strb.w	r6, [r8, r4]
10002dcc:	3401      	adds	r4, #1
10002dce:	e78b      	b.n	10002ce8 <_ntoa_format+0x8c>
10002dd0:	f017 0f0c 	tst.w	r7, #12
10002dd4:	d000      	beq.n	10002dd8 <_ntoa_format+0x17c>
10002dd6:	3d01      	subs	r5, #1
10002dd8:	42b4      	cmp	r4, r6
10002dda:	f4ff af52 	bcc.w	10002c82 <_ntoa_format+0x26>
10002dde:	e761      	b.n	10002ca4 <_ntoa_format+0x48>
10002de0:	06bc      	lsls	r4, r7, #26
10002de2:	d412      	bmi.n	10002e0a <_ntoa_format+0x1ae>
10002de4:	2478      	movs	r4, #120	@ 0x78
10002de6:	f888 4000 	strb.w	r4, [r8]
10002dea:	2430      	movs	r4, #48	@ 0x30
10002dec:	f888 4001 	strb.w	r4, [r8, #1]
10002df0:	2402      	movs	r4, #2
10002df2:	f1ba 0f00 	cmp.w	sl, #0
10002df6:	d099      	beq.n	10002d2c <_ntoa_format+0xd0>
10002df8:	e7aa      	b.n	10002d50 <_ntoa_format+0xf4>
10002dfa:	2c20      	cmp	r4, #32
10002dfc:	f43f af73 	beq.w	10002ce6 <_ntoa_format+0x8a>
10002e00:	2678      	movs	r6, #120	@ 0x78
10002e02:	f808 6004 	strb.w	r6, [r8, r4]
10002e06:	3401      	adds	r4, #1
10002e08:	e76b      	b.n	10002ce2 <_ntoa_format+0x86>
10002e0a:	2458      	movs	r4, #88	@ 0x58
10002e0c:	e7eb      	b.n	10002de6 <_ntoa_format+0x18a>
10002e0e:	2462      	movs	r4, #98	@ 0x62
10002e10:	e7e9      	b.n	10002de6 <_ntoa_format+0x18a>
10002e12:	f017 0f20 	tst.w	r7, #32
10002e16:	f1a4 0c02 	sub.w	ip, r4, #2
10002e1a:	d004      	beq.n	10002e26 <_ntoa_format+0x1ca>
10002e1c:	f04f 0e58 	mov.w	lr, #88	@ 0x58
10002e20:	f808 e00c 	strb.w	lr, [r8, ip]
10002e24:	e78b      	b.n	10002d3e <_ntoa_format+0xe2>
10002e26:	f04f 0e78 	mov.w	lr, #120	@ 0x78
10002e2a:	f808 e00c 	strb.w	lr, [r8, ip]
10002e2e:	e786      	b.n	10002d3e <_ntoa_format+0xe2>

10002e30 <_out_char>:
10002e30:	b900      	cbnz	r0, 10002e34 <_out_char+0x4>
10002e32:	4770      	bx	lr
10002e34:	f001 bb3c 	b.w	100044b0 <__wrap_putchar>

10002e38 <_ftoa>:
10002e38:	e92d 4ff0 	stmdb	sp!, {r4, r5, r6, r7, r8, r9, sl, fp, lr}
10002e3c:	b097      	sub	sp, #92	@ 0x5c
10002e3e:	ed9d 7b20 	vldr	d7, [sp, #128]	@ 0x80
10002e42:	e9dd 5b22 	ldrd	r5, fp, [sp, #136]	@ 0x88
10002e46:	4607      	mov	r7, r0
10002e48:	4688      	mov	r8, r1
10002e4a:	ec51 0b17 	vmov	r0, r1, d7
10002e4e:	9c24      	ldr	r4, [sp, #144]	@ 0x90
10002e50:	4699      	mov	r9, r3
10002e52:	920c      	str	r2, [sp, #48]	@ 0x30
10002e54:	460b      	mov	r3, r1
10002e56:	4602      	mov	r2, r0
10002e58:	ed8d 7b04 	vstr	d7, [sp, #16]
10002e5c:	9407      	str	r4, [sp, #28]
10002e5e:	f7ff fe1f 	bl	10002aa0 <__wrap___aeabi_dcmpun>
10002e62:	2800      	cmp	r0, #0
10002e64:	f040 81f4 	bne.w	10003250 <_ftoa+0x418>
10002e68:	e9dd 0104 	ldrd	r0, r1, [sp, #16]
10002e6c:	f04f 32ff 	mov.w	r2, #4294967295	@ 0xffffffff
10002e70:	f46f 1380 	mvn.w	r3, #1048576	@ 0x100000
10002e74:	f7ff fe26 	bl	10002ac4 <__wrap___aeabi_dcmplt>
10002e78:	2800      	cmp	r0, #0
10002e7a:	f040 811b 	bne.w	100030b4 <_ftoa+0x27c>
10002e7e:	e9dd 0104 	ldrd	r0, r1, [sp, #16]
10002e82:	f04f 32ff 	mov.w	r2, #4294967295	@ 0xffffffff
10002e86:	4bac      	ldr	r3, [pc, #688]	@ (10003138 <_ftoa+0x300>)
10002e88:	f7ff fe58 	bl	10002b3c <__wrap___aeabi_dcmpgt>
10002e8c:	2800      	cmp	r0, #0
10002e8e:	f040 80ee 	bne.w	1000306e <_ftoa+0x236>
10002e92:	e9dd 0104 	ldrd	r0, r1, [sp, #16]
10002e96:	a3a4      	add	r3, pc, #656	@ (adr r3, 10003128 <_ftoa+0x2f0>)
10002e98:	e9d3 2300 	ldrd	r2, r3, [r3]
10002e9c:	f7ff fe4e 	bl	10002b3c <__wrap___aeabi_dcmpgt>
10002ea0:	2800      	cmp	r0, #0
10002ea2:	f040 80d3 	bne.w	1000304c <_ftoa+0x214>
10002ea6:	e9dd 0104 	ldrd	r0, r1, [sp, #16]
10002eaa:	a3a1      	add	r3, pc, #644	@ (adr r3, 10003130 <_ftoa+0x2f8>)
10002eac:	e9d3 2300 	ldrd	r2, r3, [r3]
10002eb0:	f7ff fe08 	bl	10002ac4 <__wrap___aeabi_dcmplt>
10002eb4:	2800      	cmp	r0, #0
10002eb6:	f040 80c9 	bne.w	1000304c <_ftoa+0x214>
10002eba:	e9dd 0104 	ldrd	r0, r1, [sp, #16]
10002ebe:	2200      	movs	r2, #0
10002ec0:	2300      	movs	r3, #0
10002ec2:	f7ff fdff 	bl	10002ac4 <__wrap___aeabi_dcmplt>
10002ec6:	2800      	cmp	r0, #0
10002ec8:	f040 80e8 	bne.w	1000309c <_ftoa+0x264>
10002ecc:	4623      	mov	r3, r4
10002ece:	900d      	str	r0, [sp, #52]	@ 0x34
10002ed0:	f413 6f80 	tst.w	r3, #1024	@ 0x400
10002ed4:	bf08      	it	eq
10002ed6:	2506      	moveq	r5, #6
10002ed8:	2130      	movs	r1, #48	@ 0x30
10002eda:	462b      	mov	r3, r5
10002edc:	aa0e      	add	r2, sp, #56	@ 0x38
10002ede:	f1a5 0620 	sub.w	r6, r5, #32
10002ee2:	e005      	b.n	10002ef0 <_ftoa+0xb8>
10002ee4:	3b01      	subs	r3, #1
10002ee6:	42b3      	cmp	r3, r6
10002ee8:	f802 1b01 	strb.w	r1, [r2], #1
10002eec:	f000 8193 	beq.w	10003216 <_ftoa+0x3de>
10002ef0:	2b09      	cmp	r3, #9
10002ef2:	d8f7      	bhi.n	10002ee4 <_ftoa+0xac>
10002ef4:	461e      	mov	r6, r3
10002ef6:	1aed      	subs	r5, r5, r3
10002ef8:	e9dd 0104 	ldrd	r0, r1, [sp, #16]
10002efc:	f7ff fdac 	bl	10002a58 <__wrap___aeabi_d2iz>
10002f00:	4b8e      	ldr	r3, [pc, #568]	@ (1000313c <_ftoa+0x304>)
10002f02:	4604      	mov	r4, r0
10002f04:	eb03 03c6 	add.w	r3, r3, r6, lsl #3
10002f08:	ed93 7b00 	vldr	d7, [r3]
10002f0c:	ed8d 7b08 	vstr	d7, [sp, #32]
10002f10:	f7ff fd7e 	bl	10002a10 <__wrap___aeabi_i2d>
10002f14:	4602      	mov	r2, r0
10002f16:	460b      	mov	r3, r1
10002f18:	e9dd 0104 	ldrd	r0, r1, [sp, #16]
10002f1c:	f7ff fcf0 	bl	10002900 <__wrap___aeabi_dsub>
10002f20:	e9dd 2308 	ldrd	r2, r3, [sp, #32]
10002f24:	f7ff fd00 	bl	10002928 <__wrap___aeabi_dmul>
10002f28:	4602      	mov	r2, r0
10002f2a:	460b      	mov	r3, r1
10002f2c:	e9cd 230a 	strd	r2, r3, [sp, #40]	@ 0x28
10002f30:	f7ff fda4 	bl	10002a7c <__wrap___aeabi_d2uiz>
10002f34:	4682      	mov	sl, r0
10002f36:	f7ff fd7d 	bl	10002a34 <__wrap___aeabi_ui2d>
10002f3a:	4602      	mov	r2, r0
10002f3c:	460b      	mov	r3, r1
10002f3e:	e9dd 010a 	ldrd	r0, r1, [sp, #40]	@ 0x28
10002f42:	f7ff fcdd 	bl	10002900 <__wrap___aeabi_dsub>
10002f46:	4602      	mov	r2, r0
10002f48:	460b      	mov	r3, r1
10002f4a:	e9cd 230a 	strd	r2, r3, [sp, #40]	@ 0x28
10002f4e:	2200      	movs	r2, #0
10002f50:	4b7b      	ldr	r3, [pc, #492]	@ (10003140 <_ftoa+0x308>)
10002f52:	f7ff fdf3 	bl	10002b3c <__wrap___aeabi_dcmpgt>
10002f56:	2800      	cmp	r0, #0
10002f58:	f000 80fe 	beq.w	10003158 <_ftoa+0x320>
10002f5c:	f10a 0a01 	add.w	sl, sl, #1
10002f60:	4650      	mov	r0, sl
10002f62:	f7ff fd67 	bl	10002a34 <__wrap___aeabi_ui2d>
10002f66:	4602      	mov	r2, r0
10002f68:	460b      	mov	r3, r1
10002f6a:	e9dd 0108 	ldrd	r0, r1, [sp, #32]
10002f6e:	f7ff fdbd 	bl	10002aec <__wrap___aeabi_dcmple>
10002f72:	b110      	cbz	r0, 10002f7a <_ftoa+0x142>
10002f74:	f04f 0a00 	mov.w	sl, #0
10002f78:	3401      	adds	r4, #1
10002f7a:	2e00      	cmp	r6, #0
10002f7c:	f000 80fd 	beq.w	1000317a <_ftoa+0x342>
10002f80:	1e68      	subs	r0, r5, #1
10002f82:	ab0e      	add	r3, sp, #56	@ 0x38
10002f84:	f8df c1cc 	ldr.w	ip, [pc, #460]	@ 10003154 <_ftoa+0x31c>
10002f88:	4418      	add	r0, r3
10002f8a:	e00f      	b.n	10002fac <_ftoa+0x174>
10002f8c:	fbac 210a 	umull	r2, r1, ip, sl
10002f90:	08c9      	lsrs	r1, r1, #3
10002f92:	eb01 0281 	add.w	r2, r1, r1, lsl #2
10002f96:	ebaa 0242 	sub.w	r2, sl, r2, lsl #1
10002f9a:	3230      	adds	r2, #48	@ 0x30
10002f9c:	f1ba 0f09 	cmp.w	sl, #9
10002fa0:	f800 2f01 	strb.w	r2, [r0, #1]!
10002fa4:	f240 811c 	bls.w	100031e0 <_ftoa+0x3a8>
10002fa8:	468a      	mov	sl, r1
10002faa:	461d      	mov	r5, r3
10002fac:	2d20      	cmp	r5, #32
10002fae:	f105 0301 	add.w	r3, r5, #1
10002fb2:	f106 36ff 	add.w	r6, r6, #4294967295	@ 0xffffffff
10002fb6:	d1e9      	bne.n	10002f8c <_ftoa+0x154>
10002fb8:	2520      	movs	r5, #32
10002fba:	1e69      	subs	r1, r5, #1
10002fbc:	ab0e      	add	r3, sp, #56	@ 0x38
10002fbe:	4861      	ldr	r0, [pc, #388]	@ (10003144 <_ftoa+0x30c>)
10002fc0:	4419      	add	r1, r3
10002fc2:	e010      	b.n	10002fe6 <_ftoa+0x1ae>
10002fc4:	fb80 6204 	smull	r6, r2, r0, r4
10002fc8:	ebc3 03a2 	rsb	r3, r3, r2, asr #2
10002fcc:	eb03 0283 	add.w	r2, r3, r3, lsl #2
10002fd0:	eba4 0442 	sub.w	r4, r4, r2, lsl #1
10002fd4:	f104 0230 	add.w	r2, r4, #48	@ 0x30
10002fd8:	3501      	adds	r5, #1
10002fda:	461c      	mov	r4, r3
10002fdc:	f801 2f01 	strb.w	r2, [r1, #1]!
10002fe0:	2b00      	cmp	r3, #0
10002fe2:	f000 80eb 	beq.w	100031bc <_ftoa+0x384>
10002fe6:	2d20      	cmp	r5, #32
10002fe8:	ea4f 73e4 	mov.w	r3, r4, asr #31
10002fec:	d1ea      	bne.n	10002fc4 <_ftoa+0x18c>
10002fee:	9b07      	ldr	r3, [sp, #28]
10002ff0:	f003 0303 	and.w	r3, r3, #3
10002ff4:	2b01      	cmp	r3, #1
10002ff6:	d118      	bne.n	1000302a <_ftoa+0x1f2>
10002ff8:	f1bb 0f00 	cmp.w	fp, #0
10002ffc:	d015      	beq.n	1000302a <_ftoa+0x1f2>
10002ffe:	9b0d      	ldr	r3, [sp, #52]	@ 0x34
10003000:	2b00      	cmp	r3, #0
10003002:	f000 810a 	beq.w	1000321a <_ftoa+0x3e2>
10003006:	f10b 3bff 	add.w	fp, fp, #4294967295	@ 0xffffffff
1000300a:	f1bb 0f20 	cmp.w	fp, #32
1000300e:	d90c      	bls.n	1000302a <_ftoa+0x1f2>
10003010:	1e6b      	subs	r3, r5, #1
10003012:	a90e      	add	r1, sp, #56	@ 0x38
10003014:	2230      	movs	r2, #48	@ 0x30
10003016:	440b      	add	r3, r1
10003018:	e005      	b.n	10003026 <_ftoa+0x1ee>
1000301a:	3501      	adds	r5, #1
1000301c:	455d      	cmp	r5, fp
1000301e:	f803 2f01 	strb.w	r2, [r3, #1]!
10003022:	f080 80d1 	bcs.w	100031c8 <_ftoa+0x390>
10003026:	2d20      	cmp	r5, #32
10003028:	d1f7      	bne.n	1000301a <_ftoa+0x1e2>
1000302a:	9b07      	ldr	r3, [sp, #28]
1000302c:	ac0e      	add	r4, sp, #56	@ 0x38
1000302e:	e9cd b302 	strd	fp, r3, [sp, #8]
10003032:	4641      	mov	r1, r8
10003034:	464b      	mov	r3, r9
10003036:	4638      	mov	r0, r7
10003038:	9a0c      	ldr	r2, [sp, #48]	@ 0x30
1000303a:	9501      	str	r5, [sp, #4]
1000303c:	9400      	str	r4, [sp, #0]
1000303e:	f7ff fdbf 	bl	10002bc0 <_out_rev>
10003042:	4682      	mov	sl, r0
10003044:	4650      	mov	r0, sl
10003046:	b017      	add	sp, #92	@ 0x5c
10003048:	e8bd 8ff0 	ldmia.w	sp!, {r4, r5, r6, r7, r8, r9, sl, fp, pc}
1000304c:	9b07      	ldr	r3, [sp, #28]
1000304e:	ed9d 7b04 	vldr	d7, [sp, #16]
10003052:	e9cd b323 	strd	fp, r3, [sp, #140]	@ 0x8c
10003056:	4641      	mov	r1, r8
10003058:	464b      	mov	r3, r9
1000305a:	4638      	mov	r0, r7
1000305c:	9a0c      	ldr	r2, [sp, #48]	@ 0x30
1000305e:	ed8d 7b20 	vstr	d7, [sp, #128]	@ 0x80
10003062:	9522      	str	r5, [sp, #136]	@ 0x88
10003064:	b017      	add	sp, #92	@ 0x5c
10003066:	e8bd 4ff0 	ldmia.w	sp!, {r4, r5, r6, r7, r8, r9, sl, fp, lr}
1000306a:	f000 b945 	b.w	100032f8 <_etoa>
1000306e:	0761      	lsls	r1, r4, #29
10003070:	4623      	mov	r3, r4
10003072:	bf4c      	ite	mi
10003074:	2304      	movmi	r3, #4
10003076:	2303      	movpl	r3, #3
10003078:	4641      	mov	r1, r8
1000307a:	9321      	str	r3, [sp, #132]	@ 0x84
1000307c:	4638      	mov	r0, r7
1000307e:	464b      	mov	r3, r9
10003080:	9a07      	ldr	r2, [sp, #28]
10003082:	bf48      	it	mi
10003084:	4c30      	ldrmi	r4, [pc, #192]	@ (10003148 <_ftoa+0x310>)
10003086:	e9cd b222 	strd	fp, r2, [sp, #136]	@ 0x88
1000308a:	bf58      	it	pl
1000308c:	4c2f      	ldrpl	r4, [pc, #188]	@ (1000314c <_ftoa+0x314>)
1000308e:	9a0c      	ldr	r2, [sp, #48]	@ 0x30
10003090:	9420      	str	r4, [sp, #128]	@ 0x80
10003092:	b017      	add	sp, #92	@ 0x5c
10003094:	e8bd 4ff0 	ldmia.w	sp!, {r4, r5, r6, r7, r8, r9, sl, fp, lr}
10003098:	f7ff bd92 	b.w	10002bc0 <_out_rev>
1000309c:	e9dd 2304 	ldrd	r2, r3, [sp, #16]
100030a0:	2000      	movs	r0, #0
100030a2:	2100      	movs	r1, #0
100030a4:	f7ff fc2c 	bl	10002900 <__wrap___aeabi_dsub>
100030a8:	2301      	movs	r3, #1
100030aa:	e9cd 0104 	strd	r0, r1, [sp, #16]
100030ae:	930d      	str	r3, [sp, #52]	@ 0x34
100030b0:	4623      	mov	r3, r4
100030b2:	e70d      	b.n	10002ed0 <_ftoa+0x98>
100030b4:	4623      	mov	r3, r4
100030b6:	079c      	lsls	r4, r3, #30
100030b8:	f040 80aa 	bne.w	10003210 <_ftoa+0x3d8>
100030bc:	f1bb 0f04 	cmp.w	fp, #4
100030c0:	f240 80a6 	bls.w	10003210 <_ftoa+0x3d8>
100030c4:	9b0c      	ldr	r3, [sp, #48]	@ 0x30
100030c6:	461d      	mov	r5, r3
100030c8:	1f1c      	subs	r4, r3, #4
100030ca:	eb04 0a0b 	add.w	sl, r4, fp
100030ce:	462a      	mov	r2, r5
100030d0:	464b      	mov	r3, r9
100030d2:	4641      	mov	r1, r8
100030d4:	2020      	movs	r0, #32
100030d6:	3501      	adds	r5, #1
100030d8:	47b8      	blx	r7
100030da:	45aa      	cmp	sl, r5
100030dc:	d1f7      	bne.n	100030ce <_ftoa+0x296>
100030de:	4655      	mov	r5, sl
100030e0:	4c1b      	ldr	r4, [pc, #108]	@ (10003150 <_ftoa+0x318>)
100030e2:	1f26      	subs	r6, r4, #4
100030e4:	f814 0d01 	ldrb.w	r0, [r4, #-1]!
100030e8:	462a      	mov	r2, r5
100030ea:	464b      	mov	r3, r9
100030ec:	4641      	mov	r1, r8
100030ee:	47b8      	blx	r7
100030f0:	42b4      	cmp	r4, r6
100030f2:	f105 0501 	add.w	r5, r5, #1
100030f6:	d1f5      	bne.n	100030e4 <_ftoa+0x2ac>
100030f8:	9b07      	ldr	r3, [sp, #28]
100030fa:	f10a 0a04 	add.w	sl, sl, #4
100030fe:	0798      	lsls	r0, r3, #30
10003100:	d5a0      	bpl.n	10003044 <_ftoa+0x20c>
10003102:	9c0c      	ldr	r4, [sp, #48]	@ 0x30
10003104:	ebaa 0304 	sub.w	r3, sl, r4
10003108:	459b      	cmp	fp, r3
1000310a:	d99b      	bls.n	10003044 <_ftoa+0x20c>
1000310c:	4652      	mov	r2, sl
1000310e:	464b      	mov	r3, r9
10003110:	4641      	mov	r1, r8
10003112:	2020      	movs	r0, #32
10003114:	f10a 0a01 	add.w	sl, sl, #1
10003118:	47b8      	blx	r7
1000311a:	ebaa 0304 	sub.w	r3, sl, r4
1000311e:	455b      	cmp	r3, fp
10003120:	d3f4      	bcc.n	1000310c <_ftoa+0x2d4>
10003122:	e78f      	b.n	10003044 <_ftoa+0x20c>
10003124:	f3af 8000 	nop.w
10003128:	00000000 	.word	0x00000000
1000312c:	41cdcd65 	.word	0x41cdcd65
10003130:	00000000 	.word	0x00000000
10003134:	c1cdcd65 	.word	0xc1cdcd65
10003138:	7fefffff 	.word	0x7fefffff
1000313c:	10006430 	.word	0x10006430
10003140:	3fe00000 	.word	0x3fe00000
10003144:	66666667 	.word	0x66666667
10003148:	100055a8 	.word	0x100055a8
1000314c:	100055b0 	.word	0x100055b0
10003150:	100055bc 	.word	0x100055bc
10003154:	cccccccd 	.word	0xcccccccd
10003158:	2200      	movs	r2, #0
1000315a:	e9dd 010a 	ldrd	r0, r1, [sp, #40]	@ 0x28
1000315e:	4b63      	ldr	r3, [pc, #396]	@ (100032ec <_ftoa+0x4b4>)
10003160:	f7ff fcb0 	bl	10002ac4 <__wrap___aeabi_dcmplt>
10003164:	2800      	cmp	r0, #0
10003166:	f47f af08 	bne.w	10002f7a <_ftoa+0x142>
1000316a:	f1ba 0f00 	cmp.w	sl, #0
1000316e:	d16a      	bne.n	10003246 <_ftoa+0x40e>
10003170:	f10a 0a01 	add.w	sl, sl, #1
10003174:	2e00      	cmp	r6, #0
10003176:	f47f af03 	bne.w	10002f80 <_ftoa+0x148>
1000317a:	4620      	mov	r0, r4
1000317c:	f7ff fc48 	bl	10002a10 <__wrap___aeabi_i2d>
10003180:	4602      	mov	r2, r0
10003182:	460b      	mov	r3, r1
10003184:	e9dd 0104 	ldrd	r0, r1, [sp, #16]
10003188:	f7ff fbba 	bl	10002900 <__wrap___aeabi_dsub>
1000318c:	4602      	mov	r2, r0
1000318e:	460b      	mov	r3, r1
10003190:	e9cd 2304 	strd	r2, r3, [sp, #16]
10003194:	2200      	movs	r2, #0
10003196:	4b55      	ldr	r3, [pc, #340]	@ (100032ec <_ftoa+0x4b4>)
10003198:	f7ff fc94 	bl	10002ac4 <__wrap___aeabi_dcmplt>
1000319c:	2800      	cmp	r0, #0
1000319e:	f47f af0c 	bne.w	10002fba <_ftoa+0x182>
100031a2:	e9dd 0104 	ldrd	r0, r1, [sp, #16]
100031a6:	2200      	movs	r2, #0
100031a8:	4b50      	ldr	r3, [pc, #320]	@ (100032ec <_ftoa+0x4b4>)
100031aa:	f7ff fcc7 	bl	10002b3c <__wrap___aeabi_dcmpgt>
100031ae:	2800      	cmp	r0, #0
100031b0:	f47f af03 	bne.w	10002fba <_ftoa+0x182>
100031b4:	3401      	adds	r4, #1
100031b6:	f024 0401 	bic.w	r4, r4, #1
100031ba:	e6fe      	b.n	10002fba <_ftoa+0x182>
100031bc:	9b07      	ldr	r3, [sp, #28]
100031be:	f003 0303 	and.w	r3, r3, #3
100031c2:	2b01      	cmp	r3, #1
100031c4:	f000 8082 	beq.w	100032cc <_ftoa+0x494>
100031c8:	2d20      	cmp	r5, #32
100031ca:	f43f af2e 	beq.w	1000302a <_ftoa+0x1f2>
100031ce:	9b0d      	ldr	r3, [sp, #52]	@ 0x34
100031d0:	b37b      	cbz	r3, 10003232 <_ftoa+0x3fa>
100031d2:	222d      	movs	r2, #45	@ 0x2d
100031d4:	eb0d 0305 	add.w	r3, sp, r5
100031d8:	f883 2038 	strb.w	r2, [r3, #56]	@ 0x38
100031dc:	3501      	adds	r5, #1
100031de:	e724      	b.n	1000302a <_ftoa+0x1f2>
100031e0:	2b20      	cmp	r3, #32
100031e2:	f43f aee9 	beq.w	10002fb8 <_ftoa+0x180>
100031e6:	aa0e      	add	r2, sp, #56	@ 0x38
100031e8:	4415      	add	r5, r2
100031ea:	441e      	add	r6, r3
100031ec:	2230      	movs	r2, #48	@ 0x30
100031ee:	e004      	b.n	100031fa <_ftoa+0x3c2>
100031f0:	2b20      	cmp	r3, #32
100031f2:	f805 2f01 	strb.w	r2, [r5, #1]!
100031f6:	f43f aedf 	beq.w	10002fb8 <_ftoa+0x180>
100031fa:	429e      	cmp	r6, r3
100031fc:	f103 0301 	add.w	r3, r3, #1
10003200:	d1f6      	bne.n	100031f0 <_ftoa+0x3b8>
10003202:	222e      	movs	r2, #46	@ 0x2e
10003204:	eb0d 0306 	add.w	r3, sp, r6
10003208:	f883 2038 	strb.w	r2, [r3, #56]	@ 0x38
1000320c:	1c75      	adds	r5, r6, #1
1000320e:	e6d4      	b.n	10002fba <_ftoa+0x182>
10003210:	f8dd a030 	ldr.w	sl, [sp, #48]	@ 0x30
10003214:	e763      	b.n	100030de <_ftoa+0x2a6>
10003216:	2520      	movs	r5, #32
10003218:	e66e      	b.n	10002ef8 <_ftoa+0xc0>
1000321a:	9b07      	ldr	r3, [sp, #28]
1000321c:	f013 0f0c 	tst.w	r3, #12
10003220:	d050      	beq.n	100032c4 <_ftoa+0x48c>
10003222:	f10b 3bff 	add.w	fp, fp, #4294967295	@ 0xffffffff
10003226:	45ab      	cmp	fp, r5
10003228:	f63f aef2 	bhi.w	10003010 <_ftoa+0x1d8>
1000322c:	2d20      	cmp	r5, #32
1000322e:	f43f aefc 	beq.w	1000302a <_ftoa+0x1f2>
10003232:	9b07      	ldr	r3, [sp, #28]
10003234:	075a      	lsls	r2, r3, #29
10003236:	d501      	bpl.n	1000323c <_ftoa+0x404>
10003238:	222b      	movs	r2, #43	@ 0x2b
1000323a:	e7cb      	b.n	100031d4 <_ftoa+0x39c>
1000323c:	071b      	lsls	r3, r3, #28
1000323e:	f57f aef4 	bpl.w	1000302a <_ftoa+0x1f2>
10003242:	2220      	movs	r2, #32
10003244:	e7c6      	b.n	100031d4 <_ftoa+0x39c>
10003246:	f01a 0f01 	tst.w	sl, #1
1000324a:	f43f ae96 	beq.w	10002f7a <_ftoa+0x142>
1000324e:	e78f      	b.n	10003170 <_ftoa+0x338>
10003250:	07a6      	lsls	r6, r4, #30
10003252:	d134      	bne.n	100032be <_ftoa+0x486>
10003254:	f1bb 0f03 	cmp.w	fp, #3
10003258:	d931      	bls.n	100032be <_ftoa+0x486>
1000325a:	9b0c      	ldr	r3, [sp, #48]	@ 0x30
1000325c:	461d      	mov	r5, r3
1000325e:	1edc      	subs	r4, r3, #3
10003260:	eb04 0a0b 	add.w	sl, r4, fp
10003264:	462a      	mov	r2, r5
10003266:	464b      	mov	r3, r9
10003268:	4641      	mov	r1, r8
1000326a:	2020      	movs	r0, #32
1000326c:	3501      	adds	r5, #1
1000326e:	47b8      	blx	r7
10003270:	4555      	cmp	r5, sl
10003272:	d1f7      	bne.n	10003264 <_ftoa+0x42c>
10003274:	4655      	mov	r5, sl
10003276:	4c1e      	ldr	r4, [pc, #120]	@ (100032f0 <_ftoa+0x4b8>)
10003278:	1ee6      	subs	r6, r4, #3
1000327a:	f814 0d01 	ldrb.w	r0, [r4, #-1]!
1000327e:	462a      	mov	r2, r5
10003280:	464b      	mov	r3, r9
10003282:	4641      	mov	r1, r8
10003284:	47b8      	blx	r7
10003286:	42a6      	cmp	r6, r4
10003288:	f105 0501 	add.w	r5, r5, #1
1000328c:	d1f5      	bne.n	1000327a <_ftoa+0x442>
1000328e:	9b07      	ldr	r3, [sp, #28]
10003290:	f10a 0a03 	add.w	sl, sl, #3
10003294:	079d      	lsls	r5, r3, #30
10003296:	f57f aed5 	bpl.w	10003044 <_ftoa+0x20c>
1000329a:	9c0c      	ldr	r4, [sp, #48]	@ 0x30
1000329c:	ebaa 0304 	sub.w	r3, sl, r4
100032a0:	459b      	cmp	fp, r3
100032a2:	f67f aecf 	bls.w	10003044 <_ftoa+0x20c>
100032a6:	4652      	mov	r2, sl
100032a8:	464b      	mov	r3, r9
100032aa:	4641      	mov	r1, r8
100032ac:	2020      	movs	r0, #32
100032ae:	f10a 0a01 	add.w	sl, sl, #1
100032b2:	47b8      	blx	r7
100032b4:	ebaa 0304 	sub.w	r3, sl, r4
100032b8:	459b      	cmp	fp, r3
100032ba:	d8f4      	bhi.n	100032a6 <_ftoa+0x46e>
100032bc:	e6c2      	b.n	10003044 <_ftoa+0x20c>
100032be:	f8dd a030 	ldr.w	sl, [sp, #48]	@ 0x30
100032c2:	e7d7      	b.n	10003274 <_ftoa+0x43c>
100032c4:	45ab      	cmp	fp, r5
100032c6:	f63f aea3 	bhi.w	10003010 <_ftoa+0x1d8>
100032ca:	e6ae      	b.n	1000302a <_ftoa+0x1f2>
100032cc:	f1bb 0f00 	cmp.w	fp, #0
100032d0:	f43f af7a 	beq.w	100031c8 <_ftoa+0x390>
100032d4:	9b0d      	ldr	r3, [sp, #52]	@ 0x34
100032d6:	2b00      	cmp	r3, #0
100032d8:	d09f      	beq.n	1000321a <_ftoa+0x3e2>
100032da:	f10b 3bff 	add.w	fp, fp, #4294967295	@ 0xffffffff
100032de:	455d      	cmp	r5, fp
100032e0:	f4ff ae96 	bcc.w	10003010 <_ftoa+0x1d8>
100032e4:	2d20      	cmp	r5, #32
100032e6:	f47f af74 	bne.w	100031d2 <_ftoa+0x39a>
100032ea:	e69e      	b.n	1000302a <_ftoa+0x1f2>
100032ec:	3fe00000 	.word	0x3fe00000
100032f0:	100055b7 	.word	0x100055b7
100032f4:	00000000 	.word	0x00000000

100032f8 <_etoa>:
100032f8:	e92d 4ff0 	stmdb	sp!, {r4, r5, r6, r7, r8, r9, sl, fp, lr}
100032fc:	b09f      	sub	sp, #124	@ 0x7c
100032fe:	9e2a      	ldr	r6, [sp, #168]	@ 0xa8
10003300:	e9dd 4528 	ldrd	r4, r5, [sp, #160]	@ 0xa0
10003304:	4607      	mov	r7, r0
10003306:	4693      	mov	fp, r2
10003308:	9108      	str	r1, [sp, #32]
1000330a:	9309      	str	r3, [sp, #36]	@ 0x24
1000330c:	4622      	mov	r2, r4
1000330e:	462b      	mov	r3, r5
10003310:	4620      	mov	r0, r4
10003312:	4629      	mov	r1, r5
10003314:	960e      	str	r6, [sp, #56]	@ 0x38
10003316:	e9dd a62b 	ldrd	sl, r6, [sp, #172]	@ 0xac
1000331a:	f7ff fbc1 	bl	10002aa0 <__wrap___aeabi_dcmpun>
1000331e:	2800      	cmp	r0, #0
10003320:	f040 80be 	bne.w	100034a0 <_etoa+0x1a8>
10003324:	4620      	mov	r0, r4
10003326:	4629      	mov	r1, r5
10003328:	f04f 32ff 	mov.w	r2, #4294967295	@ 0xffffffff
1000332c:	4b78      	ldr	r3, [pc, #480]	@ (10003510 <_etoa+0x218>)
1000332e:	f7ff fc05 	bl	10002b3c <__wrap___aeabi_dcmpgt>
10003332:	2800      	cmp	r0, #0
10003334:	f040 80b4 	bne.w	100034a0 <_etoa+0x1a8>
10003338:	4620      	mov	r0, r4
1000333a:	4629      	mov	r1, r5
1000333c:	f04f 32ff 	mov.w	r2, #4294967295	@ 0xffffffff
10003340:	f46f 1380 	mvn.w	r3, #1048576	@ 0x100000
10003344:	f7ff fbbe 	bl	10002ac4 <__wrap___aeabi_dcmplt>
10003348:	2800      	cmp	r0, #0
1000334a:	f040 80a9 	bne.w	100034a0 <_etoa+0x1a8>
1000334e:	4620      	mov	r0, r4
10003350:	4629      	mov	r1, r5
10003352:	2200      	movs	r2, #0
10003354:	2300      	movs	r3, #0
10003356:	f7ff fbb5 	bl	10002ac4 <__wrap___aeabi_dcmplt>
1000335a:	2800      	cmp	r0, #0
1000335c:	f040 81d5 	bne.w	1000370a <_etoa+0x412>
10003360:	e9cd 450a 	strd	r4, r5, [sp, #40]	@ 0x28
10003364:	e9dd 230a 	ldrd	r2, r3, [sp, #40]	@ 0x28
10003368:	4690      	mov	r8, r2
1000336a:	4699      	mov	r9, r3
1000336c:	f406 6200 	and.w	r2, r6, #2048	@ 0x800
10003370:	f416 6380 	ands.w	r3, r6, #1024	@ 0x400
10003374:	920f      	str	r2, [sp, #60]	@ 0x3c
10003376:	9313      	str	r3, [sp, #76]	@ 0x4c
10003378:	f040 80a1 	bne.w	100034be <_etoa+0x1c6>
1000337c:	ea58 0309 	orrs.w	r3, r8, r9
10003380:	f040 80ca 	bne.w	10003518 <_etoa+0x220>
10003384:	2a00      	cmp	r2, #0
10003386:	f040 81e3 	bne.w	10003750 <_etoa+0x458>
1000338a:	2306      	movs	r3, #6
1000338c:	930e      	str	r3, [sp, #56]	@ 0x38
1000338e:	f016 0202 	ands.w	r2, r6, #2
10003392:	9210      	str	r2, [sp, #64]	@ 0x40
10003394:	f040 81d4 	bne.w	10003740 <_etoa+0x448>
10003398:	4653      	mov	r3, sl
1000339a:	2b04      	cmp	r3, #4
1000339c:	bf38      	it	cc
1000339e:	2304      	movcc	r3, #4
100033a0:	920c      	str	r2, [sp, #48]	@ 0x30
100033a2:	2204      	movs	r2, #4
100033a4:	3b04      	subs	r3, #4
100033a6:	9212      	str	r2, [sp, #72]	@ 0x48
100033a8:	930f      	str	r3, [sp, #60]	@ 0x3c
100033aa:	4620      	mov	r0, r4
100033ac:	4629      	mov	r1, r5
100033ae:	2200      	movs	r2, #0
100033b0:	2300      	movs	r3, #0
100033b2:	f7ff fb87 	bl	10002ac4 <__wrap___aeabi_dcmplt>
100033b6:	2800      	cmp	r0, #0
100033b8:	f040 81f3 	bne.w	100037a2 <_etoa+0x4aa>
100033bc:	ed9d 7b0a 	vldr	d7, [sp, #40]	@ 0x28
100033c0:	9b0f      	ldr	r3, [sp, #60]	@ 0x3c
100033c2:	465a      	mov	r2, fp
100033c4:	9303      	str	r3, [sp, #12]
100033c6:	9b0e      	ldr	r3, [sp, #56]	@ 0x38
100033c8:	ed8d 7b00 	vstr	d7, [sp]
100033cc:	9302      	str	r3, [sp, #8]
100033ce:	f426 6300 	bic.w	r3, r6, #2048	@ 0x800
100033d2:	9304      	str	r3, [sp, #16]
100033d4:	4638      	mov	r0, r7
100033d6:	9b09      	ldr	r3, [sp, #36]	@ 0x24
100033d8:	9908      	ldr	r1, [sp, #32]
100033da:	f7ff fd2d 	bl	10002e38 <_ftoa>
100033de:	4602      	mov	r2, r0
100033e0:	f016 0f20 	tst.w	r6, #32
100033e4:	9b09      	ldr	r3, [sp, #36]	@ 0x24
100033e6:	9908      	ldr	r1, [sp, #32]
100033e8:	bf0c      	ite	eq
100033ea:	2065      	moveq	r0, #101	@ 0x65
100033ec:	2045      	movne	r0, #69	@ 0x45
100033ee:	f102 0801 	add.w	r8, r2, #1
100033f2:	47b8      	blx	r7
100033f4:	9a0c      	ldr	r2, [sp, #48]	@ 0x30
100033f6:	9b12      	ldr	r3, [sp, #72]	@ 0x48
100033f8:	ac16      	add	r4, sp, #88	@ 0x58
100033fa:	1e5d      	subs	r5, r3, #1
100033fc:	ea82 73e2 	eor.w	r3, r2, r2, asr #31
10003400:	eba3 73e2 	sub.w	r3, r3, r2, asr #31
10003404:	0fd1      	lsrs	r1, r2, #31
10003406:	2600      	movs	r6, #0
10003408:	4622      	mov	r2, r4
1000340a:	4699      	mov	r9, r3
1000340c:	f8df c104 	ldr.w	ip, [pc, #260]	@ 10003514 <_etoa+0x21c>
10003410:	e001      	b.n	10003416 <_etoa+0x11e>
10003412:	2e20      	cmp	r6, #32
10003414:	d010      	beq.n	10003438 <_etoa+0x140>
10003416:	46ce      	mov	lr, r9
10003418:	fbac 3009 	umull	r3, r0, ip, r9
1000341c:	08c0      	lsrs	r0, r0, #3
1000341e:	eb00 0380 	add.w	r3, r0, r0, lsl #2
10003422:	eba9 0343 	sub.w	r3, r9, r3, lsl #1
10003426:	3330      	adds	r3, #48	@ 0x30
10003428:	f1be 0f09 	cmp.w	lr, #9
1000342c:	4681      	mov	r9, r0
1000342e:	f106 0601 	add.w	r6, r6, #1
10003432:	f802 3b01 	strb.w	r3, [r2], #1
10003436:	d8ec      	bhi.n	10003412 <_etoa+0x11a>
10003438:	2305      	movs	r3, #5
1000343a:	2000      	movs	r0, #0
1000343c:	9306      	str	r3, [sp, #24]
1000343e:	230a      	movs	r3, #10
10003440:	9505      	str	r5, [sp, #20]
10003442:	9400      	str	r4, [sp, #0]
10003444:	9d09      	ldr	r5, [sp, #36]	@ 0x24
10003446:	9c08      	ldr	r4, [sp, #32]
10003448:	4642      	mov	r2, r8
1000344a:	e9cd 3003 	strd	r3, r0, [sp, #12]
1000344e:	e9cd 6101 	strd	r6, r1, [sp, #4]
10003452:	462b      	mov	r3, r5
10003454:	4621      	mov	r1, r4
10003456:	4638      	mov	r0, r7
10003458:	f7ff fc00 	bl	10002c5c <_ntoa_format>
1000345c:	9a10      	ldr	r2, [sp, #64]	@ 0x40
1000345e:	4680      	mov	r8, r0
10003460:	b1d2      	cbz	r2, 10003498 <_etoa+0x1a0>
10003462:	eba0 060b 	sub.w	r6, r0, fp
10003466:	45b2      	cmp	sl, r6
10003468:	d916      	bls.n	10003498 <_etoa+0x1a0>
1000346a:	eb0b 0206 	add.w	r2, fp, r6
1000346e:	462b      	mov	r3, r5
10003470:	4621      	mov	r1, r4
10003472:	2020      	movs	r0, #32
10003474:	3601      	adds	r6, #1
10003476:	47b8      	blx	r7
10003478:	45b2      	cmp	sl, r6
1000347a:	d8f6      	bhi.n	1000346a <_etoa+0x172>
1000347c:	f10b 33ff 	add.w	r3, fp, #4294967295	@ 0xffffffff
10003480:	4453      	add	r3, sl
10003482:	f1cb 0201 	rsb	r2, fp, #1
10003486:	eba3 0308 	sub.w	r3, r3, r8
1000348a:	4442      	add	r2, r8
1000348c:	4592      	cmp	sl, r2
1000348e:	bf38      	it	cc
10003490:	2300      	movcc	r3, #0
10003492:	f108 0801 	add.w	r8, r8, #1
10003496:	4498      	add	r8, r3
10003498:	4640      	mov	r0, r8
1000349a:	b01f      	add	sp, #124	@ 0x7c
1000349c:	e8bd 8ff0 	ldmia.w	sp!, {r4, r5, r6, r7, r8, r9, sl, fp, pc}
100034a0:	465a      	mov	r2, fp
100034a2:	4638      	mov	r0, r7
100034a4:	e9cd 4528 	strd	r4, r5, [sp, #160]	@ 0xa0
100034a8:	e9cd a62b 	strd	sl, r6, [sp, #172]	@ 0xac
100034ac:	9c0e      	ldr	r4, [sp, #56]	@ 0x38
100034ae:	9b09      	ldr	r3, [sp, #36]	@ 0x24
100034b0:	9908      	ldr	r1, [sp, #32]
100034b2:	942a      	str	r4, [sp, #168]	@ 0xa8
100034b4:	b01f      	add	sp, #124	@ 0x7c
100034b6:	e8bd 4ff0 	ldmia.w	sp!, {r4, r5, r6, r7, r8, r9, sl, fp, lr}
100034ba:	f7ff bcbd 	b.w	10002e38 <_ftoa>
100034be:	ea58 0309 	orrs.w	r3, r8, r9
100034c2:	d12b      	bne.n	1000351c <_etoa+0x224>
100034c4:	2a00      	cmp	r2, #0
100034c6:	f43f af62 	beq.w	1000338e <_etoa+0x96>
100034ca:	2300      	movs	r3, #0
100034cc:	930c      	str	r3, [sp, #48]	@ 0x30
100034ce:	9b0e      	ldr	r3, [sp, #56]	@ 0x38
100034d0:	9a0c      	ldr	r2, [sp, #48]	@ 0x30
100034d2:	4293      	cmp	r3, r2
100034d4:	f300 81b9 	bgt.w	1000384a <_etoa+0x552>
100034d8:	f04f 0800 	mov.w	r8, #0
100034dc:	4620      	mov	r0, r4
100034de:	4629      	mov	r1, r5
100034e0:	2200      	movs	r2, #0
100034e2:	2300      	movs	r3, #0
100034e4:	f7ff faee 	bl	10002ac4 <__wrap___aeabi_dcmplt>
100034e8:	2800      	cmp	r0, #0
100034ea:	f040 8113 	bne.w	10003714 <_etoa+0x41c>
100034ee:	ed9d 7b0a 	vldr	d7, [sp, #40]	@ 0x28
100034f2:	f426 6600 	bic.w	r6, r6, #2048	@ 0x800
100034f6:	f446 6680 	orr.w	r6, r6, #1024	@ 0x400
100034fa:	ed8d 7b28 	vstr	d7, [sp, #160]	@ 0xa0
100034fe:	465a      	mov	r2, fp
10003500:	4638      	mov	r0, r7
10003502:	e9cd 8a2a 	strd	r8, sl, [sp, #168]	@ 0xa8
10003506:	9b09      	ldr	r3, [sp, #36]	@ 0x24
10003508:	9908      	ldr	r1, [sp, #32]
1000350a:	962c      	str	r6, [sp, #176]	@ 0xb0
1000350c:	e7d2      	b.n	100034b4 <_etoa+0x1bc>
1000350e:	bf00      	nop
10003510:	7fefffff 	.word	0x7fefffff
10003514:	cccccccd 	.word	0xcccccccd
10003518:	2306      	movs	r3, #6
1000351a:	930e      	str	r3, [sp, #56]	@ 0x38
1000351c:	f3c9 500a 	ubfx	r0, r9, #20, #11
10003520:	f2a0 30ff 	subw	r0, r0, #1023	@ 0x3ff
10003524:	f7ff fa74 	bl	10002a10 <__wrap___aeabi_i2d>
10003528:	a3c1      	add	r3, pc, #772	@ (adr r3, 10003830 <_etoa+0x538>)
1000352a:	e9d3 2300 	ldrd	r2, r3, [r3]
1000352e:	f7ff f9fb 	bl	10002928 <__wrap___aeabi_dmul>
10003532:	a3c1      	add	r3, pc, #772	@ (adr r3, 10003838 <_etoa+0x540>)
10003534:	e9d3 2300 	ldrd	r2, r3, [r3]
10003538:	f7ff f9ce 	bl	100028d8 <__wrap___aeabi_dadd>
1000353c:	f3c9 0913 	ubfx	r9, r9, #0, #20
10003540:	e9cd 010c 	strd	r0, r1, [sp, #48]	@ 0x30
10003544:	f049 517f 	orr.w	r1, r9, #1069547520	@ 0x3fc00000
10003548:	4640      	mov	r0, r8
1000354a:	2200      	movs	r2, #0
1000354c:	4bb2      	ldr	r3, [pc, #712]	@ (10003818 <_etoa+0x520>)
1000354e:	f441 1140 	orr.w	r1, r1, #3145728	@ 0x300000
10003552:	f7ff f9d5 	bl	10002900 <__wrap___aeabi_dsub>
10003556:	a3a4      	add	r3, pc, #656	@ (adr r3, 100037e8 <_etoa+0x4f0>)
10003558:	e9d3 2300 	ldrd	r2, r3, [r3]
1000355c:	f7ff f9e4 	bl	10002928 <__wrap___aeabi_dmul>
10003560:	4602      	mov	r2, r0
10003562:	460b      	mov	r3, r1
10003564:	e9dd 010c 	ldrd	r0, r1, [sp, #48]	@ 0x30
10003568:	f7ff f9b6 	bl	100028d8 <__wrap___aeabi_dadd>
1000356c:	f7ff fa74 	bl	10002a58 <__wrap___aeabi_d2iz>
10003570:	900c      	str	r0, [sp, #48]	@ 0x30
10003572:	f7ff fa4d 	bl	10002a10 <__wrap___aeabi_i2d>
10003576:	a39e      	add	r3, pc, #632	@ (adr r3, 100037f0 <_etoa+0x4f8>)
10003578:	e9d3 2300 	ldrd	r2, r3, [r3]
1000357c:	4680      	mov	r8, r0
1000357e:	4689      	mov	r9, r1
10003580:	f7ff f9d2 	bl	10002928 <__wrap___aeabi_dmul>
10003584:	2200      	movs	r2, #0
10003586:	4ba5      	ldr	r3, [pc, #660]	@ (1000381c <_etoa+0x524>)
10003588:	f7ff f9a6 	bl	100028d8 <__wrap___aeabi_dadd>
1000358c:	f7ff fa64 	bl	10002a58 <__wrap___aeabi_d2iz>
10003590:	4603      	mov	r3, r0
10003592:	4649      	mov	r1, r9
10003594:	4640      	mov	r0, r8
10003596:	9312      	str	r3, [sp, #72]	@ 0x48
10003598:	a397      	add	r3, pc, #604	@ (adr r3, 100037f8 <_etoa+0x500>)
1000359a:	e9d3 2300 	ldrd	r2, r3, [r3]
1000359e:	f7ff f9c3 	bl	10002928 <__wrap___aeabi_dmul>
100035a2:	4680      	mov	r8, r0
100035a4:	9812      	ldr	r0, [sp, #72]	@ 0x48
100035a6:	4689      	mov	r9, r1
100035a8:	f7ff fa32 	bl	10002a10 <__wrap___aeabi_i2d>
100035ac:	a394      	add	r3, pc, #592	@ (adr r3, 10003800 <_etoa+0x508>)
100035ae:	e9d3 2300 	ldrd	r2, r3, [r3]
100035b2:	f7ff f9b9 	bl	10002928 <__wrap___aeabi_dmul>
100035b6:	4602      	mov	r2, r0
100035b8:	460b      	mov	r3, r1
100035ba:	4640      	mov	r0, r8
100035bc:	4649      	mov	r1, r9
100035be:	f7ff f99f 	bl	10002900 <__wrap___aeabi_dsub>
100035c2:	4602      	mov	r2, r0
100035c4:	460b      	mov	r3, r1
100035c6:	4680      	mov	r8, r0
100035c8:	4689      	mov	r9, r1
100035ca:	f7ff f9ad 	bl	10002928 <__wrap___aeabi_dmul>
100035ce:	4642      	mov	r2, r8
100035d0:	464b      	mov	r3, r9
100035d2:	e9cd 0110 	strd	r0, r1, [sp, #64]	@ 0x40
100035d6:	4640      	mov	r0, r8
100035d8:	4649      	mov	r1, r9
100035da:	f7ff f97d 	bl	100028d8 <__wrap___aeabi_dadd>
100035de:	2200      	movs	r2, #0
100035e0:	e9cd 0114 	strd	r0, r1, [sp, #80]	@ 0x50
100035e4:	e9dd 0110 	ldrd	r0, r1, [sp, #64]	@ 0x40
100035e8:	4b8d      	ldr	r3, [pc, #564]	@ (10003820 <_etoa+0x528>)
100035ea:	f7ff f9c3 	bl	10002974 <__wrap___aeabi_ddiv>
100035ee:	2200      	movs	r2, #0
100035f0:	4b8c      	ldr	r3, [pc, #560]	@ (10003824 <_etoa+0x52c>)
100035f2:	f7ff f971 	bl	100028d8 <__wrap___aeabi_dadd>
100035f6:	4602      	mov	r2, r0
100035f8:	460b      	mov	r3, r1
100035fa:	e9dd 0110 	ldrd	r0, r1, [sp, #64]	@ 0x40
100035fe:	f7ff f9b9 	bl	10002974 <__wrap___aeabi_ddiv>
10003602:	2200      	movs	r2, #0
10003604:	4b88      	ldr	r3, [pc, #544]	@ (10003828 <_etoa+0x530>)
10003606:	f7ff f967 	bl	100028d8 <__wrap___aeabi_dadd>
1000360a:	4602      	mov	r2, r0
1000360c:	460b      	mov	r3, r1
1000360e:	e9dd 0110 	ldrd	r0, r1, [sp, #64]	@ 0x40
10003612:	f7ff f9af 	bl	10002974 <__wrap___aeabi_ddiv>
10003616:	4642      	mov	r2, r8
10003618:	464b      	mov	r3, r9
1000361a:	4680      	mov	r8, r0
1000361c:	4689      	mov	r9, r1
1000361e:	2000      	movs	r0, #0
10003620:	f04f 4180 	mov.w	r1, #1073741824	@ 0x40000000
10003624:	f7ff f96c 	bl	10002900 <__wrap___aeabi_dsub>
10003628:	4602      	mov	r2, r0
1000362a:	460b      	mov	r3, r1
1000362c:	4640      	mov	r0, r8
1000362e:	4649      	mov	r1, r9
10003630:	f7ff f952 	bl	100028d8 <__wrap___aeabi_dadd>
10003634:	4602      	mov	r2, r0
10003636:	460b      	mov	r3, r1
10003638:	e9dd 0114 	ldrd	r0, r1, [sp, #80]	@ 0x50
1000363c:	f7ff f99a 	bl	10002974 <__wrap___aeabi_ddiv>
10003640:	2200      	movs	r2, #0
10003642:	4b7a      	ldr	r3, [pc, #488]	@ (1000382c <_etoa+0x534>)
10003644:	f7ff f948 	bl	100028d8 <__wrap___aeabi_dadd>
10003648:	9b12      	ldr	r3, [sp, #72]	@ 0x48
1000364a:	2200      	movs	r2, #0
1000364c:	f203 3cff 	addw	ip, r3, #1023	@ 0x3ff
10003650:	ea4f 530c 	mov.w	r3, ip, lsl #20
10003654:	f7ff f968 	bl	10002928 <__wrap___aeabi_dmul>
10003658:	4680      	mov	r8, r0
1000365a:	4689      	mov	r9, r1
1000365c:	e9dd 010a 	ldrd	r0, r1, [sp, #40]	@ 0x28
10003660:	4642      	mov	r2, r8
10003662:	464b      	mov	r3, r9
10003664:	f7ff fa2e 	bl	10002ac4 <__wrap___aeabi_dcmplt>
10003668:	b150      	cbz	r0, 10003680 <_etoa+0x388>
1000366a:	9b0c      	ldr	r3, [sp, #48]	@ 0x30
1000366c:	4640      	mov	r0, r8
1000366e:	3b01      	subs	r3, #1
10003670:	4649      	mov	r1, r9
10003672:	930c      	str	r3, [sp, #48]	@ 0x30
10003674:	2200      	movs	r2, #0
10003676:	4b6b      	ldr	r3, [pc, #428]	@ (10003824 <_etoa+0x52c>)
10003678:	f7ff f97c 	bl	10002974 <__wrap___aeabi_ddiv>
1000367c:	4680      	mov	r8, r0
1000367e:	4689      	mov	r9, r1
10003680:	9a0c      	ldr	r2, [sp, #48]	@ 0x30
10003682:	4643      	mov	r3, r8
10003684:	3263      	adds	r2, #99	@ 0x63
10003686:	2ac6      	cmp	r2, #198	@ 0xc6
10003688:	f006 0202 	and.w	r2, r6, #2
1000368c:	9210      	str	r2, [sp, #64]	@ 0x40
1000368e:	4649      	mov	r1, r9
10003690:	9a0f      	ldr	r2, [sp, #60]	@ 0x3c
10003692:	d82c      	bhi.n	100036ee <_etoa+0x3f6>
10003694:	2a00      	cmp	r2, #0
10003696:	d05e      	beq.n	10003756 <_etoa+0x45e>
10003698:	2204      	movs	r2, #4
1000369a:	9212      	str	r2, [sp, #72]	@ 0x48
1000369c:	430b      	orrs	r3, r1
1000369e:	f43f af16 	beq.w	100034ce <_etoa+0x1d6>
100036a2:	e9dd 010a 	ldrd	r0, r1, [sp, #40]	@ 0x28
100036a6:	a358      	add	r3, pc, #352	@ (adr r3, 10003808 <_etoa+0x510>)
100036a8:	e9d3 2300 	ldrd	r2, r3, [r3]
100036ac:	f7ff fa32 	bl	10002b14 <__wrap___aeabi_dcmpge>
100036b0:	b148      	cbz	r0, 100036c6 <_etoa+0x3ce>
100036b2:	e9dd 010a 	ldrd	r0, r1, [sp, #40]	@ 0x28
100036b6:	a356      	add	r3, pc, #344	@ (adr r3, 10003810 <_etoa+0x518>)
100036b8:	e9d3 2300 	ldrd	r2, r3, [r3]
100036bc:	f7ff fa02 	bl	10002ac4 <__wrap___aeabi_dcmplt>
100036c0:	2800      	cmp	r0, #0
100036c2:	f47f af04 	bne.w	100034ce <_etoa+0x1d6>
100036c6:	9b0e      	ldr	r3, [sp, #56]	@ 0x38
100036c8:	2b00      	cmp	r3, #0
100036ca:	d050      	beq.n	1000376e <_etoa+0x476>
100036cc:	9a13      	ldr	r2, [sp, #76]	@ 0x4c
100036ce:	2a00      	cmp	r2, #0
100036d0:	d07d      	beq.n	100037ce <_etoa+0x4d6>
100036d2:	3b01      	subs	r3, #1
100036d4:	930e      	str	r3, [sp, #56]	@ 0x38
100036d6:	9b12      	ldr	r3, [sp, #72]	@ 0x48
100036d8:	459a      	cmp	sl, r3
100036da:	d905      	bls.n	100036e8 <_etoa+0x3f0>
100036dc:	9b10      	ldr	r3, [sp, #64]	@ 0x40
100036de:	2b00      	cmp	r3, #0
100036e0:	f000 80ae 	beq.w	10003840 <_etoa+0x548>
100036e4:	2302      	movs	r3, #2
100036e6:	9310      	str	r3, [sp, #64]	@ 0x40
100036e8:	2300      	movs	r3, #0
100036ea:	930f      	str	r3, [sp, #60]	@ 0x3c
100036ec:	e044      	b.n	10003778 <_etoa+0x480>
100036ee:	bb22      	cbnz	r2, 1000373a <_etoa+0x442>
100036f0:	f1ba 0f05 	cmp.w	sl, #5
100036f4:	d94f      	bls.n	10003796 <_etoa+0x49e>
100036f6:	f006 0302 	and.w	r3, r6, #2
100036fa:	2b00      	cmp	r3, #0
100036fc:	d149      	bne.n	10003792 <_etoa+0x49a>
100036fe:	2305      	movs	r3, #5
10003700:	9312      	str	r3, [sp, #72]	@ 0x48
10003702:	f1aa 0305 	sub.w	r3, sl, #5
10003706:	930f      	str	r3, [sp, #60]	@ 0x3c
10003708:	e03a      	b.n	10003780 <_etoa+0x488>
1000370a:	f105 4300 	add.w	r3, r5, #2147483648	@ 0x80000000
1000370e:	940a      	str	r4, [sp, #40]	@ 0x28
10003710:	930b      	str	r3, [sp, #44]	@ 0x2c
10003712:	e627      	b.n	10003364 <_etoa+0x6c>
10003714:	f426 6600 	bic.w	r6, r6, #2048	@ 0x800
10003718:	f446 6680 	orr.w	r6, r6, #1024	@ 0x400
1000371c:	4638      	mov	r0, r7
1000371e:	962c      	str	r6, [sp, #176]	@ 0xb0
10003720:	e9dd 670a 	ldrd	r6, r7, [sp, #40]	@ 0x28
10003724:	4634      	mov	r4, r6
10003726:	f107 4500 	add.w	r5, r7, #2147483648	@ 0x80000000
1000372a:	465a      	mov	r2, fp
1000372c:	e9cd 8a2a 	strd	r8, sl, [sp, #168]	@ 0xa8
10003730:	e9cd 4528 	strd	r4, r5, [sp, #160]	@ 0xa0
10003734:	9b09      	ldr	r3, [sp, #36]	@ 0x24
10003736:	9908      	ldr	r1, [sp, #32]
10003738:	e6bc      	b.n	100034b4 <_etoa+0x1bc>
1000373a:	2205      	movs	r2, #5
1000373c:	9212      	str	r2, [sp, #72]	@ 0x48
1000373e:	e7ad      	b.n	1000369c <_etoa+0x3a4>
10003740:	2300      	movs	r3, #0
10003742:	2202      	movs	r2, #2
10003744:	e9cd 320f 	strd	r3, r2, [sp, #60]	@ 0x3c
10003748:	2204      	movs	r2, #4
1000374a:	930c      	str	r3, [sp, #48]	@ 0x30
1000374c:	9212      	str	r2, [sp, #72]	@ 0x48
1000374e:	e62c      	b.n	100033aa <_etoa+0xb2>
10003750:	f04f 0805 	mov.w	r8, #5
10003754:	e6c2      	b.n	100034dc <_etoa+0x1e4>
10003756:	f1ba 0f04 	cmp.w	sl, #4
1000375a:	d91f      	bls.n	1000379c <_etoa+0x4a4>
1000375c:	9b10      	ldr	r3, [sp, #64]	@ 0x40
1000375e:	2b00      	cmp	r3, #0
10003760:	d178      	bne.n	10003854 <_etoa+0x55c>
10003762:	2304      	movs	r3, #4
10003764:	9312      	str	r3, [sp, #72]	@ 0x48
10003766:	f1aa 0304 	sub.w	r3, sl, #4
1000376a:	930f      	str	r3, [sp, #60]	@ 0x3c
1000376c:	e004      	b.n	10003778 <_etoa+0x480>
1000376e:	9b12      	ldr	r3, [sp, #72]	@ 0x48
10003770:	459a      	cmp	sl, r3
10003772:	d831      	bhi.n	100037d8 <_etoa+0x4e0>
10003774:	9b0e      	ldr	r3, [sp, #56]	@ 0x38
10003776:	930f      	str	r3, [sp, #60]	@ 0x3c
10003778:	9b0c      	ldr	r3, [sp, #48]	@ 0x30
1000377a:	2b00      	cmp	r3, #0
1000377c:	f43f ae15 	beq.w	100033aa <_etoa+0xb2>
10003780:	e9dd 010a 	ldrd	r0, r1, [sp, #40]	@ 0x28
10003784:	4642      	mov	r2, r8
10003786:	464b      	mov	r3, r9
10003788:	f7ff f8f4 	bl	10002974 <__wrap___aeabi_ddiv>
1000378c:	e9cd 010a 	strd	r0, r1, [sp, #40]	@ 0x28
10003790:	e60b      	b.n	100033aa <_etoa+0xb2>
10003792:	2302      	movs	r3, #2
10003794:	9310      	str	r3, [sp, #64]	@ 0x40
10003796:	2305      	movs	r3, #5
10003798:	9312      	str	r3, [sp, #72]	@ 0x48
1000379a:	e7f1      	b.n	10003780 <_etoa+0x488>
1000379c:	2304      	movs	r3, #4
1000379e:	9312      	str	r3, [sp, #72]	@ 0x48
100037a0:	e7ea      	b.n	10003778 <_etoa+0x480>
100037a2:	e9dd 450a 	ldrd	r4, r5, [sp, #40]	@ 0x28
100037a6:	46a0      	mov	r8, r4
100037a8:	9b0f      	ldr	r3, [sp, #60]	@ 0x3c
100037aa:	f105 4900 	add.w	r9, r5, #2147483648	@ 0x80000000
100037ae:	9303      	str	r3, [sp, #12]
100037b0:	9b0e      	ldr	r3, [sp, #56]	@ 0x38
100037b2:	465a      	mov	r2, fp
100037b4:	9302      	str	r3, [sp, #8]
100037b6:	f426 6300 	bic.w	r3, r6, #2048	@ 0x800
100037ba:	9304      	str	r3, [sp, #16]
100037bc:	4638      	mov	r0, r7
100037be:	e9cd 8900 	strd	r8, r9, [sp]
100037c2:	9b09      	ldr	r3, [sp, #36]	@ 0x24
100037c4:	9908      	ldr	r1, [sp, #32]
100037c6:	f7ff fb37 	bl	10002e38 <_ftoa>
100037ca:	4602      	mov	r2, r0
100037cc:	e608      	b.n	100033e0 <_etoa+0xe8>
100037ce:	9b12      	ldr	r3, [sp, #72]	@ 0x48
100037d0:	459a      	cmp	sl, r3
100037d2:	d844      	bhi.n	1000385e <_etoa+0x566>
100037d4:	920f      	str	r2, [sp, #60]	@ 0x3c
100037d6:	e7cf      	b.n	10003778 <_etoa+0x480>
100037d8:	9b10      	ldr	r3, [sp, #64]	@ 0x40
100037da:	b38b      	cbz	r3, 10003840 <_etoa+0x548>
100037dc:	9b0e      	ldr	r3, [sp, #56]	@ 0x38
100037de:	930f      	str	r3, [sp, #60]	@ 0x3c
100037e0:	2302      	movs	r3, #2
100037e2:	9310      	str	r3, [sp, #64]	@ 0x40
100037e4:	e7c8      	b.n	10003778 <_etoa+0x480>
100037e6:	bf00      	nop
100037e8:	636f4361 	.word	0x636f4361
100037ec:	3fd287a7 	.word	0x3fd287a7
100037f0:	0979a371 	.word	0x0979a371
100037f4:	400a934f 	.word	0x400a934f
100037f8:	bbb55516 	.word	0xbbb55516
100037fc:	40026bb1 	.word	0x40026bb1
10003800:	fefa39ef 	.word	0xfefa39ef
10003804:	3fe62e42 	.word	0x3fe62e42
10003808:	eb1c432d 	.word	0xeb1c432d
1000380c:	3f1a36e2 	.word	0x3f1a36e2
10003810:	00000000 	.word	0x00000000
10003814:	412e8480 	.word	0x412e8480
10003818:	3ff80000 	.word	0x3ff80000
1000381c:	3fe00000 	.word	0x3fe00000
10003820:	402c0000 	.word	0x402c0000
10003824:	40240000 	.word	0x40240000
10003828:	40180000 	.word	0x40180000
1000382c:	3ff00000 	.word	0x3ff00000
10003830:	509f79fb 	.word	0x509f79fb
10003834:	3fd34413 	.word	0x3fd34413
10003838:	8b60c8b3 	.word	0x8b60c8b3
1000383c:	3fc68a28 	.word	0x3fc68a28
10003840:	9b12      	ldr	r3, [sp, #72]	@ 0x48
10003842:	ebaa 0303 	sub.w	r3, sl, r3
10003846:	930f      	str	r3, [sp, #60]	@ 0x3c
10003848:	e796      	b.n	10003778 <_etoa+0x480>
1000384a:	eba3 0802 	sub.w	r8, r3, r2
1000384e:	f108 38ff 	add.w	r8, r8, #4294967295	@ 0xffffffff
10003852:	e643      	b.n	100034dc <_etoa+0x1e4>
10003854:	2304      	movs	r3, #4
10003856:	9312      	str	r3, [sp, #72]	@ 0x48
10003858:	2302      	movs	r3, #2
1000385a:	9310      	str	r3, [sp, #64]	@ 0x40
1000385c:	e78c      	b.n	10003778 <_etoa+0x480>
1000385e:	9b10      	ldr	r3, [sp, #64]	@ 0x40
10003860:	2b00      	cmp	r3, #0
10003862:	d0ed      	beq.n	10003840 <_etoa+0x548>
10003864:	2302      	movs	r3, #2
10003866:	920f      	str	r2, [sp, #60]	@ 0x3c
10003868:	9310      	str	r3, [sp, #64]	@ 0x40
1000386a:	e785      	b.n	10003778 <_etoa+0x480>

1000386c <_vsnprintf>:
1000386c:	e92d 4ff0 	stmdb	sp!, {r4, r5, r6, r7, r8, r9, sl, fp, lr}
10003870:	b09b      	sub	sp, #108	@ 0x6c
10003872:	9c24      	ldr	r4, [sp, #144]	@ 0x90
10003874:	4d95      	ldr	r5, [pc, #596]	@ (10003acc <_vsnprintf+0x260>)
10003876:	940a      	str	r4, [sp, #40]	@ 0x28
10003878:	4c95      	ldr	r4, [pc, #596]	@ (10003ad0 <_vsnprintf+0x264>)
1000387a:	f1b1 0a00 	subs.w	sl, r1, #0
1000387e:	bf18      	it	ne
10003880:	4683      	movne	fp, r0
10003882:	6025      	str	r5, [r4, #0]
10003884:	7818      	ldrb	r0, [r3, #0]
10003886:	4c93      	ldr	r4, [pc, #588]	@ (10003ad4 <_vsnprintf+0x268>)
10003888:	4691      	mov	r9, r2
1000388a:	bf08      	it	eq
1000388c:	46a3      	moveq	fp, r4
1000388e:	9309      	str	r3, [sp, #36]	@ 0x24
10003890:	2800      	cmp	r0, #0
10003892:	f000 8293 	beq.w	10003dbc <_vsnprintf+0x550>
10003896:	f04f 0800 	mov.w	r8, #0
1000389a:	e00a      	b.n	100038b2 <_vsnprintf+0x46>
1000389c:	4642      	mov	r2, r8
1000389e:	464b      	mov	r3, r9
100038a0:	4651      	mov	r1, sl
100038a2:	f108 0801 	add.w	r8, r8, #1
100038a6:	47d8      	blx	fp
100038a8:	9b09      	ldr	r3, [sp, #36]	@ 0x24
100038aa:	7818      	ldrb	r0, [r3, #0]
100038ac:	2800      	cmp	r0, #0
100038ae:	f000 80ce 	beq.w	10003a4e <_vsnprintf+0x1e2>
100038b2:	9b09      	ldr	r3, [sp, #36]	@ 0x24
100038b4:	2825      	cmp	r0, #37	@ 0x25
100038b6:	f103 0301 	add.w	r3, r3, #1
100038ba:	9309      	str	r3, [sp, #36]	@ 0x24
100038bc:	d1ee      	bne.n	1000389c <_vsnprintf+0x30>
100038be:	461c      	mov	r4, r3
100038c0:	2300      	movs	r3, #0
100038c2:	4622      	mov	r2, r4
100038c4:	f812 0b01 	ldrb.w	r0, [r2], #1
100038c8:	f1a0 0120 	sub.w	r1, r0, #32
100038cc:	2910      	cmp	r1, #16
100038ce:	d80a      	bhi.n	100038e6 <_vsnprintf+0x7a>
100038d0:	e8df f001 	tbb	[pc, r1]
100038d4:	3c090940 	.word	0x3c090940
100038d8:	09090909 	.word	0x09090909
100038dc:	38090909 	.word	0x38090909
100038e0:	09093409 	.word	0x09093409
100038e4:	30          	.byte	0x30
100038e5:	00          	.byte	0x00
100038e6:	f1a0 0130 	sub.w	r1, r0, #48	@ 0x30
100038ea:	2909      	cmp	r1, #9
100038ec:	9409      	str	r4, [sp, #36]	@ 0x24
100038ee:	f240 808a 	bls.w	10003a06 <_vsnprintf+0x19a>
100038f2:	282a      	cmp	r0, #42	@ 0x2a
100038f4:	f000 80f0 	beq.w	10003ad8 <_vsnprintf+0x26c>
100038f8:	2500      	movs	r5, #0
100038fa:	282e      	cmp	r0, #46	@ 0x2e
100038fc:	f000 8096 	beq.w	10003a2c <_vsnprintf+0x1c0>
10003900:	2600      	movs	r6, #0
10003902:	f1a0 0168 	sub.w	r1, r0, #104	@ 0x68
10003906:	2912      	cmp	r1, #18
10003908:	d82d      	bhi.n	10003966 <_vsnprintf+0xfa>
1000390a:	e8df f011 	tbh	[pc, r1, lsl #1]
1000390e:	0149      	.short	0x0149
10003910:	0143002c 	.word	0x0143002c
10003914:	0138002c 	.word	0x0138002c
10003918:	002c002c 	.word	0x002c002c
1000391c:	002c002c 	.word	0x002c002c
10003920:	002c002c 	.word	0x002c002c
10003924:	0027002c 	.word	0x0027002c
10003928:	002c002c 	.word	0x002c002c
1000392c:	002c002c 	.word	0x002c002c
10003930:	0027002c 	.word	0x0027002c
10003934:	4614      	mov	r4, r2
10003936:	f043 0301 	orr.w	r3, r3, #1
1000393a:	e7c2      	b.n	100038c2 <_vsnprintf+0x56>
1000393c:	4614      	mov	r4, r2
1000393e:	f043 0302 	orr.w	r3, r3, #2
10003942:	e7be      	b.n	100038c2 <_vsnprintf+0x56>
10003944:	4614      	mov	r4, r2
10003946:	f043 0304 	orr.w	r3, r3, #4
1000394a:	e7ba      	b.n	100038c2 <_vsnprintf+0x56>
1000394c:	4614      	mov	r4, r2
1000394e:	f043 0310 	orr.w	r3, r3, #16
10003952:	e7b6      	b.n	100038c2 <_vsnprintf+0x56>
10003954:	4614      	mov	r4, r2
10003956:	f043 0308 	orr.w	r3, r3, #8
1000395a:	e7b2      	b.n	100038c2 <_vsnprintf+0x56>
1000395c:	9909      	ldr	r1, [sp, #36]	@ 0x24
1000395e:	7848      	ldrb	r0, [r1, #1]
10003960:	f443 7380 	orr.w	r3, r3, #256	@ 0x100
10003964:	3201      	adds	r2, #1
10003966:	2867      	cmp	r0, #103	@ 0x67
10003968:	9209      	str	r2, [sp, #36]	@ 0x24
1000396a:	d87e      	bhi.n	10003a6a <_vsnprintf+0x1fe>
1000396c:	2824      	cmp	r0, #36	@ 0x24
1000396e:	f240 80c1 	bls.w	10003af4 <_vsnprintf+0x288>
10003972:	f1a0 0225 	sub.w	r2, r0, #37	@ 0x25
10003976:	2a42      	cmp	r2, #66	@ 0x42
10003978:	f200 80bc 	bhi.w	10003af4 <_vsnprintf+0x288>
1000397c:	e8df f012 	tbh	[pc, r2, lsl #1]
10003980:	00ba0150 	.word	0x00ba0150
10003984:	00ba00ba 	.word	0x00ba00ba
10003988:	00ba00ba 	.word	0x00ba00ba
1000398c:	00ba00ba 	.word	0x00ba00ba
10003990:	00ba00ba 	.word	0x00ba00ba
10003994:	00ba00ba 	.word	0x00ba00ba
10003998:	00ba00ba 	.word	0x00ba00ba
1000399c:	00ba00ba 	.word	0x00ba00ba
100039a0:	00ba00ba 	.word	0x00ba00ba
100039a4:	00ba00ba 	.word	0x00ba00ba
100039a8:	00ba00ba 	.word	0x00ba00ba
100039ac:	00ba00ba 	.word	0x00ba00ba
100039b0:	00ba00ba 	.word	0x00ba00ba
100039b4:	00ba00ba 	.word	0x00ba00ba
100039b8:	00ba00ba 	.word	0x00ba00ba
100039bc:	00ba00ba 	.word	0x00ba00ba
100039c0:	01370119 	.word	0x01370119
100039c4:	00ba0119 	.word	0x00ba0119
100039c8:	00ba00ba 	.word	0x00ba00ba
100039cc:	00ba00ba 	.word	0x00ba00ba
100039d0:	00ba00ba 	.word	0x00ba00ba
100039d4:	00ba00ba 	.word	0x00ba00ba
100039d8:	00ba00ba 	.word	0x00ba00ba
100039dc:	00ba00ba 	.word	0x00ba00ba
100039e0:	00ba00ba 	.word	0x00ba00ba
100039e4:	01bc00ba 	.word	0x01bc00ba
100039e8:	00ba00ba 	.word	0x00ba00ba
100039ec:	00ba00ba 	.word	0x00ba00ba
100039f0:	00ba00ba 	.word	0x00ba00ba
100039f4:	00ba00ba 	.word	0x00ba00ba
100039f8:	01bc00ba 	.word	0x01bc00ba
100039fc:	01bc0158 	.word	0x01bc0158
10003a00:	01370119 	.word	0x01370119
10003a04:	0119      	.short	0x0119
10003a06:	2500      	movs	r5, #0
10003a08:	e000      	b.n	10003a0c <_vsnprintf+0x1a0>
10003a0a:	3201      	adds	r2, #1
10003a0c:	eb05 0585 	add.w	r5, r5, r5, lsl #2
10003a10:	eb00 0545 	add.w	r5, r0, r5, lsl #1
10003a14:	7810      	ldrb	r0, [r2, #0]
10003a16:	3d30      	subs	r5, #48	@ 0x30
10003a18:	f1a0 0130 	sub.w	r1, r0, #48	@ 0x30
10003a1c:	2909      	cmp	r1, #9
10003a1e:	d9f4      	bls.n	10003a0a <_vsnprintf+0x19e>
10003a20:	282e      	cmp	r0, #46	@ 0x2e
10003a22:	9209      	str	r2, [sp, #36]	@ 0x24
10003a24:	f102 0201 	add.w	r2, r2, #1
10003a28:	f47f af6a 	bne.w	10003900 <_vsnprintf+0x94>
10003a2c:	9909      	ldr	r1, [sp, #36]	@ 0x24
10003a2e:	f443 6380 	orr.w	r3, r3, #1024	@ 0x400
10003a32:	7848      	ldrb	r0, [r1, #1]
10003a34:	4611      	mov	r1, r2
10003a36:	f1a0 0630 	sub.w	r6, r0, #48	@ 0x30
10003a3a:	2e09      	cmp	r6, #9
10003a3c:	f240 8121 	bls.w	10003c82 <_vsnprintf+0x416>
10003a40:	282a      	cmp	r0, #42	@ 0x2a
10003a42:	f000 812f 	beq.w	10003ca4 <_vsnprintf+0x438>
10003a46:	9209      	str	r2, [sp, #36]	@ 0x24
10003a48:	2600      	movs	r6, #0
10003a4a:	3201      	adds	r2, #1
10003a4c:	e759      	b.n	10003902 <_vsnprintf+0x96>
10003a4e:	4644      	mov	r4, r8
10003a50:	45c1      	cmp	r9, r8
10003a52:	d801      	bhi.n	10003a58 <_vsnprintf+0x1ec>
10003a54:	f109 38ff 	add.w	r8, r9, #4294967295	@ 0xffffffff
10003a58:	464b      	mov	r3, r9
10003a5a:	4642      	mov	r2, r8
10003a5c:	4651      	mov	r1, sl
10003a5e:	2000      	movs	r0, #0
10003a60:	47d8      	blx	fp
10003a62:	4620      	mov	r0, r4
10003a64:	b01b      	add	sp, #108	@ 0x6c
10003a66:	e8bd 8ff0 	ldmia.w	sp!, {r4, r5, r6, r7, r8, r9, sl, fp, pc}
10003a6a:	f1a0 0269 	sub.w	r2, r0, #105	@ 0x69
10003a6e:	b2d2      	uxtb	r2, r2
10003a70:	2a0f      	cmp	r2, #15
10003a72:	d83f      	bhi.n	10003af4 <_vsnprintf+0x288>
10003a74:	2101      	movs	r1, #1
10003a76:	f249 0741 	movw	r7, #36929	@ 0x9041
10003a7a:	4091      	lsls	r1, r2
10003a7c:	4039      	ands	r1, r7
10003a7e:	f040 80f3 	bne.w	10003c68 <_vsnprintf+0x3fc>
10003a82:	2a0a      	cmp	r2, #10
10003a84:	d03d      	beq.n	10003b02 <_vsnprintf+0x296>
10003a86:	2a07      	cmp	r2, #7
10003a88:	d134      	bne.n	10003af4 <_vsnprintf+0x288>
10003a8a:	9d0a      	ldr	r5, [sp, #40]	@ 0x28
10003a8c:	f855 2b04 	ldr.w	r2, [r5], #4
10003a90:	2a00      	cmp	r2, #0
10003a92:	f000 8113 	beq.w	10003cbc <_vsnprintf+0x450>
10003a96:	f043 0021 	orr.w	r0, r3, #33	@ 0x21
10003a9a:	ab12      	add	r3, sp, #72	@ 0x48
10003a9c:	461f      	mov	r7, r3
10003a9e:	930b      	str	r3, [sp, #44]	@ 0x2c
10003aa0:	e003      	b.n	10003aaa <_vsnprintf+0x23e>
10003aa2:	2920      	cmp	r1, #32
10003aa4:	f000 8114 	beq.w	10003cd0 <_vsnprintf+0x464>
10003aa8:	461a      	mov	r2, r3
10003aaa:	f002 040f 	and.w	r4, r2, #15
10003aae:	4623      	mov	r3, r4
10003ab0:	2c09      	cmp	r4, #9
10003ab2:	bf94      	ite	ls
10003ab4:	3330      	addls	r3, #48	@ 0x30
10003ab6:	3337      	addhi	r3, #55	@ 0x37
10003ab8:	2a0f      	cmp	r2, #15
10003aba:	f807 3b01 	strb.w	r3, [r7], #1
10003abe:	f101 0101 	add.w	r1, r1, #1
10003ac2:	ea4f 1312 	mov.w	r3, r2, lsr #4
10003ac6:	d8ec      	bhi.n	10003aa2 <_vsnprintf+0x236>
10003ac8:	e102      	b.n	10003cd0 <_vsnprintf+0x464>
10003aca:	bf00      	nop
10003acc:	1000386d 	.word	0x1000386d
10003ad0:	2000100c 	.word	0x2000100c
10003ad4:	10002bbd 	.word	0x10002bbd
10003ad8:	990a      	ldr	r1, [sp, #40]	@ 0x28
10003ada:	9809      	ldr	r0, [sp, #36]	@ 0x24
10003adc:	f851 5b04 	ldr.w	r5, [r1], #4
10003ae0:	7840      	ldrb	r0, [r0, #1]
10003ae2:	2d00      	cmp	r5, #0
10003ae4:	e9cd 2109 	strd	r2, r1, [sp, #36]	@ 0x24
10003ae8:	bfbc      	itt	lt
10003aea:	f043 0302 	orrlt.w	r3, r3, #2
10003aee:	426d      	neglt	r5, r5
10003af0:	3201      	adds	r2, #1
10003af2:	e702      	b.n	100038fa <_vsnprintf+0x8e>
10003af4:	4642      	mov	r2, r8
10003af6:	464b      	mov	r3, r9
10003af8:	4651      	mov	r1, sl
10003afa:	f108 0801 	add.w	r8, r8, #1
10003afe:	47d8      	blx	fp
10003b00:	e6d2      	b.n	100038a8 <_vsnprintf+0x3c>
10003b02:	990a      	ldr	r1, [sp, #40]	@ 0x28
10003b04:	2e00      	cmp	r6, #0
10003b06:	f851 7b04 	ldr.w	r7, [r1], #4
10003b0a:	bf18      	it	ne
10003b0c:	4632      	movne	r2, r6
10003b0e:	7838      	ldrb	r0, [r7, #0]
10003b10:	bf08      	it	eq
10003b12:	f04f 32ff 	moveq.w	r2, #4294967295	@ 0xffffffff
10003b16:	2800      	cmp	r0, #0
10003b18:	f000 837b 	beq.w	10004212 <_vsnprintf+0x9a6>
10003b1c:	18bc      	adds	r4, r7, r2
10003b1e:	46a4      	mov	ip, r4
10003b20:	463a      	mov	r2, r7
10003b22:	e004      	b.n	10003b2e <_vsnprintf+0x2c2>
10003b24:	f812 4f01 	ldrb.w	r4, [r2, #1]!
10003b28:	2c00      	cmp	r4, #0
10003b2a:	f000 813f 	beq.w	10003dac <_vsnprintf+0x540>
10003b2e:	4594      	cmp	ip, r2
10003b30:	d1f8      	bne.n	10003b24 <_vsnprintf+0x2b8>
10003b32:	4664      	mov	r4, ip
10003b34:	1be4      	subs	r4, r4, r7
10003b36:	055a      	lsls	r2, r3, #21
10003b38:	f140 8122 	bpl.w	10003d80 <_vsnprintf+0x514>
10003b3c:	42b4      	cmp	r4, r6
10003b3e:	bf28      	it	cs
10003b40:	4634      	movcs	r4, r6
10003b42:	f013 0302 	ands.w	r3, r3, #2
10003b46:	f000 8288 	beq.w	1000405a <_vsnprintf+0x7ee>
10003b4a:	2302      	movs	r3, #2
10003b4c:	e9cd 510a 	strd	r5, r1, [sp, #40]	@ 0x28
10003b50:	4642      	mov	r2, r8
10003b52:	461d      	mov	r5, r3
10003b54:	4446      	add	r6, r8
10003b56:	e008      	b.n	10003b6a <_vsnprintf+0x2fe>
10003b58:	464b      	mov	r3, r9
10003b5a:	4651      	mov	r1, sl
10003b5c:	47d8      	blx	fp
10003b5e:	f817 0f01 	ldrb.w	r0, [r7, #1]!
10003b62:	f108 0801 	add.w	r8, r8, #1
10003b66:	b110      	cbz	r0, 10003b6e <_vsnprintf+0x302>
10003b68:	4642      	mov	r2, r8
10003b6a:	4546      	cmp	r6, r8
10003b6c:	d1f4      	bne.n	10003b58 <_vsnprintf+0x2ec>
10003b6e:	462b      	mov	r3, r5
10003b70:	990b      	ldr	r1, [sp, #44]	@ 0x2c
10003b72:	9d0a      	ldr	r5, [sp, #40]	@ 0x28
10003b74:	2b00      	cmp	r3, #0
10003b76:	f040 8141 	bne.w	10003dfc <_vsnprintf+0x590>
10003b7a:	910a      	str	r1, [sp, #40]	@ 0x28
10003b7c:	e694      	b.n	100038a8 <_vsnprintf+0x3c>
10003b7e:	9909      	ldr	r1, [sp, #36]	@ 0x24
10003b80:	7848      	ldrb	r0, [r1, #1]
10003b82:	286c      	cmp	r0, #108	@ 0x6c
10003b84:	f47f aeec 	bne.w	10003960 <_vsnprintf+0xf4>
10003b88:	460a      	mov	r2, r1
10003b8a:	7888      	ldrb	r0, [r1, #2]
10003b8c:	f443 7340 	orr.w	r3, r3, #768	@ 0x300
10003b90:	3203      	adds	r2, #3
10003b92:	e6e8      	b.n	10003966 <_vsnprintf+0xfa>
10003b94:	9909      	ldr	r1, [sp, #36]	@ 0x24
10003b96:	f443 7300 	orr.w	r3, r3, #512	@ 0x200
10003b9a:	7848      	ldrb	r0, [r1, #1]
10003b9c:	3201      	adds	r2, #1
10003b9e:	e6e2      	b.n	10003966 <_vsnprintf+0xfa>
10003ba0:	9909      	ldr	r1, [sp, #36]	@ 0x24
10003ba2:	7848      	ldrb	r0, [r1, #1]
10003ba4:	2868      	cmp	r0, #104	@ 0x68
10003ba6:	f000 8103 	beq.w	10003db0 <_vsnprintf+0x544>
10003baa:	f043 0380 	orr.w	r3, r3, #128	@ 0x80
10003bae:	3201      	adds	r2, #1
10003bb0:	e6d9      	b.n	10003966 <_vsnprintf+0xfa>
10003bb2:	2867      	cmp	r0, #103	@ 0x67
10003bb4:	f000 80d9 	beq.w	10003d6a <_vsnprintf+0x4fe>
10003bb8:	2847      	cmp	r0, #71	@ 0x47
10003bba:	f000 80dc 	beq.w	10003d76 <_vsnprintf+0x50a>
10003bbe:	2845      	cmp	r0, #69	@ 0x45
10003bc0:	f000 80db 	beq.w	10003d7a <_vsnprintf+0x50e>
10003bc4:	e9cd 5303 	strd	r5, r3, [sp, #12]
10003bc8:	9b0a      	ldr	r3, [sp, #40]	@ 0x28
10003bca:	9602      	str	r6, [sp, #8]
10003bcc:	3307      	adds	r3, #7
10003bce:	f023 0307 	bic.w	r3, r3, #7
10003bd2:	461c      	mov	r4, r3
10003bd4:	4642      	mov	r2, r8
10003bd6:	e8f4 6702 	ldrd	r6, r7, [r4], #8
10003bda:	464b      	mov	r3, r9
10003bdc:	4651      	mov	r1, sl
10003bde:	4658      	mov	r0, fp
10003be0:	e9cd 6700 	strd	r6, r7, [sp]
10003be4:	940a      	str	r4, [sp, #40]	@ 0x28
10003be6:	f7ff fb87 	bl	100032f8 <_etoa>
10003bea:	4680      	mov	r8, r0
10003bec:	e65c      	b.n	100038a8 <_vsnprintf+0x3c>
10003bee:	2846      	cmp	r0, #70	@ 0x46
10003bf0:	bf08      	it	eq
10003bf2:	f043 0320 	orreq.w	r3, r3, #32
10003bf6:	e9cd 5303 	strd	r5, r3, [sp, #12]
10003bfa:	9b0a      	ldr	r3, [sp, #40]	@ 0x28
10003bfc:	9602      	str	r6, [sp, #8]
10003bfe:	3307      	adds	r3, #7
10003c00:	f023 0307 	bic.w	r3, r3, #7
10003c04:	461c      	mov	r4, r3
10003c06:	4642      	mov	r2, r8
10003c08:	e8f4 6702 	ldrd	r6, r7, [r4], #8
10003c0c:	464b      	mov	r3, r9
10003c0e:	4651      	mov	r1, sl
10003c10:	4658      	mov	r0, fp
10003c12:	e9cd 6700 	strd	r6, r7, [sp]
10003c16:	940a      	str	r4, [sp, #40]	@ 0x28
10003c18:	f7ff f90e 	bl	10002e38 <_ftoa>
10003c1c:	4680      	mov	r8, r0
10003c1e:	e643      	b.n	100038a8 <_vsnprintf+0x3c>
10003c20:	4642      	mov	r2, r8
10003c22:	464b      	mov	r3, r9
10003c24:	4651      	mov	r1, sl
10003c26:	2025      	movs	r0, #37	@ 0x25
10003c28:	f108 0801 	add.w	r8, r8, #1
10003c2c:	47d8      	blx	fp
10003c2e:	e63b      	b.n	100038a8 <_vsnprintf+0x3c>
10003c30:	9a0a      	ldr	r2, [sp, #40]	@ 0x28
10003c32:	0799      	lsls	r1, r3, #30
10003c34:	f102 0404 	add.w	r4, r2, #4
10003c38:	f108 0601 	add.w	r6, r8, #1
10003c3c:	f140 80c6 	bpl.w	10003dcc <_vsnprintf+0x560>
10003c40:	7810      	ldrb	r0, [r2, #0]
10003c42:	464b      	mov	r3, r9
10003c44:	4642      	mov	r2, r8
10003c46:	4651      	mov	r1, sl
10003c48:	47d8      	blx	fp
10003c4a:	2d01      	cmp	r5, #1
10003c4c:	bf88      	it	hi
10003c4e:	44a8      	addhi	r8, r5
10003c50:	f240 81bd 	bls.w	10003fce <_vsnprintf+0x762>
10003c54:	4632      	mov	r2, r6
10003c56:	464b      	mov	r3, r9
10003c58:	4651      	mov	r1, sl
10003c5a:	2020      	movs	r0, #32
10003c5c:	3601      	adds	r6, #1
10003c5e:	47d8      	blx	fp
10003c60:	4546      	cmp	r6, r8
10003c62:	d1f7      	bne.n	10003c54 <_vsnprintf+0x3e8>
10003c64:	940a      	str	r4, [sp, #40]	@ 0x28
10003c66:	e61f      	b.n	100038a8 <_vsnprintf+0x3c>
10003c68:	286f      	cmp	r0, #111	@ 0x6f
10003c6a:	f000 8081 	beq.w	10003d70 <_vsnprintf+0x504>
10003c6e:	f240 8248 	bls.w	10004102 <_vsnprintf+0x896>
10003c72:	2878      	cmp	r0, #120	@ 0x78
10003c74:	f000 8190 	beq.w	10003f98 <_vsnprintf+0x72c>
10003c78:	270a      	movs	r7, #10
10003c7a:	f023 0310 	bic.w	r3, r3, #16
10003c7e:	46bc      	mov	ip, r7
10003c80:	e041      	b.n	10003d06 <_vsnprintf+0x49a>
10003c82:	2600      	movs	r6, #0
10003c84:	eb06 0686 	add.w	r6, r6, r6, lsl #2
10003c88:	eb00 0046 	add.w	r0, r0, r6, lsl #1
10003c8c:	f1a0 0630 	sub.w	r6, r0, #48	@ 0x30
10003c90:	f811 0f01 	ldrb.w	r0, [r1, #1]!
10003c94:	f1a0 0230 	sub.w	r2, r0, #48	@ 0x30
10003c98:	2a09      	cmp	r2, #9
10003c9a:	d9f3      	bls.n	10003c84 <_vsnprintf+0x418>
10003c9c:	460a      	mov	r2, r1
10003c9e:	9109      	str	r1, [sp, #36]	@ 0x24
10003ca0:	3201      	adds	r2, #1
10003ca2:	e62e      	b.n	10003902 <_vsnprintf+0x96>
10003ca4:	e9dd 2109 	ldrd	r2, r1, [sp, #36]	@ 0x24
10003ca8:	f851 6b04 	ldr.w	r6, [r1], #4
10003cac:	7890      	ldrb	r0, [r2, #2]
10003cae:	3202      	adds	r2, #2
10003cb0:	9209      	str	r2, [sp, #36]	@ 0x24
10003cb2:	910a      	str	r1, [sp, #40]	@ 0x28
10003cb4:	3201      	adds	r2, #1
10003cb6:	ea26 76e6 	bic.w	r6, r6, r6, asr #31
10003cba:	e622      	b.n	10003902 <_vsnprintf+0x96>
10003cbc:	f023 0010 	bic.w	r0, r3, #16
10003cc0:	f413 6280 	ands.w	r2, r3, #1024	@ 0x400
10003cc4:	f040 0021 	orr.w	r0, r0, #33	@ 0x21
10003cc8:	f43f aee7 	beq.w	10003a9a <_vsnprintf+0x22e>
10003ccc:	ab12      	add	r3, sp, #72	@ 0x48
10003cce:	930b      	str	r3, [sp, #44]	@ 0x2c
10003cd0:	9b0b      	ldr	r3, [sp, #44]	@ 0x2c
10003cd2:	9006      	str	r0, [sp, #24]
10003cd4:	9300      	str	r3, [sp, #0]
10003cd6:	2308      	movs	r3, #8
10003cd8:	2010      	movs	r0, #16
10003cda:	9305      	str	r3, [sp, #20]
10003cdc:	2300      	movs	r3, #0
10003cde:	4642      	mov	r2, r8
10003ce0:	e9cd 3002 	strd	r3, r0, [sp, #8]
10003ce4:	9101      	str	r1, [sp, #4]
10003ce6:	464b      	mov	r3, r9
10003ce8:	4651      	mov	r1, sl
10003cea:	4658      	mov	r0, fp
10003cec:	9604      	str	r6, [sp, #16]
10003cee:	f7fe ffb5 	bl	10002c5c <_ntoa_format>
10003cf2:	950a      	str	r5, [sp, #40]	@ 0x28
10003cf4:	4680      	mov	r8, r0
10003cf6:	e5d7      	b.n	100038a8 <_vsnprintf+0x3c>
10003cf8:	2858      	cmp	r0, #88	@ 0x58
10003cfa:	d062      	beq.n	10003dc2 <_vsnprintf+0x556>
10003cfc:	2862      	cmp	r0, #98	@ 0x62
10003cfe:	f040 808f 	bne.w	10003e20 <_vsnprintf+0x5b4>
10003d02:	2702      	movs	r7, #2
10003d04:	46bc      	mov	ip, r7
10003d06:	f413 6080 	ands.w	r0, r3, #1024	@ 0x400
10003d0a:	f000 80dd 	beq.w	10003ec8 <_vsnprintf+0x65c>
10003d0e:	f023 030d 	bic.w	r3, r3, #13
10003d12:	f413 7200 	ands.w	r2, r3, #512	@ 0x200
10003d16:	f040 8181 	bne.w	1000401c <_vsnprintf+0x7b0>
10003d1a:	990a      	ldr	r1, [sp, #40]	@ 0x28
10003d1c:	1d0f      	adds	r7, r1, #4
10003d1e:	f413 7180 	ands.w	r1, r3, #256	@ 0x100
10003d22:	f040 8237 	bne.w	10004194 <_vsnprintf+0x928>
10003d26:	065c      	lsls	r4, r3, #25
10003d28:	9a0a      	ldr	r2, [sp, #40]	@ 0x28
10003d2a:	f140 813b 	bpl.w	10003fa4 <_vsnprintf+0x738>
10003d2e:	7812      	ldrb	r2, [r2, #0]
10003d30:	2a00      	cmp	r2, #0
10003d32:	f040 814e 	bne.w	10003fd2 <_vsnprintf+0x766>
10003d36:	f023 0310 	bic.w	r3, r3, #16
10003d3a:	2800      	cmp	r0, #0
10003d3c:	f000 8149 	beq.w	10003fd2 <_vsnprintf+0x766>
10003d40:	4611      	mov	r1, r2
10003d42:	aa12      	add	r2, sp, #72	@ 0x48
10003d44:	920b      	str	r2, [sp, #44]	@ 0x2c
10003d46:	e9cd 5305 	strd	r5, r3, [sp, #20]
10003d4a:	e9cd c603 	strd	ip, r6, [sp, #12]
10003d4e:	9101      	str	r1, [sp, #4]
10003d50:	9b0b      	ldr	r3, [sp, #44]	@ 0x2c
10003d52:	4642      	mov	r2, r8
10003d54:	9300      	str	r3, [sp, #0]
10003d56:	2300      	movs	r3, #0
10003d58:	4651      	mov	r1, sl
10003d5a:	9302      	str	r3, [sp, #8]
10003d5c:	4658      	mov	r0, fp
10003d5e:	464b      	mov	r3, r9
10003d60:	f7fe ff7c 	bl	10002c5c <_ntoa_format>
10003d64:	970a      	str	r7, [sp, #40]	@ 0x28
10003d66:	4680      	mov	r8, r0
10003d68:	e59e      	b.n	100038a8 <_vsnprintf+0x3c>
10003d6a:	f443 6300 	orr.w	r3, r3, #2048	@ 0x800
10003d6e:	e729      	b.n	10003bc4 <_vsnprintf+0x358>
10003d70:	2708      	movs	r7, #8
10003d72:	46bc      	mov	ip, r7
10003d74:	e7c7      	b.n	10003d06 <_vsnprintf+0x49a>
10003d76:	f443 6300 	orr.w	r3, r3, #2048	@ 0x800
10003d7a:	f043 0320 	orr.w	r3, r3, #32
10003d7e:	e721      	b.n	10003bc4 <_vsnprintf+0x358>
10003d80:	f013 0302 	ands.w	r3, r3, #2
10003d84:	f000 818e 	beq.w	100040a4 <_vsnprintf+0x838>
10003d88:	2302      	movs	r3, #2
10003d8a:	950a      	str	r5, [sp, #40]	@ 0x28
10003d8c:	461e      	mov	r6, r3
10003d8e:	460d      	mov	r5, r1
10003d90:	4642      	mov	r2, r8
10003d92:	464b      	mov	r3, r9
10003d94:	4651      	mov	r1, sl
10003d96:	47d8      	blx	fp
10003d98:	f817 0f01 	ldrb.w	r0, [r7, #1]!
10003d9c:	f108 0801 	add.w	r8, r8, #1
10003da0:	2800      	cmp	r0, #0
10003da2:	d1f5      	bne.n	10003d90 <_vsnprintf+0x524>
10003da4:	4629      	mov	r1, r5
10003da6:	4633      	mov	r3, r6
10003da8:	9d0a      	ldr	r5, [sp, #40]	@ 0x28
10003daa:	e6e3      	b.n	10003b74 <_vsnprintf+0x308>
10003dac:	1bd4      	subs	r4, r2, r7
10003dae:	e6c2      	b.n	10003b36 <_vsnprintf+0x2ca>
10003db0:	460a      	mov	r2, r1
10003db2:	7888      	ldrb	r0, [r1, #2]
10003db4:	f043 03c0 	orr.w	r3, r3, #192	@ 0xc0
10003db8:	3203      	adds	r2, #3
10003dba:	e5d4      	b.n	10003966 <_vsnprintf+0xfa>
10003dbc:	4604      	mov	r4, r0
10003dbe:	4680      	mov	r8, r0
10003dc0:	e646      	b.n	10003a50 <_vsnprintf+0x1e4>
10003dc2:	2710      	movs	r7, #16
10003dc4:	f043 0320 	orr.w	r3, r3, #32
10003dc8:	46bc      	mov	ip, r7
10003dca:	e79c      	b.n	10003d06 <_vsnprintf+0x49a>
10003dcc:	2d01      	cmp	r5, #1
10003dce:	f240 80f8 	bls.w	10003fc2 <_vsnprintf+0x756>
10003dd2:	4646      	mov	r6, r8
10003dd4:	f108 37ff 	add.w	r7, r8, #4294967295	@ 0xffffffff
10003dd8:	442f      	add	r7, r5
10003dda:	4632      	mov	r2, r6
10003ddc:	464b      	mov	r3, r9
10003dde:	4651      	mov	r1, sl
10003de0:	2020      	movs	r0, #32
10003de2:	3601      	adds	r6, #1
10003de4:	47d8      	blx	fp
10003de6:	42be      	cmp	r6, r7
10003de8:	d1f7      	bne.n	10003dda <_vsnprintf+0x56e>
10003dea:	9b0a      	ldr	r3, [sp, #40]	@ 0x28
10003dec:	4632      	mov	r2, r6
10003dee:	7818      	ldrb	r0, [r3, #0]
10003df0:	4651      	mov	r1, sl
10003df2:	464b      	mov	r3, r9
10003df4:	47d8      	blx	fp
10003df6:	44a8      	add	r8, r5
10003df8:	940a      	str	r4, [sp, #40]	@ 0x28
10003dfa:	e555      	b.n	100038a8 <_vsnprintf+0x3c>
10003dfc:	4646      	mov	r6, r8
10003dfe:	42a5      	cmp	r5, r4
10003e00:	f67f aebb 	bls.w	10003b7a <_vsnprintf+0x30e>
10003e04:	44a8      	add	r8, r5
10003e06:	eba8 0804 	sub.w	r8, r8, r4
10003e0a:	460c      	mov	r4, r1
10003e0c:	4632      	mov	r2, r6
10003e0e:	464b      	mov	r3, r9
10003e10:	4651      	mov	r1, sl
10003e12:	2020      	movs	r0, #32
10003e14:	3601      	adds	r6, #1
10003e16:	47d8      	blx	fp
10003e18:	4546      	cmp	r6, r8
10003e1a:	d1f7      	bne.n	10003e0c <_vsnprintf+0x5a0>
10003e1c:	4621      	mov	r1, r4
10003e1e:	e6ac      	b.n	10003b7a <_vsnprintf+0x30e>
10003e20:	f413 6280 	ands.w	r2, r3, #1024	@ 0x400
10003e24:	f000 80bb 	beq.w	10003f9e <_vsnprintf+0x732>
10003e28:	f44f 6280 	mov.w	r2, #1024	@ 0x400
10003e2c:	f023 0c11 	bic.w	ip, r3, #17
10003e30:	f41c 7700 	ands.w	r7, ip, #512	@ 0x200
10003e34:	9b0a      	ldr	r3, [sp, #40]	@ 0x28
10003e36:	d14a      	bne.n	10003ece <_vsnprintf+0x662>
10003e38:	f41c 7080 	ands.w	r0, ip, #256	@ 0x100
10003e3c:	f103 0404 	add.w	r4, r3, #4
10003e40:	f040 8134 	bne.w	100040ac <_vsnprintf+0x840>
10003e44:	f01c 0f40 	tst.w	ip, #64	@ 0x40
10003e48:	f040 80a3 	bne.w	10003f92 <_vsnprintf+0x726>
10003e4c:	f01c 0f80 	tst.w	ip, #128	@ 0x80
10003e50:	f000 81d3 	beq.w	100041fa <_vsnprintf+0x98e>
10003e54:	f9b3 1000 	ldrsh.w	r1, [r3]
10003e58:	ea81 77e1 	eor.w	r7, r1, r1, asr #31
10003e5c:	eba7 77e1 	sub.w	r7, r7, r1, asr #31
10003e60:	b2bf      	uxth	r7, r7
10003e62:	0fcb      	lsrs	r3, r1, #31
10003e64:	2900      	cmp	r1, #0
10003e66:	f000 8156 	beq.w	10004116 <_vsnprintf+0x8aa>
10003e6a:	463a      	mov	r2, r7
10003e6c:	a912      	add	r1, sp, #72	@ 0x48
10003e6e:	460f      	mov	r7, r1
10003e70:	f8df e3d8 	ldr.w	lr, [pc, #984]	@ 1000424c <_vsnprintf+0x9e0>
10003e74:	910b      	str	r1, [sp, #44]	@ 0x2c
10003e76:	930a      	str	r3, [sp, #40]	@ 0x28
10003e78:	950c      	str	r5, [sp, #48]	@ 0x30
10003e7a:	e001      	b.n	10003e80 <_vsnprintf+0x614>
10003e7c:	2820      	cmp	r0, #32
10003e7e:	d00f      	beq.n	10003ea0 <_vsnprintf+0x634>
10003e80:	4615      	mov	r5, r2
10003e82:	fbae 1302 	umull	r1, r3, lr, r2
10003e86:	08db      	lsrs	r3, r3, #3
10003e88:	eb03 0183 	add.w	r1, r3, r3, lsl #2
10003e8c:	eba2 0141 	sub.w	r1, r2, r1, lsl #1
10003e90:	3130      	adds	r1, #48	@ 0x30
10003e92:	2d09      	cmp	r5, #9
10003e94:	461a      	mov	r2, r3
10003e96:	f100 0001 	add.w	r0, r0, #1
10003e9a:	f807 1b01 	strb.w	r1, [r7], #1
10003e9e:	d8ed      	bhi.n	10003e7c <_vsnprintf+0x610>
10003ea0:	9b0a      	ldr	r3, [sp, #40]	@ 0x28
10003ea2:	9d0c      	ldr	r5, [sp, #48]	@ 0x30
10003ea4:	e9cd 5c05 	strd	r5, ip, [sp, #20]
10003ea8:	e9cd 0301 	strd	r0, r3, [sp, #4]
10003eac:	9604      	str	r6, [sp, #16]
10003eae:	9b0b      	ldr	r3, [sp, #44]	@ 0x2c
10003eb0:	4642      	mov	r2, r8
10003eb2:	9300      	str	r3, [sp, #0]
10003eb4:	230a      	movs	r3, #10
10003eb6:	4651      	mov	r1, sl
10003eb8:	9303      	str	r3, [sp, #12]
10003eba:	4658      	mov	r0, fp
10003ebc:	464b      	mov	r3, r9
10003ebe:	f7fe fecd 	bl	10002c5c <_ntoa_format>
10003ec2:	940a      	str	r4, [sp, #40]	@ 0x28
10003ec4:	4680      	mov	r8, r0
10003ec6:	e4ef      	b.n	100038a8 <_vsnprintf+0x3c>
10003ec8:	f023 030c 	bic.w	r3, r3, #12
10003ecc:	e721      	b.n	10003d12 <_vsnprintf+0x4a6>
10003ece:	3307      	adds	r3, #7
10003ed0:	f023 0307 	bic.w	r3, r3, #7
10003ed4:	4619      	mov	r1, r3
10003ed6:	4608      	mov	r0, r1
10003ed8:	685b      	ldr	r3, [r3, #4]
10003eda:	f850 1b08 	ldr.w	r1, [r0], #8
10003ede:	0fdf      	lsrs	r7, r3, #31
10003ee0:	900a      	str	r0, [sp, #40]	@ 0x28
10003ee2:	ea51 0003 	orrs.w	r0, r1, r3
10003ee6:	d162      	bne.n	10003fae <_vsnprintf+0x742>
10003ee8:	2a00      	cmp	r2, #0
10003eea:	f040 819f 	bne.w	1000422c <_vsnprintf+0x9c0>
10003eee:	4613      	mov	r3, r2
10003ef0:	4611      	mov	r1, r2
10003ef2:	aa12      	add	r2, sp, #72	@ 0x48
10003ef4:	e9cd 750c 	strd	r7, r5, [sp, #48]	@ 0x30
10003ef8:	2000      	movs	r0, #0
10003efa:	4615      	mov	r5, r2
10003efc:	e9cd 680e 	strd	r6, r8, [sp, #56]	@ 0x38
10003f00:	f8df e348 	ldr.w	lr, [pc, #840]	@ 1000424c <_vsnprintf+0x9e0>
10003f04:	920b      	str	r2, [sp, #44]	@ 0x2c
10003f06:	e001      	b.n	10003f0c <_vsnprintf+0x6a0>
10003f08:	2820      	cmp	r0, #32
10003f0a:	d02d      	beq.n	10003f68 <_vsnprintf+0x6fc>
10003f0c:	185a      	adds	r2, r3, r1
10003f0e:	f142 0200 	adc.w	r2, r2, #0
10003f12:	fbae 7802 	umull	r7, r8, lr, r2
10003f16:	f028 0703 	bic.w	r7, r8, #3
10003f1a:	eb07 0798 	add.w	r7, r7, r8, lsr #2
10003f1e:	1bd2      	subs	r2, r2, r7
10003f20:	461e      	mov	r6, r3
10003f22:	1a9b      	subs	r3, r3, r2
10003f24:	f161 0700 	sbc.w	r7, r1, #0
10003f28:	460c      	mov	r4, r1
10003f2a:	f04f 31cc 	mov.w	r1, #3435973836	@ 0xcccccccc
10003f2e:	fb01 f103 	mul.w	r1, r1, r3
10003f32:	fb0e 1107 	mla	r1, lr, r7, r1
10003f36:	fba3 730e 	umull	r7, r3, r3, lr
10003f3a:	4419      	add	r1, r3
10003f3c:	2305      	movs	r3, #5
10003f3e:	f007 0801 	and.w	r8, r7, #1
10003f42:	fba8 3803 	umull	r3, r8, r8, r3
10003f46:	189b      	adds	r3, r3, r2
10003f48:	2e0a      	cmp	r6, #10
10003f4a:	f103 0330 	add.w	r3, r3, #48	@ 0x30
10003f4e:	ea4f 0757 	mov.w	r7, r7, lsr #1
10003f52:	f174 0400 	sbcs.w	r4, r4, #0
10003f56:	f805 3b01 	strb.w	r3, [r5], #1
10003f5a:	f100 0001 	add.w	r0, r0, #1
10003f5e:	ea47 73c1 	orr.w	r3, r7, r1, lsl #31
10003f62:	ea4f 0151 	mov.w	r1, r1, lsr #1
10003f66:	d2cf      	bcs.n	10003f08 <_vsnprintf+0x69c>
10003f68:	e9dd 750c 	ldrd	r7, r5, [sp, #48]	@ 0x30
10003f6c:	e9dd 680e 	ldrd	r6, r8, [sp, #56]	@ 0x38
10003f70:	9b0b      	ldr	r3, [sp, #44]	@ 0x2c
10003f72:	4642      	mov	r2, r8
10003f74:	9300      	str	r3, [sp, #0]
10003f76:	230a      	movs	r3, #10
10003f78:	e9cd 5c05 	strd	r5, ip, [sp, #20]
10003f7c:	e9cd 0701 	strd	r0, r7, [sp, #4]
10003f80:	9604      	str	r6, [sp, #16]
10003f82:	9303      	str	r3, [sp, #12]
10003f84:	464b      	mov	r3, r9
10003f86:	4651      	mov	r1, sl
10003f88:	4658      	mov	r0, fp
10003f8a:	f7fe fe67 	bl	10002c5c <_ntoa_format>
10003f8e:	4680      	mov	r8, r0
10003f90:	e48a      	b.n	100038a8 <_vsnprintf+0x3c>
10003f92:	7819      	ldrb	r1, [r3, #0]
10003f94:	460f      	mov	r7, r1
10003f96:	e764      	b.n	10003e62 <_vsnprintf+0x5f6>
10003f98:	2710      	movs	r7, #16
10003f9a:	46bc      	mov	ip, r7
10003f9c:	e6b3      	b.n	10003d06 <_vsnprintf+0x49a>
10003f9e:	f023 0c10 	bic.w	ip, r3, #16
10003fa2:	e745      	b.n	10003e30 <_vsnprintf+0x5c4>
10003fa4:	061c      	lsls	r4, r3, #24
10003fa6:	bf4c      	ite	mi
10003fa8:	8812      	ldrhmi	r2, [r2, #0]
10003faa:	6812      	ldrpl	r2, [r2, #0]
10003fac:	e6c0      	b.n	10003d30 <_vsnprintf+0x4c4>
10003fae:	460a      	mov	r2, r1
10003fb0:	1e19      	subs	r1, r3, #0
10003fb2:	db01      	blt.n	10003fb8 <_vsnprintf+0x74c>
10003fb4:	4613      	mov	r3, r2
10003fb6:	e79c      	b.n	10003ef2 <_vsnprintf+0x686>
10003fb8:	4252      	negs	r2, r2
10003fba:	4613      	mov	r3, r2
10003fbc:	eb61 0141 	sbc.w	r1, r1, r1, lsl #1
10003fc0:	e797      	b.n	10003ef2 <_vsnprintf+0x686>
10003fc2:	4613      	mov	r3, r2
10003fc4:	4651      	mov	r1, sl
10003fc6:	7818      	ldrb	r0, [r3, #0]
10003fc8:	4642      	mov	r2, r8
10003fca:	464b      	mov	r3, r9
10003fcc:	47d8      	blx	fp
10003fce:	46b0      	mov	r8, r6
10003fd0:	e648      	b.n	10003c64 <_vsnprintf+0x3f8>
10003fd2:	f013 0f20 	tst.w	r3, #32
10003fd6:	bf14      	ite	ne
10003fd8:	2041      	movne	r0, #65	@ 0x41
10003fda:	2061      	moveq	r0, #97	@ 0x61
10003fdc:	ac12      	add	r4, sp, #72	@ 0x48
10003fde:	46a6      	mov	lr, r4
10003fe0:	940b      	str	r4, [sp, #44]	@ 0x2c
10003fe2:	930a      	str	r3, [sp, #40]	@ 0x28
10003fe4:	f1a0 040a 	sub.w	r4, r0, #10
10003fe8:	950c      	str	r5, [sp, #48]	@ 0x30
10003fea:	e002      	b.n	10003ff2 <_vsnprintf+0x786>
10003fec:	2920      	cmp	r1, #32
10003fee:	d012      	beq.n	10004016 <_vsnprintf+0x7aa>
10003ff0:	462a      	mov	r2, r5
10003ff2:	fbb2 f5fc 	udiv	r5, r2, ip
10003ff6:	fb0c 2015 	mls	r0, ip, r5, r2
10003ffa:	b2c3      	uxtb	r3, r0
10003ffc:	2809      	cmp	r0, #9
10003ffe:	f103 0030 	add.w	r0, r3, #48	@ 0x30
10004002:	bf8a      	itet	hi
10004004:	191b      	addhi	r3, r3, r4
10004006:	b2c3      	uxtbls	r3, r0
10004008:	b2db      	uxtbhi	r3, r3
1000400a:	4562      	cmp	r2, ip
1000400c:	f80e 3b01 	strb.w	r3, [lr], #1
10004010:	f101 0101 	add.w	r1, r1, #1
10004014:	d2ea      	bcs.n	10003fec <_vsnprintf+0x780>
10004016:	9b0a      	ldr	r3, [sp, #40]	@ 0x28
10004018:	9d0c      	ldr	r5, [sp, #48]	@ 0x30
1000401a:	e694      	b.n	10003d46 <_vsnprintf+0x4da>
1000401c:	9a0a      	ldr	r2, [sp, #40]	@ 0x28
1000401e:	3207      	adds	r2, #7
10004020:	f022 0207 	bic.w	r2, r2, #7
10004024:	6851      	ldr	r1, [r2, #4]
10004026:	f852 4b08 	ldr.w	r4, [r2], #8
1000402a:	468e      	mov	lr, r1
1000402c:	920a      	str	r2, [sp, #40]	@ 0x28
1000402e:	ea54 0201 	orrs.w	r2, r4, r1
10004032:	d176      	bne.n	10004122 <_vsnprintf+0x8b6>
10004034:	f023 0310 	bic.w	r3, r3, #16
10004038:	2800      	cmp	r0, #0
1000403a:	d072      	beq.n	10004122 <_vsnprintf+0x8b6>
1000403c:	2200      	movs	r2, #0
1000403e:	4611      	mov	r1, r2
10004040:	aa12      	add	r2, sp, #72	@ 0x48
10004042:	920b      	str	r2, [sp, #44]	@ 0x2c
10004044:	e9cd 5305 	strd	r5, r3, [sp, #20]
10004048:	9b0b      	ldr	r3, [sp, #44]	@ 0x2c
1000404a:	4642      	mov	r2, r8
1000404c:	9300      	str	r3, [sp, #0]
1000404e:	2300      	movs	r3, #0
10004050:	e9cd c603 	strd	ip, r6, [sp, #12]
10004054:	9101      	str	r1, [sp, #4]
10004056:	9302      	str	r3, [sp, #8]
10004058:	e794      	b.n	10003f84 <_vsnprintf+0x718>
1000405a:	42a5      	cmp	r5, r4
1000405c:	bf98      	it	ls
1000405e:	3401      	addls	r4, #1
10004060:	f67f ad74 	bls.w	10003b4c <_vsnprintf+0x2e0>
10004064:	f44f 6380 	mov.w	r3, #1024	@ 0x400
10004068:	e9cd 750a 	strd	r7, r5, [sp, #40]	@ 0x28
1000406c:	eb05 0208 	add.w	r2, r5, r8
10004070:	461f      	mov	r7, r3
10004072:	460d      	mov	r5, r1
10004074:	1b14      	subs	r4, r2, r4
10004076:	4642      	mov	r2, r8
10004078:	464b      	mov	r3, r9
1000407a:	4651      	mov	r1, sl
1000407c:	2020      	movs	r0, #32
1000407e:	f108 0801 	add.w	r8, r8, #1
10004082:	47d8      	blx	fp
10004084:	45a0      	cmp	r8, r4
10004086:	d1f6      	bne.n	10004076 <_vsnprintf+0x80a>
10004088:	463b      	mov	r3, r7
1000408a:	9f0a      	ldr	r7, [sp, #40]	@ 0x28
1000408c:	4629      	mov	r1, r5
1000408e:	7838      	ldrb	r0, [r7, #0]
10004090:	9d0b      	ldr	r5, [sp, #44]	@ 0x2c
10004092:	1c6c      	adds	r4, r5, #1
10004094:	2800      	cmp	r0, #0
10004096:	f43f ad70 	beq.w	10003b7a <_vsnprintf+0x30e>
1000409a:	2b00      	cmp	r3, #0
1000409c:	f43f ae75 	beq.w	10003d8a <_vsnprintf+0x51e>
100040a0:	2300      	movs	r3, #0
100040a2:	e553      	b.n	10003b4c <_vsnprintf+0x2e0>
100040a4:	42a5      	cmp	r5, r4
100040a6:	d8df      	bhi.n	10004068 <_vsnprintf+0x7fc>
100040a8:	3401      	adds	r4, #1
100040aa:	e66e      	b.n	10003d8a <_vsnprintf+0x51e>
100040ac:	6819      	ldr	r1, [r3, #0]
100040ae:	0fcb      	lsrs	r3, r1, #31
100040b0:	2900      	cmp	r1, #0
100040b2:	f000 80a8 	beq.w	10004206 <_vsnprintf+0x99a>
100040b6:	ea81 72e1 	eor.w	r2, r1, r1, asr #31
100040ba:	eba2 72e1 	sub.w	r2, r2, r1, asr #31
100040be:	a912      	add	r1, sp, #72	@ 0x48
100040c0:	4608      	mov	r0, r1
100040c2:	f8df e188 	ldr.w	lr, [pc, #392]	@ 1000424c <_vsnprintf+0x9e0>
100040c6:	910b      	str	r1, [sp, #44]	@ 0x2c
100040c8:	930a      	str	r3, [sp, #40]	@ 0x28
100040ca:	950c      	str	r5, [sp, #48]	@ 0x30
100040cc:	e001      	b.n	100040d2 <_vsnprintf+0x866>
100040ce:	2f20      	cmp	r7, #32
100040d0:	d00f      	beq.n	100040f2 <_vsnprintf+0x886>
100040d2:	4615      	mov	r5, r2
100040d4:	fbae 1302 	umull	r1, r3, lr, r2
100040d8:	08db      	lsrs	r3, r3, #3
100040da:	eb03 0183 	add.w	r1, r3, r3, lsl #2
100040de:	eba2 0141 	sub.w	r1, r2, r1, lsl #1
100040e2:	3130      	adds	r1, #48	@ 0x30
100040e4:	2d09      	cmp	r5, #9
100040e6:	461a      	mov	r2, r3
100040e8:	f107 0701 	add.w	r7, r7, #1
100040ec:	f800 1b01 	strb.w	r1, [r0], #1
100040f0:	d8ed      	bhi.n	100040ce <_vsnprintf+0x862>
100040f2:	9b0a      	ldr	r3, [sp, #40]	@ 0x28
100040f4:	9d0c      	ldr	r5, [sp, #48]	@ 0x30
100040f6:	e9cd 5c05 	strd	r5, ip, [sp, #20]
100040fa:	e9cd 7301 	strd	r7, r3, [sp, #4]
100040fe:	9604      	str	r6, [sp, #16]
10004100:	e6d5      	b.n	10003eae <_vsnprintf+0x642>
10004102:	2869      	cmp	r0, #105	@ 0x69
10004104:	f023 0c10 	bic.w	ip, r3, #16
10004108:	f040 808c 	bne.w	10004224 <_vsnprintf+0x9b8>
1000410c:	f413 6280 	ands.w	r2, r3, #1024	@ 0x400
10004110:	f43f ae8e 	beq.w	10003e30 <_vsnprintf+0x5c4>
10004114:	e688      	b.n	10003e28 <_vsnprintf+0x5bc>
10004116:	2a00      	cmp	r2, #0
10004118:	f43f aea8 	beq.w	10003e6c <_vsnprintf+0x600>
1000411c:	aa12      	add	r2, sp, #72	@ 0x48
1000411e:	920b      	str	r2, [sp, #44]	@ 0x2c
10004120:	e6c0      	b.n	10003ea4 <_vsnprintf+0x638>
10004122:	f013 0f20 	tst.w	r3, #32
10004126:	bf14      	ite	ne
10004128:	2241      	movne	r2, #65	@ 0x41
1000412a:	2261      	moveq	r2, #97	@ 0x61
1000412c:	2000      	movs	r0, #0
1000412e:	a912      	add	r1, sp, #72	@ 0x48
10004130:	3a0a      	subs	r2, #10
10004132:	e9cd 680e 	strd	r6, r8, [sp, #56]	@ 0x38
10004136:	e9cd 350c 	strd	r3, r5, [sp, #48]	@ 0x30
1000413a:	f8cd b044 	str.w	fp, [sp, #68]	@ 0x44
1000413e:	4606      	mov	r6, r0
10004140:	4688      	mov	r8, r1
10004142:	4675      	mov	r5, lr
10004144:	4693      	mov	fp, r2
10004146:	910b      	str	r1, [sp, #44]	@ 0x2c
10004148:	f8cd c040 	str.w	ip, [sp, #64]	@ 0x40
1000414c:	e003      	b.n	10004156 <_vsnprintf+0x8ea>
1000414e:	2e20      	cmp	r6, #32
10004150:	d017      	beq.n	10004182 <_vsnprintf+0x916>
10004152:	4604      	mov	r4, r0
10004154:	460d      	mov	r5, r1
10004156:	4629      	mov	r1, r5
10004158:	463a      	mov	r2, r7
1000415a:	2300      	movs	r3, #0
1000415c:	4620      	mov	r0, r4
1000415e:	f001 f897 	bl	10005290 <____aeabi_uldivmod_veneer>
10004162:	b2d2      	uxtb	r2, r2
10004164:	2a09      	cmp	r2, #9
10004166:	f102 0330 	add.w	r3, r2, #48	@ 0x30
1000416a:	bf88      	it	hi
1000416c:	eb02 030b 	addhi.w	r3, r2, fp
10004170:	42bc      	cmp	r4, r7
10004172:	b2db      	uxtb	r3, r3
10004174:	f175 0500 	sbcs.w	r5, r5, #0
10004178:	f808 3b01 	strb.w	r3, [r8], #1
1000417c:	f106 0601 	add.w	r6, r6, #1
10004180:	d2e5      	bcs.n	1000414e <_vsnprintf+0x8e2>
10004182:	4631      	mov	r1, r6
10004184:	e9dd 350c 	ldrd	r3, r5, [sp, #48]	@ 0x30
10004188:	e9dd cb10 	ldrd	ip, fp, [sp, #64]	@ 0x40
1000418c:	f8dd 803c 	ldr.w	r8, [sp, #60]	@ 0x3c
10004190:	9e0e      	ldr	r6, [sp, #56]	@ 0x38
10004192:	e757      	b.n	10004044 <_vsnprintf+0x7d8>
10004194:	990a      	ldr	r1, [sp, #40]	@ 0x28
10004196:	6809      	ldr	r1, [r1, #0]
10004198:	b951      	cbnz	r1, 100041b0 <_vsnprintf+0x944>
1000419a:	f023 0310 	bic.w	r3, r3, #16
1000419e:	b138      	cbz	r0, 100041b0 <_vsnprintf+0x944>
100041a0:	a912      	add	r1, sp, #72	@ 0x48
100041a2:	910b      	str	r1, [sp, #44]	@ 0x2c
100041a4:	e9cd 5305 	strd	r5, r3, [sp, #20]
100041a8:	e9cd c603 	strd	ip, r6, [sp, #12]
100041ac:	9201      	str	r2, [sp, #4]
100041ae:	e5cf      	b.n	10003d50 <_vsnprintf+0x4e4>
100041b0:	f013 0f20 	tst.w	r3, #32
100041b4:	bf14      	ite	ne
100041b6:	2041      	movne	r0, #65	@ 0x41
100041b8:	2061      	moveq	r0, #97	@ 0x61
100041ba:	ac12      	add	r4, sp, #72	@ 0x48
100041bc:	46a6      	mov	lr, r4
100041be:	940b      	str	r4, [sp, #44]	@ 0x2c
100041c0:	930a      	str	r3, [sp, #40]	@ 0x28
100041c2:	f1a0 040a 	sub.w	r4, r0, #10
100041c6:	950c      	str	r5, [sp, #48]	@ 0x30
100041c8:	e002      	b.n	100041d0 <_vsnprintf+0x964>
100041ca:	2a20      	cmp	r2, #32
100041cc:	d012      	beq.n	100041f4 <_vsnprintf+0x988>
100041ce:	4629      	mov	r1, r5
100041d0:	fbb1 f5fc 	udiv	r5, r1, ip
100041d4:	fb0c 1015 	mls	r0, ip, r5, r1
100041d8:	b2c3      	uxtb	r3, r0
100041da:	2809      	cmp	r0, #9
100041dc:	f103 0030 	add.w	r0, r3, #48	@ 0x30
100041e0:	bf8a      	itet	hi
100041e2:	191b      	addhi	r3, r3, r4
100041e4:	b2c3      	uxtbls	r3, r0
100041e6:	b2db      	uxtbhi	r3, r3
100041e8:	4561      	cmp	r1, ip
100041ea:	f80e 3b01 	strb.w	r3, [lr], #1
100041ee:	f102 0201 	add.w	r2, r2, #1
100041f2:	d2ea      	bcs.n	100041ca <_vsnprintf+0x95e>
100041f4:	9b0a      	ldr	r3, [sp, #40]	@ 0x28
100041f6:	9d0c      	ldr	r5, [sp, #48]	@ 0x30
100041f8:	e7d4      	b.n	100041a4 <_vsnprintf+0x938>
100041fa:	6819      	ldr	r1, [r3, #0]
100041fc:	ea81 77e1 	eor.w	r7, r1, r1, asr #31
10004200:	eba7 77e1 	sub.w	r7, r7, r1, asr #31
10004204:	e62d      	b.n	10003e62 <_vsnprintf+0x5f6>
10004206:	2a00      	cmp	r2, #0
10004208:	f43f af59 	beq.w	100040be <_vsnprintf+0x852>
1000420c:	aa12      	add	r2, sp, #72	@ 0x48
1000420e:	920b      	str	r2, [sp, #44]	@ 0x2c
10004210:	e771      	b.n	100040f6 <_vsnprintf+0x88a>
10004212:	f413 6480 	ands.w	r4, r3, #1024	@ 0x400
10004216:	d00d      	beq.n	10004234 <_vsnprintf+0x9c8>
10004218:	f013 0402 	ands.w	r4, r3, #2
1000421c:	d012      	beq.n	10004244 <_vsnprintf+0x9d8>
1000421e:	4604      	mov	r4, r0
10004220:	4646      	mov	r6, r8
10004222:	e5ec      	b.n	10003dfe <_vsnprintf+0x592>
10004224:	270a      	movs	r7, #10
10004226:	4663      	mov	r3, ip
10004228:	46bc      	mov	ip, r7
1000422a:	e56c      	b.n	10003d06 <_vsnprintf+0x49a>
1000422c:	ab12      	add	r3, sp, #72	@ 0x48
1000422e:	2000      	movs	r0, #0
10004230:	930b      	str	r3, [sp, #44]	@ 0x2c
10004232:	e69d      	b.n	10003f70 <_vsnprintf+0x704>
10004234:	f013 0302 	ands.w	r3, r3, #2
10004238:	f47f ade0 	bne.w	10003dfc <_vsnprintf+0x590>
1000423c:	2d00      	cmp	r5, #0
1000423e:	f47f af13 	bne.w	10004068 <_vsnprintf+0x7fc>
10004242:	e49a      	b.n	10003b7a <_vsnprintf+0x30e>
10004244:	2d00      	cmp	r5, #0
10004246:	f47f af0d 	bne.w	10004064 <_vsnprintf+0x7f8>
1000424a:	e496      	b.n	10003b7a <_vsnprintf+0x30e>
1000424c:	cccccccd 	.word	0xcccccccd

10004250 <__wrap_sprintf>:
10004250:	b40e      	push	{r1, r2, r3}
10004252:	b510      	push	{r4, lr}
10004254:	b085      	sub	sp, #20
10004256:	ac07      	add	r4, sp, #28
10004258:	f854 3b04 	ldr.w	r3, [r4], #4
1000425c:	4601      	mov	r1, r0
1000425e:	f04f 32ff 	mov.w	r2, #4294967295	@ 0xffffffff
10004262:	9400      	str	r4, [sp, #0]
10004264:	4804      	ldr	r0, [pc, #16]	@ (10004278 <__wrap_sprintf+0x28>)
10004266:	9403      	str	r4, [sp, #12]
10004268:	f7ff fb00 	bl	1000386c <_vsnprintf>
1000426c:	b005      	add	sp, #20
1000426e:	e8bd 4010 	ldmia.w	sp!, {r4, lr}
10004272:	b003      	add	sp, #12
10004274:	4770      	bx	lr
10004276:	bf00      	nop
10004278:	10002bb5 	.word	0x10002bb5

1000427c <weak_raw_vprintf>:
1000427c:	b510      	push	{r4, lr}
1000427e:	4b09      	ldr	r3, [pc, #36]	@ (100042a4 <weak_raw_vprintf+0x28>)
10004280:	b084      	sub	sp, #16
10004282:	681c      	ldr	r4, [r3, #0]
10004284:	b14c      	cbz	r4, 1000429a <weak_raw_vprintf+0x1e>
10004286:	4603      	mov	r3, r0
10004288:	9100      	str	r1, [sp, #0]
1000428a:	f04f 32ff 	mov.w	r2, #4294967295	@ 0xffffffff
1000428e:	a903      	add	r1, sp, #12
10004290:	4805      	ldr	r0, [pc, #20]	@ (100042a8 <weak_raw_vprintf+0x2c>)
10004292:	47a0      	blx	r4
10004294:	2001      	movs	r0, #1
10004296:	b004      	add	sp, #16
10004298:	bd10      	pop	{r4, pc}
1000429a:	f000 f94b 	bl	10004534 <__wrap_puts>
1000429e:	4620      	mov	r0, r4
100042a0:	b004      	add	sp, #16
100042a2:	bd10      	pop	{r4, pc}
100042a4:	2000100c 	.word	0x2000100c
100042a8:	10002e31 	.word	0x10002e31

100042ac <_exit>:
100042ac:	be00      	bkpt	0x0000
100042ae:	e7fd      	b.n	100042ac <_exit>

100042b0 <_sbrk>:
100042b0:	4a07      	ldr	r2, [pc, #28]	@ (100042d0 <_sbrk+0x20>)
100042b2:	4603      	mov	r3, r0
100042b4:	6810      	ldr	r0, [r2, #0]
100042b6:	b138      	cbz	r0, 100042c8 <_sbrk+0x18>
100042b8:	4906      	ldr	r1, [pc, #24]	@ (100042d4 <_sbrk+0x24>)
100042ba:	4403      	add	r3, r0
100042bc:	428b      	cmp	r3, r1
100042be:	bf8c      	ite	hi
100042c0:	f04f 30ff 	movhi.w	r0, #4294967295	@ 0xffffffff
100042c4:	6013      	strls	r3, [r2, #0]
100042c6:	4770      	bx	lr
100042c8:	4903      	ldr	r1, [pc, #12]	@ (100042d8 <_sbrk+0x28>)
100042ca:	4608      	mov	r0, r1
100042cc:	6011      	str	r1, [r2, #0]
100042ce:	e7f3      	b.n	100042b8 <_sbrk+0x8>
100042d0:	20000ffc 	.word	0x20000ffc
100042d4:	20080000 	.word	0x20080000
100042d8:	2004c1c0 	.word	0x2004c1c0

100042dc <exit>:
100042dc:	b508      	push	{r3, lr}
100042de:	f7ff ffe5 	bl	100042ac <_exit>
100042e2:	bf00      	nop

100042e4 <runtime_init>:
100042e4:	b538      	push	{r3, r4, r5, lr}
100042e6:	4c06      	ldr	r4, [pc, #24]	@ (10004300 <runtime_init+0x1c>)
100042e8:	4d06      	ldr	r5, [pc, #24]	@ (10004304 <runtime_init+0x20>)
100042ea:	f7fe f9c5 	bl	10002678 <runtime_run_initializers>
100042ee:	42ac      	cmp	r4, r5
100042f0:	d204      	bcs.n	100042fc <runtime_init+0x18>
100042f2:	f854 3b04 	ldr.w	r3, [r4], #4
100042f6:	4798      	blx	r3
100042f8:	42ac      	cmp	r4, r5
100042fa:	d3fa      	bcc.n	100042f2 <runtime_init+0xe>
100042fc:	bd38      	pop	{r3, r4, r5, pc}
100042fe:	bf00      	nop
10004300:	100052f0 	.word	0x100052f0
10004304:	100052f4 	.word	0x100052f4

10004308 <stdio_out_chars_no_crlf>:
10004308:	6803      	ldr	r3, [r0, #0]
1000430a:	4608      	mov	r0, r1
1000430c:	4611      	mov	r1, r2
1000430e:	4718      	bx	r3

10004310 <stdio_out_chars_crlf>:
10004310:	e92d 41f0 	stmdb	sp!, {r4, r5, r6, r7, r8, lr}
10004314:	4615      	mov	r5, r2
10004316:	7d42      	ldrb	r2, [r0, #21]
10004318:	4607      	mov	r7, r0
1000431a:	4688      	mov	r8, r1
1000431c:	2a00      	cmp	r2, #0
1000431e:	d046      	beq.n	100043ae <stdio_out_chars_crlf+0x9e>
10004320:	2d00      	cmp	r5, #0
10004322:	dd1d      	ble.n	10004360 <stdio_out_chars_crlf+0x50>
10004324:	780b      	ldrb	r3, [r1, #0]
10004326:	2b0a      	cmp	r3, #10
10004328:	d023      	beq.n	10004372 <stdio_out_chars_crlf+0x62>
1000432a:	2d01      	cmp	r5, #1
1000432c:	f04f 0c00 	mov.w	ip, #0
10004330:	d018      	beq.n	10004364 <stdio_out_chars_crlf+0x54>
10004332:	4646      	mov	r6, r8
10004334:	2401      	movs	r4, #1
10004336:	f816 2f01 	ldrb.w	r2, [r6, #1]!
1000433a:	4621      	mov	r1, r4
1000433c:	2a0a      	cmp	r2, #10
1000433e:	f104 0401 	add.w	r4, r4, #1
10004342:	d022      	beq.n	1000438a <stdio_out_chars_crlf+0x7a>
10004344:	42a5      	cmp	r5, r4
10004346:	d1f6      	bne.n	10004336 <stdio_out_chars_crlf+0x26>
10004348:	4565      	cmp	r5, ip
1000434a:	dc0b      	bgt.n	10004364 <stdio_out_chars_crlf+0x54>
1000434c:	eb08 0305 	add.w	r3, r8, r5
10004350:	f813 3c01 	ldrb.w	r3, [r3, #-1]
10004354:	f1a3 030d 	sub.w	r3, r3, #13
10004358:	fab3 f383 	clz	r3, r3
1000435c:	095b      	lsrs	r3, r3, #5
1000435e:	753b      	strb	r3, [r7, #20]
10004360:	e8bd 81f0 	ldmia.w	sp!, {r4, r5, r6, r7, r8, pc}
10004364:	683b      	ldr	r3, [r7, #0]
10004366:	eba5 010c 	sub.w	r1, r5, ip
1000436a:	eb08 000c 	add.w	r0, r8, ip
1000436e:	4798      	blx	r3
10004370:	e7ec      	b.n	1000434c <stdio_out_chars_crlf+0x3c>
10004372:	7d03      	ldrb	r3, [r0, #20]
10004374:	2b00      	cmp	r3, #0
10004376:	d1d8      	bne.n	1000432a <stdio_out_chars_crlf+0x1a>
10004378:	6803      	ldr	r3, [r0, #0]
1000437a:	2102      	movs	r1, #2
1000437c:	480f      	ldr	r0, [pc, #60]	@ (100043bc <stdio_out_chars_crlf+0xac>)
1000437e:	4798      	blx	r3
10004380:	2d01      	cmp	r5, #1
10004382:	d0e3      	beq.n	1000434c <stdio_out_chars_crlf+0x3c>
10004384:	f04f 0c01 	mov.w	ip, #1
10004388:	e7d3      	b.n	10004332 <stdio_out_chars_crlf+0x22>
1000438a:	f816 3c01 	ldrb.w	r3, [r6, #-1]
1000438e:	2b0d      	cmp	r3, #13
10004390:	d0d8      	beq.n	10004344 <stdio_out_chars_crlf+0x34>
10004392:	458c      	cmp	ip, r1
10004394:	eb08 000c 	add.w	r0, r8, ip
10004398:	eba1 010c 	sub.w	r1, r1, ip
1000439c:	da01      	bge.n	100043a2 <stdio_out_chars_crlf+0x92>
1000439e:	683b      	ldr	r3, [r7, #0]
100043a0:	4798      	blx	r3
100043a2:	2102      	movs	r1, #2
100043a4:	4805      	ldr	r0, [pc, #20]	@ (100043bc <stdio_out_chars_crlf+0xac>)
100043a6:	683b      	ldr	r3, [r7, #0]
100043a8:	4798      	blx	r3
100043aa:	46a4      	mov	ip, r4
100043ac:	e7ca      	b.n	10004344 <stdio_out_chars_crlf+0x34>
100043ae:	4629      	mov	r1, r5
100043b0:	4640      	mov	r0, r8
100043b2:	683b      	ldr	r3, [r7, #0]
100043b4:	e8bd 41f0 	ldmia.w	sp!, {r4, r5, r6, r7, r8, lr}
100043b8:	4718      	bx	r3
100043ba:	bf00      	nop
100043bc:	10006480 	.word	0x10006480

100043c0 <stdio_put_string>:
100043c0:	e92d 47f0 	stmdb	sp!, {r4, r5, r6, r7, r8, r9, sl, lr}
100043c4:	b082      	sub	sp, #8
100043c6:	460d      	mov	r5, r1
100043c8:	4691      	mov	r9, r2
100043ca:	461c      	mov	r4, r3
100043cc:	4606      	mov	r6, r0
100043ce:	f7fd feb5 	bl	1000213c <time_us_64>
100043d2:	f04f 3cff 	mov.w	ip, #4294967295	@ 0xffffffff
100043d6:	f06f 4700 	mvn.w	r7, #2147483648	@ 0x80000000
100043da:	4a2e      	ldr	r2, [pc, #184]	@ (10004494 <stdio_put_string+0xd4>)
100043dc:	1882      	adds	r2, r0, r2
100043de:	f141 0300 	adc.w	r3, r1, #0
100043e2:	4594      	cmp	ip, r2
100043e4:	eb77 0103 	sbcs.w	r1, r7, r3
100043e8:	bf3c      	itt	cc
100043ea:	4662      	movcc	r2, ip
100043ec:	463b      	movcc	r3, r7
100043ee:	482a      	ldr	r0, [pc, #168]	@ (10004498 <stdio_put_string+0xd8>)
100043f0:	f000 ff5a 	bl	100052a8 <__mutex_try_enter_block_until_veneer>
100043f4:	1c6b      	adds	r3, r5, #1
100043f6:	4680      	mov	r8, r0
100043f8:	d040      	beq.n	1000447c <stdio_put_string+0xbc>
100043fa:	b30c      	cbz	r4, 10004440 <stdio_put_string+0x80>
100043fc:	4f27      	ldr	r7, [pc, #156]	@ (1000449c <stdio_put_string+0xdc>)
100043fe:	4b28      	ldr	r3, [pc, #160]	@ (100044a0 <stdio_put_string+0xe0>)
10004400:	681c      	ldr	r4, [r3, #0]
10004402:	b1b4      	cbz	r4, 10004432 <stdio_put_string+0x72>
10004404:	f1b9 0f00 	cmp.w	r9, #0
10004408:	d11c      	bne.n	10004444 <stdio_put_string+0x84>
1000440a:	f8df 909c 	ldr.w	r9, [pc, #156]	@ 100044a8 <stdio_put_string+0xe8>
1000440e:	e001      	b.n	10004414 <stdio_put_string+0x54>
10004410:	6924      	ldr	r4, [r4, #16]
10004412:	b174      	cbz	r4, 10004432 <stdio_put_string+0x72>
10004414:	6823      	ldr	r3, [r4, #0]
10004416:	2b00      	cmp	r3, #0
10004418:	d0fa      	beq.n	10004410 <stdio_put_string+0x50>
1000441a:	f8d9 3000 	ldr.w	r3, [r9]
1000441e:	b10b      	cbz	r3, 10004424 <stdio_put_string+0x64>
10004420:	429c      	cmp	r4, r3
10004422:	d1f5      	bne.n	10004410 <stdio_put_string+0x50>
10004424:	4620      	mov	r0, r4
10004426:	462a      	mov	r2, r5
10004428:	4631      	mov	r1, r6
1000442a:	47b8      	blx	r7
1000442c:	6924      	ldr	r4, [r4, #16]
1000442e:	2c00      	cmp	r4, #0
10004430:	d1f0      	bne.n	10004414 <stdio_put_string+0x54>
10004432:	f1b8 0f00 	cmp.w	r8, #0
10004436:	d126      	bne.n	10004486 <stdio_put_string+0xc6>
10004438:	4628      	mov	r0, r5
1000443a:	b002      	add	sp, #8
1000443c:	e8bd 87f0 	ldmia.w	sp!, {r4, r5, r6, r7, r8, r9, sl, pc}
10004440:	4f18      	ldr	r7, [pc, #96]	@ (100044a4 <stdio_put_string+0xe4>)
10004442:	e7dc      	b.n	100043fe <stdio_put_string+0x3e>
10004444:	f04f 0a0a 	mov.w	sl, #10
10004448:	f8df 905c 	ldr.w	r9, [pc, #92]	@ 100044a8 <stdio_put_string+0xe8>
1000444c:	e002      	b.n	10004454 <stdio_put_string+0x94>
1000444e:	6924      	ldr	r4, [r4, #16]
10004450:	2c00      	cmp	r4, #0
10004452:	d0ee      	beq.n	10004432 <stdio_put_string+0x72>
10004454:	6823      	ldr	r3, [r4, #0]
10004456:	2b00      	cmp	r3, #0
10004458:	d0f9      	beq.n	1000444e <stdio_put_string+0x8e>
1000445a:	f8d9 3000 	ldr.w	r3, [r9]
1000445e:	b10b      	cbz	r3, 10004464 <stdio_put_string+0xa4>
10004460:	42a3      	cmp	r3, r4
10004462:	d1f4      	bne.n	1000444e <stdio_put_string+0x8e>
10004464:	462a      	mov	r2, r5
10004466:	4631      	mov	r1, r6
10004468:	4620      	mov	r0, r4
1000446a:	47b8      	blx	r7
1000446c:	2201      	movs	r2, #1
1000446e:	4620      	mov	r0, r4
10004470:	f10d 0107 	add.w	r1, sp, #7
10004474:	f88d a007 	strb.w	sl, [sp, #7]
10004478:	47b8      	blx	r7
1000447a:	e7e8      	b.n	1000444e <stdio_put_string+0x8e>
1000447c:	4630      	mov	r0, r6
1000447e:	f000 fd85 	bl	10004f8c <strlen>
10004482:	4605      	mov	r5, r0
10004484:	e7b9      	b.n	100043fa <stdio_put_string+0x3a>
10004486:	4804      	ldr	r0, [pc, #16]	@ (10004498 <stdio_put_string+0xd8>)
10004488:	f000 ff06 	bl	10005298 <__mutex_exit_veneer>
1000448c:	4628      	mov	r0, r5
1000448e:	b002      	add	sp, #8
10004490:	e8bd 87f0 	ldmia.w	sp!, {r4, r5, r6, r7, r8, r9, sl, pc}
10004494:	000f4240 	.word	0x000f4240
10004498:	20000bb8 	.word	0x20000bb8
1000449c:	10004311 	.word	0x10004311
100044a0:	20000ff0 	.word	0x20000ff0
100044a4:	10004309 	.word	0x10004309
100044a8:	20000ff8 	.word	0x20000ff8

100044ac <stdio_init_all>:
100044ac:	2000      	movs	r0, #0
100044ae:	4770      	bx	lr

100044b0 <__wrap_putchar>:
100044b0:	b5f0      	push	{r4, r5, r6, r7, lr}
100044b2:	b083      	sub	sp, #12
100044b4:	4606      	mov	r6, r0
100044b6:	f88d 0007 	strb.w	r0, [sp, #7]
100044ba:	f7fd fe3f 	bl	1000213c <time_us_64>
100044be:	f04f 35ff 	mov.w	r5, #4294967295	@ 0xffffffff
100044c2:	f06f 4400 	mvn.w	r4, #2147483648	@ 0x80000000
100044c6:	4a17      	ldr	r2, [pc, #92]	@ (10004524 <__wrap_putchar+0x74>)
100044c8:	1882      	adds	r2, r0, r2
100044ca:	f141 0300 	adc.w	r3, r1, #0
100044ce:	4295      	cmp	r5, r2
100044d0:	eb74 0103 	sbcs.w	r1, r4, r3
100044d4:	bf3c      	itt	cc
100044d6:	4623      	movcc	r3, r4
100044d8:	462a      	movcc	r2, r5
100044da:	4813      	ldr	r0, [pc, #76]	@ (10004528 <__wrap_putchar+0x78>)
100044dc:	f000 fee4 	bl	100052a8 <__mutex_try_enter_block_until_veneer>
100044e0:	4b12      	ldr	r3, [pc, #72]	@ (1000452c <__wrap_putchar+0x7c>)
100044e2:	4607      	mov	r7, r0
100044e4:	681c      	ldr	r4, [r3, #0]
100044e6:	b19c      	cbz	r4, 10004510 <__wrap_putchar+0x60>
100044e8:	4d11      	ldr	r5, [pc, #68]	@ (10004530 <__wrap_putchar+0x80>)
100044ea:	e001      	b.n	100044f0 <__wrap_putchar+0x40>
100044ec:	6924      	ldr	r4, [r4, #16]
100044ee:	b17c      	cbz	r4, 10004510 <__wrap_putchar+0x60>
100044f0:	6823      	ldr	r3, [r4, #0]
100044f2:	2b00      	cmp	r3, #0
100044f4:	d0fa      	beq.n	100044ec <__wrap_putchar+0x3c>
100044f6:	682b      	ldr	r3, [r5, #0]
100044f8:	b10b      	cbz	r3, 100044fe <__wrap_putchar+0x4e>
100044fa:	429c      	cmp	r4, r3
100044fc:	d1f6      	bne.n	100044ec <__wrap_putchar+0x3c>
100044fe:	4620      	mov	r0, r4
10004500:	2201      	movs	r2, #1
10004502:	f10d 0107 	add.w	r1, sp, #7
10004506:	f7ff ff03 	bl	10004310 <stdio_out_chars_crlf>
1000450a:	6924      	ldr	r4, [r4, #16]
1000450c:	2c00      	cmp	r4, #0
1000450e:	d1ef      	bne.n	100044f0 <__wrap_putchar+0x40>
10004510:	b917      	cbnz	r7, 10004518 <__wrap_putchar+0x68>
10004512:	4630      	mov	r0, r6
10004514:	b003      	add	sp, #12
10004516:	bdf0      	pop	{r4, r5, r6, r7, pc}
10004518:	4803      	ldr	r0, [pc, #12]	@ (10004528 <__wrap_putchar+0x78>)
1000451a:	f000 febd 	bl	10005298 <__mutex_exit_veneer>
1000451e:	4630      	mov	r0, r6
10004520:	b003      	add	sp, #12
10004522:	bdf0      	pop	{r4, r5, r6, r7, pc}
10004524:	000f4240 	.word	0x000f4240
10004528:	20000bb8 	.word	0x20000bb8
1000452c:	20000ff0 	.word	0x20000ff0
10004530:	20000ff8 	.word	0x20000ff8

10004534 <__wrap_puts>:
10004534:	b538      	push	{r3, r4, r5, lr}
10004536:	4604      	mov	r4, r0
10004538:	f000 fd28 	bl	10004f8c <strlen>
1000453c:	2301      	movs	r3, #1
1000453e:	4605      	mov	r5, r0
10004540:	461a      	mov	r2, r3
10004542:	4620      	mov	r0, r4
10004544:	4629      	mov	r1, r5
10004546:	f7ff ff3b 	bl	100043c0 <stdio_put_string>
1000454a:	4b08      	ldr	r3, [pc, #32]	@ (1000456c <__wrap_puts+0x38>)
1000454c:	681c      	ldr	r4, [r3, #0]
1000454e:	b12c      	cbz	r4, 1000455c <__wrap_puts+0x28>
10004550:	6863      	ldr	r3, [r4, #4]
10004552:	b12b      	cbz	r3, 10004560 <__wrap_puts+0x2c>
10004554:	4798      	blx	r3
10004556:	6924      	ldr	r4, [r4, #16]
10004558:	2c00      	cmp	r4, #0
1000455a:	d1f9      	bne.n	10004550 <__wrap_puts+0x1c>
1000455c:	4628      	mov	r0, r5
1000455e:	bd38      	pop	{r3, r4, r5, pc}
10004560:	6924      	ldr	r4, [r4, #16]
10004562:	2c00      	cmp	r4, #0
10004564:	d1f4      	bne.n	10004550 <__wrap_puts+0x1c>
10004566:	4628      	mov	r0, r5
10004568:	bd38      	pop	{r3, r4, r5, pc}
1000456a:	bf00      	nop
1000456c:	20000ff0 	.word	0x20000ff0

10004570 <pio_sm_claim>:
10004570:	f100 402f 	add.w	r0, r0, #2936012800	@ 0xaf000000
10004574:	f500 0060 	add.w	r0, r0, #14680064	@ 0xe00000
10004578:	0d03      	lsrs	r3, r0, #20
1000457a:	2b02      	cmp	r3, #2
1000457c:	d00d      	beq.n	1000459a <pio_sm_claim+0x2a>
1000457e:	2b01      	cmp	r3, #1
10004580:	d005      	beq.n	1000458e <pio_sm_claim+0x1e>
10004582:	4a09      	ldr	r2, [pc, #36]	@ (100045a8 <pio_sm_claim+0x38>)
10004584:	4809      	ldr	r0, [pc, #36]	@ (100045ac <pio_sm_claim+0x3c>)
10004586:	eb01 0183 	add.w	r1, r1, r3, lsl #2
1000458a:	f7fd b899 	b.w	100016c0 <hw_claim_or_assert>
1000458e:	4a08      	ldr	r2, [pc, #32]	@ (100045b0 <pio_sm_claim+0x40>)
10004590:	4806      	ldr	r0, [pc, #24]	@ (100045ac <pio_sm_claim+0x3c>)
10004592:	eb01 0183 	add.w	r1, r1, r3, lsl #2
10004596:	f7fd b893 	b.w	100016c0 <hw_claim_or_assert>
1000459a:	4a06      	ldr	r2, [pc, #24]	@ (100045b4 <pio_sm_claim+0x44>)
1000459c:	4803      	ldr	r0, [pc, #12]	@ (100045ac <pio_sm_claim+0x3c>)
1000459e:	eb01 0183 	add.w	r1, r1, r3, lsl #2
100045a2:	f7fd b88d 	b.w	100016c0 <hw_claim_or_assert>
100045a6:	bf00      	nop
100045a8:	100055c0 	.word	0x100055c0
100045ac:	20000fc4 	.word	0x20000fc4
100045b0:	10005600 	.word	0x10005600
100045b4:	100055dc 	.word	0x100055dc

100045b8 <pio_add_program>:
100045b8:	e92d 47f0 	stmdb	sp!, {r4, r5, r6, r7, r8, r9, sl, lr}
100045bc:	460f      	mov	r7, r1
100045be:	4605      	mov	r5, r0
100045c0:	f7fd f862 	bl	10001688 <hw_claim_lock>
100045c4:	2201      	movs	r2, #1
100045c6:	f897 a004 	ldrb.w	sl, [r7, #4]
100045ca:	f997 c005 	ldrsb.w	ip, [r7, #5]
100045ce:	f105 4e2f 	add.w	lr, r5, #2936012800	@ 0xaf000000
100045d2:	f8df 80d4 	ldr.w	r8, [pc, #212]	@ 100046a8 <pio_add_program+0xf0>
100045d6:	f50e 0e60 	add.w	lr, lr, #14680064	@ 0xe00000
100045da:	fa02 f20a 	lsl.w	r2, r2, sl
100045de:	ea4f 5e1e 	mov.w	lr, lr, lsr #20
100045e2:	f1bc 0f00 	cmp.w	ip, #0
100045e6:	f858 602e 	ldr.w	r6, [r8, lr, lsl #2]
100045ea:	f102 32ff 	add.w	r2, r2, #4294967295	@ 0xffffffff
100045ee:	f1ca 0420 	rsb	r4, sl, #32
100045f2:	db35      	blt.n	10004660 <pio_add_program+0xa8>
100045f4:	45a4      	cmp	ip, r4
100045f6:	dc03      	bgt.n	10004600 <pio_add_program+0x48>
100045f8:	fa02 f30c 	lsl.w	r3, r2, ip
100045fc:	4233      	tst	r3, r6
100045fe:	d006      	beq.n	1000460e <pio_add_program+0x56>
10004600:	f04f 34ff 	mov.w	r4, #4294967295	@ 0xffffffff
10004604:	f7fd f852 	bl	100016ac <hw_claim_unlock>
10004608:	4620      	mov	r0, r4
1000460a:	e8bd 87f0 	ldmia.w	sp!, {r4, r5, r6, r7, r8, r9, sl, pc}
1000460e:	f8d5 3168 	ldr.w	r3, [r5, #360]	@ 0x168
10004612:	79f9      	ldrb	r1, [r7, #7]
10004614:	2b00      	cmp	r3, #0
10004616:	d141      	bne.n	1000469c <pio_add_program+0xe4>
10004618:	074b      	lsls	r3, r1, #29
1000461a:	d431      	bmi.n	10004680 <pio_add_program+0xc8>
1000461c:	4664      	mov	r4, ip
1000461e:	fa02 f20c 	lsl.w	r2, r2, ip
10004622:	4216      	tst	r6, r2
10004624:	d133      	bne.n	1000468e <pio_add_program+0xd6>
10004626:	6839      	ldr	r1, [r7, #0]
10004628:	f1ba 0f00 	cmp.w	sl, #0
1000462c:	d010      	beq.n	10004650 <pio_add_program+0x98>
1000462e:	4667      	mov	r7, ip
10004630:	eb01 0a4a 	add.w	sl, r1, sl, lsl #1
10004634:	f831 3b02 	ldrh.w	r3, [r1], #2
10004638:	f107 0912 	add.w	r9, r7, #18
1000463c:	f5b3 5f00 	cmp.w	r3, #8192	@ 0x2000
10004640:	bf38      	it	cc
10004642:	4463      	addcc	r3, ip
10004644:	4551      	cmp	r1, sl
10004646:	f107 0701 	add.w	r7, r7, #1
1000464a:	f845 3029 	str.w	r3, [r5, r9, lsl #2]
1000464e:	d1f1      	bne.n	10004634 <pio_add_program+0x7c>
10004650:	4332      	orrs	r2, r6
10004652:	f848 202e 	str.w	r2, [r8, lr, lsl #2]
10004656:	f7fd f829 	bl	100016ac <hw_claim_unlock>
1000465a:	4620      	mov	r0, r4
1000465c:	e8bd 87f0 	ldmia.w	sp!, {r4, r5, r6, r7, r8, r9, sl, pc}
10004660:	2c00      	cmp	r4, #0
10004662:	da02      	bge.n	1000466a <pio_add_program+0xb2>
10004664:	e013      	b.n	1000468e <pio_add_program+0xd6>
10004666:	3c01      	subs	r4, #1
10004668:	d311      	bcc.n	1000468e <pio_add_program+0xd6>
1000466a:	fa02 f304 	lsl.w	r3, r2, r4
1000466e:	4233      	tst	r3, r6
10004670:	46a4      	mov	ip, r4
10004672:	d1f8      	bne.n	10004666 <pio_add_program+0xae>
10004674:	f8d5 1168 	ldr.w	r1, [r5, #360]	@ 0x168
10004678:	79fb      	ldrb	r3, [r7, #7]
1000467a:	b991      	cbnz	r1, 100046a2 <pio_add_program+0xea>
1000467c:	075b      	lsls	r3, r3, #29
1000467e:	d5ce      	bpl.n	1000461e <pio_add_program+0x66>
10004680:	f06f 040a 	mvn.w	r4, #10
10004684:	f7fd f812 	bl	100016ac <hw_claim_unlock>
10004688:	4620      	mov	r0, r4
1000468a:	e8bd 87f0 	ldmia.w	sp!, {r4, r5, r6, r7, r8, r9, sl, pc}
1000468e:	f06f 0408 	mvn.w	r4, #8
10004692:	f7fd f80b 	bl	100016ac <hw_claim_unlock>
10004696:	4620      	mov	r0, r4
10004698:	e8bd 87f0 	ldmia.w	sp!, {r4, r5, r6, r7, r8, r9, sl, pc}
1000469c:	07c9      	lsls	r1, r1, #31
1000469e:	d5bd      	bpl.n	1000461c <pio_add_program+0x64>
100046a0:	e7ee      	b.n	10004680 <pio_add_program+0xc8>
100046a2:	07d9      	lsls	r1, r3, #31
100046a4:	d5bb      	bpl.n	1000461e <pio_add_program+0x66>
100046a6:	e7eb      	b.n	10004680 <pio_add_program+0xc8>
100046a8:	20000fa8 	.word	0x20000fa8

100046ac <pio_sm_set_consecutive_pindirs>:
100046ac:	e92d 41f0 	stmdb	sp!, {r4, r5, r6, r7, r8, lr}
100046b0:	f8d0 4168 	ldr.w	r4, [r0, #360]	@ 0x168
100046b4:	f89d 6018 	ldrb.w	r6, [sp, #24]
100046b8:	1b12      	subs	r2, r2, r4
100046ba:	2a1f      	cmp	r2, #31
100046bc:	d838      	bhi.n	10004730 <pio_sm_set_consecutive_pindirs+0x84>
100046be:	f24e 049f 	movw	r4, #57503	@ 0xe09f
100046c2:	f24e 0580 	movw	r5, #57472	@ 0xe080
100046c6:	f44f 3800 	mov.w	r8, #131072	@ 0x20000
100046ca:	eb01 0c41 	add.w	ip, r1, r1, lsl #1
100046ce:	2e00      	cmp	r6, #0
100046d0:	bf18      	it	ne
100046d2:	4625      	movne	r5, r4
100046d4:	eb00 04cc 	add.w	r4, r0, ip, lsl #3
100046d8:	f504 5443 	add.w	r4, r4, #12480	@ 0x30c0
100046dc:	eb00 0ccc 	add.w	ip, r0, ip, lsl #3
100046e0:	2b05      	cmp	r3, #5
100046e2:	f8dc 70dc 	ldr.w	r7, [ip, #220]	@ 0xdc
100046e6:	ea4f 0e41 	mov.w	lr, r1, lsl #1
100046ea:	f8dc 60cc 	ldr.w	r6, [ip, #204]	@ 0xcc
100046ee:	f8c4 800c 	str.w	r8, [r4, #12]
100046f2:	d90c      	bls.n	1000470e <pio_sm_set_consecutive_pindirs+0x62>
100046f4:	0154      	lsls	r4, r2, #5
100046f6:	3b05      	subs	r3, #5
100046f8:	f044 54a0 	orr.w	r4, r4, #335544320	@ 0x14000000
100046fc:	3205      	adds	r2, #5
100046fe:	2b05      	cmp	r3, #5
10004700:	f8cc 40dc 	str.w	r4, [ip, #220]	@ 0xdc
10004704:	f002 021f 	and.w	r2, r2, #31
10004708:	f8cc 50d8 	str.w	r5, [ip, #216]	@ 0xd8
1000470c:	d8f2      	bhi.n	100046f4 <pio_sm_set_consecutive_pindirs+0x48>
1000470e:	4471      	add	r1, lr
10004710:	eb00 01c1 	add.w	r1, r0, r1, lsl #3
10004714:	2000      	movs	r0, #0
10004716:	0152      	lsls	r2, r2, #5
10004718:	ea42 6383 	orr.w	r3, r2, r3, lsl #26
1000471c:	f8c1 30dc 	str.w	r3, [r1, #220]	@ 0xdc
10004720:	f8c1 50d8 	str.w	r5, [r1, #216]	@ 0xd8
10004724:	f8c1 70dc 	str.w	r7, [r1, #220]	@ 0xdc
10004728:	f8c1 60cc 	str.w	r6, [r1, #204]	@ 0xcc
1000472c:	e8bd 81f0 	ldmia.w	sp!, {r4, r5, r6, r7, r8, pc}
10004730:	f06f 0004 	mvn.w	r0, #4
10004734:	e7fa      	b.n	1000472c <pio_sm_set_consecutive_pindirs+0x80>
10004736:	bf00      	nop

10004738 <pio_sm_init>:
10004738:	b5f0      	push	{r4, r5, r6, r7, lr}
1000473a:	2501      	movs	r5, #1
1000473c:	6804      	ldr	r4, [r0, #0]
1000473e:	408d      	lsls	r5, r1
10004740:	ea24 0405 	bic.w	r4, r4, r5
10004744:	6004      	str	r4, [r0, #0]
10004746:	b3b3      	cbz	r3, 100047b6 <pio_sm_init+0x7e>
10004748:	e9d3 5601 	ldrd	r5, r6, [r3, #4]
1000474c:	681f      	ldr	r7, [r3, #0]
1000474e:	68dc      	ldr	r4, [r3, #12]
10004750:	eb01 0341 	add.w	r3, r1, r1, lsl #1
10004754:	eb00 03c3 	add.w	r3, r0, r3, lsl #3
10004758:	f8c3 70c8 	str.w	r7, [r3, #200]	@ 0xc8
1000475c:	ea4f 0c41 	mov.w	ip, r1, lsl #1
10004760:	f8c3 60d0 	str.w	r6, [r3, #208]	@ 0xd0
10004764:	f8c3 50cc 	str.w	r5, [r3, #204]	@ 0xcc
10004768:	f8c3 40dc 	str.w	r4, [r3, #220]	@ 0xdc
1000476c:	eb0c 0301 	add.w	r3, ip, r1
10004770:	f04f 3501 	mov.w	r5, #16843009	@ 0x1010101
10004774:	eb00 0cc3 	add.w	ip, r0, r3, lsl #3
10004778:	f04f 4600 	mov.w	r6, #2147483648	@ 0x80000000
1000477c:	eb00 0ec3 	add.w	lr, r0, r3, lsl #3
10004780:	2301      	movs	r3, #1
10004782:	f50e 5e86 	add.w	lr, lr, #4288	@ 0x10c0
10004786:	1d0c      	adds	r4, r1, #4
10004788:	f101 0708 	add.w	r7, r1, #8
1000478c:	408d      	lsls	r5, r1
1000478e:	f8ce 6010 	str.w	r6, [lr, #16]
10004792:	fa03 f404 	lsl.w	r4, r3, r4
10004796:	f8ce 6010 	str.w	r6, [lr, #16]
1000479a:	f002 021f 	and.w	r2, r2, #31
1000479e:	6085      	str	r5, [r0, #8]
100047a0:	40bb      	lsls	r3, r7
100047a2:	f500 5000 	add.w	r0, r0, #8192	@ 0x2000
100047a6:	6004      	str	r4, [r0, #0]
100047a8:	f10e 0e10 	add.w	lr, lr, #16
100047ac:	6003      	str	r3, [r0, #0]
100047ae:	2000      	movs	r0, #0
100047b0:	f8cc 20d8 	str.w	r2, [ip, #216]	@ 0xd8
100047b4:	bdf0      	pop	{r4, r5, r6, r7, pc}
100047b6:	f44f 3780 	mov.w	r7, #65536	@ 0x10000
100047ba:	f44f 2640 	mov.w	r6, #786432	@ 0xc0000
100047be:	f44f 35f8 	mov.w	r5, #126976	@ 0x1f000
100047c2:	eb01 0441 	add.w	r4, r1, r1, lsl #1
100047c6:	eb00 04c4 	add.w	r4, r0, r4, lsl #3
100047ca:	f8c4 70c8 	str.w	r7, [r4, #200]	@ 0xc8
100047ce:	ea4f 0c41 	mov.w	ip, r1, lsl #1
100047d2:	f8c4 60d0 	str.w	r6, [r4, #208]	@ 0xd0
100047d6:	f8c4 50cc 	str.w	r5, [r4, #204]	@ 0xcc
100047da:	f8c4 30dc 	str.w	r3, [r4, #220]	@ 0xdc
100047de:	e7c5      	b.n	1000476c <pio_sm_init+0x34>

100047e0 <dma_claim_unused_channel>:
100047e0:	b510      	push	{r4, lr}
100047e2:	4c05      	ldr	r4, [pc, #20]	@ (100047f8 <dma_claim_unused_channel+0x18>)
100047e4:	b082      	sub	sp, #8
100047e6:	4601      	mov	r1, r0
100047e8:	230f      	movs	r3, #15
100047ea:	2200      	movs	r2, #0
100047ec:	9400      	str	r4, [sp, #0]
100047ee:	4803      	ldr	r0, [pc, #12]	@ (100047fc <dma_claim_unused_channel+0x1c>)
100047f0:	f7fc ff92 	bl	10001718 <hw_claim_unused_from_range>
100047f4:	b002      	add	sp, #8
100047f6:	bd10      	pop	{r4, pc}
100047f8:	10005624 	.word	0x10005624
100047fc:	2004c1bc 	.word	0x2004c1bc

10004800 <malloc>:
10004800:	4b02      	ldr	r3, [pc, #8]	@ (1000480c <malloc+0xc>)
10004802:	4601      	mov	r1, r0
10004804:	6818      	ldr	r0, [r3, #0]
10004806:	f000 b80b 	b.w	10004820 <_malloc_r>
1000480a:	bf00      	nop
1000480c:	20000a68 	.word	0x20000a68

10004810 <free>:
10004810:	4b02      	ldr	r3, [pc, #8]	@ (1000481c <free+0xc>)
10004812:	4601      	mov	r1, r0
10004814:	6818      	ldr	r0, [r3, #0]
10004816:	f000 bc43 	b.w	100050a0 <_free_r>
1000481a:	bf00      	nop
1000481c:	20000a68 	.word	0x20000a68

10004820 <_malloc_r>:
10004820:	f101 030b 	add.w	r3, r1, #11
10004824:	2b16      	cmp	r3, #22
10004826:	e92d 4ff0 	stmdb	sp!, {r4, r5, r6, r7, r8, r9, sl, fp, lr}
1000482a:	4607      	mov	r7, r0
1000482c:	b083      	sub	sp, #12
1000482e:	d823      	bhi.n	10004878 <_malloc_r+0x58>
10004830:	2910      	cmp	r1, #16
10004832:	f200 80af 	bhi.w	10004994 <_malloc_r+0x174>
10004836:	f000 faaf 	bl	10004d98 <__malloc_lock>
1000483a:	2510      	movs	r5, #16
1000483c:	2318      	movs	r3, #24
1000483e:	2002      	movs	r0, #2
10004840:	4eba      	ldr	r6, [pc, #744]	@ (10004b2c <_malloc_r+0x30c>)
10004842:	4433      	add	r3, r6
10004844:	685c      	ldr	r4, [r3, #4]
10004846:	f1a3 0208 	sub.w	r2, r3, #8
1000484a:	4294      	cmp	r4, r2
1000484c:	f000 8156 	beq.w	10004afc <_malloc_r+0x2dc>
10004850:	6863      	ldr	r3, [r4, #4]
10004852:	4638      	mov	r0, r7
10004854:	f023 0303 	bic.w	r3, r3, #3
10004858:	e9d4 1202 	ldrd	r1, r2, [r4, #8]
1000485c:	4423      	add	r3, r4
1000485e:	60ca      	str	r2, [r1, #12]
10004860:	6091      	str	r1, [r2, #8]
10004862:	685a      	ldr	r2, [r3, #4]
10004864:	3408      	adds	r4, #8
10004866:	f042 0201 	orr.w	r2, r2, #1
1000486a:	605a      	str	r2, [r3, #4]
1000486c:	f000 fa9a 	bl	10004da4 <__malloc_unlock>
10004870:	4620      	mov	r0, r4
10004872:	b003      	add	sp, #12
10004874:	e8bd 8ff0 	ldmia.w	sp!, {r4, r5, r6, r7, r8, r9, sl, fp, pc}
10004878:	2b00      	cmp	r3, #0
1000487a:	f023 0507 	bic.w	r5, r3, #7
1000487e:	f2c0 8089 	blt.w	10004994 <_malloc_r+0x174>
10004882:	42a9      	cmp	r1, r5
10004884:	f200 8086 	bhi.w	10004994 <_malloc_r+0x174>
10004888:	f000 fa86 	bl	10004d98 <__malloc_lock>
1000488c:	f5b5 7ffc 	cmp.w	r5, #504	@ 0x1f8
10004890:	f0c0 827b 	bcc.w	10004d8a <_malloc_r+0x56a>
10004894:	0a6b      	lsrs	r3, r5, #9
10004896:	f000 8084 	beq.w	100049a2 <_malloc_r+0x182>
1000489a:	2b04      	cmp	r3, #4
1000489c:	f200 8162 	bhi.w	10004b64 <_malloc_r+0x344>
100048a0:	09ab      	lsrs	r3, r5, #6
100048a2:	f103 0039 	add.w	r0, r3, #57	@ 0x39
100048a6:	f103 0e38 	add.w	lr, r3, #56	@ 0x38
100048aa:	00c3      	lsls	r3, r0, #3
100048ac:	4e9f      	ldr	r6, [pc, #636]	@ (10004b2c <_malloc_r+0x30c>)
100048ae:	4433      	add	r3, r6
100048b0:	f1a3 0c08 	sub.w	ip, r3, #8
100048b4:	685c      	ldr	r4, [r3, #4]
100048b6:	45a4      	cmp	ip, r4
100048b8:	d107      	bne.n	100048ca <_malloc_r+0xaa>
100048ba:	e00d      	b.n	100048d8 <_malloc_r+0xb8>
100048bc:	2a00      	cmp	r2, #0
100048be:	68e1      	ldr	r1, [r4, #12]
100048c0:	f280 8116 	bge.w	10004af0 <_malloc_r+0x2d0>
100048c4:	458c      	cmp	ip, r1
100048c6:	460c      	mov	r4, r1
100048c8:	d006      	beq.n	100048d8 <_malloc_r+0xb8>
100048ca:	6863      	ldr	r3, [r4, #4]
100048cc:	f023 0303 	bic.w	r3, r3, #3
100048d0:	1b5a      	subs	r2, r3, r5
100048d2:	2a0f      	cmp	r2, #15
100048d4:	ddf2      	ble.n	100048bc <_malloc_r+0x9c>
100048d6:	4670      	mov	r0, lr
100048d8:	f8df 8268 	ldr.w	r8, [pc, #616]	@ 10004b44 <_malloc_r+0x324>
100048dc:	6934      	ldr	r4, [r6, #16]
100048de:	4544      	cmp	r4, r8
100048e0:	f000 80f2 	beq.w	10004ac8 <_malloc_r+0x2a8>
100048e4:	6863      	ldr	r3, [r4, #4]
100048e6:	f023 0c03 	bic.w	ip, r3, #3
100048ea:	ebac 0305 	sub.w	r3, ip, r5
100048ee:	2b0f      	cmp	r3, #15
100048f0:	f300 8174 	bgt.w	10004bdc <_malloc_r+0x3bc>
100048f4:	2b00      	cmp	r3, #0
100048f6:	e9c6 8804 	strd	r8, r8, [r6, #16]
100048fa:	f280 8163 	bge.w	10004bc4 <_malloc_r+0x3a4>
100048fe:	f5bc 7f00 	cmp.w	ip, #512	@ 0x200
10004902:	f8d6 e004 	ldr.w	lr, [r6, #4]
10004906:	f080 80ff 	bcs.w	10004b08 <_malloc_r+0x2e8>
1000490a:	ea4f 03dc 	mov.w	r3, ip, lsr #3
1000490e:	2201      	movs	r2, #1
10004910:	ea4f 1c5c 	mov.w	ip, ip, lsr #5
10004914:	3301      	adds	r3, #1
10004916:	fa02 f20c 	lsl.w	r2, r2, ip
1000491a:	f856 1033 	ldr.w	r1, [r6, r3, lsl #3]
1000491e:	ea4e 0e02 	orr.w	lr, lr, r2
10004922:	eb06 02c3 	add.w	r2, r6, r3, lsl #3
10004926:	3a08      	subs	r2, #8
10004928:	f8c6 e004 	str.w	lr, [r6, #4]
1000492c:	e9c4 1202 	strd	r1, r2, [r4, #8]
10004930:	f846 4033 	str.w	r4, [r6, r3, lsl #3]
10004934:	60cc      	str	r4, [r1, #12]
10004936:	1083      	asrs	r3, r0, #2
10004938:	f04f 0c01 	mov.w	ip, #1
1000493c:	fa0c fc03 	lsl.w	ip, ip, r3
10004940:	45f4      	cmp	ip, lr
10004942:	d834      	bhi.n	100049ae <_malloc_r+0x18e>
10004944:	ea1c 0f0e 	tst.w	ip, lr
10004948:	d107      	bne.n	1000495a <_malloc_r+0x13a>
1000494a:	f020 0003 	bic.w	r0, r0, #3
1000494e:	ea4f 0c4c 	mov.w	ip, ip, lsl #1
10004952:	3004      	adds	r0, #4
10004954:	ea1c 0f0e 	tst.w	ip, lr
10004958:	d0f9      	beq.n	1000494e <_malloc_r+0x12e>
1000495a:	eb06 0ac0 	add.w	sl, r6, r0, lsl #3
1000495e:	4681      	mov	r9, r0
10004960:	46d6      	mov	lr, sl
10004962:	f8de 300c 	ldr.w	r3, [lr, #12]
10004966:	e00b      	b.n	10004980 <_malloc_r+0x160>
10004968:	685a      	ldr	r2, [r3, #4]
1000496a:	461c      	mov	r4, r3
1000496c:	68db      	ldr	r3, [r3, #12]
1000496e:	f022 0203 	bic.w	r2, r2, #3
10004972:	1b51      	subs	r1, r2, r5
10004974:	290f      	cmp	r1, #15
10004976:	f300 8101 	bgt.w	10004b7c <_malloc_r+0x35c>
1000497a:	2900      	cmp	r1, #0
1000497c:	f280 8115 	bge.w	10004baa <_malloc_r+0x38a>
10004980:	459e      	cmp	lr, r3
10004982:	d1f1      	bne.n	10004968 <_malloc_r+0x148>
10004984:	f109 0901 	add.w	r9, r9, #1
10004988:	f10e 0e08 	add.w	lr, lr, #8
1000498c:	f019 0f03 	tst.w	r9, #3
10004990:	d1e7      	bne.n	10004962 <_malloc_r+0x142>
10004992:	e158      	b.n	10004c46 <_malloc_r+0x426>
10004994:	230c      	movs	r3, #12
10004996:	603b      	str	r3, [r7, #0]
10004998:	2400      	movs	r4, #0
1000499a:	4620      	mov	r0, r4
1000499c:	b003      	add	sp, #12
1000499e:	e8bd 8ff0 	ldmia.w	sp!, {r4, r5, r6, r7, r8, r9, sl, fp, pc}
100049a2:	f44f 7300 	mov.w	r3, #512	@ 0x200
100049a6:	2040      	movs	r0, #64	@ 0x40
100049a8:	f04f 0e3f 	mov.w	lr, #63	@ 0x3f
100049ac:	e77e      	b.n	100048ac <_malloc_r+0x8c>
100049ae:	68b4      	ldr	r4, [r6, #8]
100049b0:	6863      	ldr	r3, [r4, #4]
100049b2:	f023 0903 	bic.w	r9, r3, #3
100049b6:	45a9      	cmp	r9, r5
100049b8:	eba9 0305 	sub.w	r3, r9, r5
100049bc:	d302      	bcc.n	100049c4 <_malloc_r+0x1a4>
100049be:	2b0f      	cmp	r3, #15
100049c0:	f300 8085 	bgt.w	10004ace <_malloc_r+0x2ae>
100049c4:	4b5a      	ldr	r3, [pc, #360]	@ (10004b30 <_malloc_r+0x310>)
100049c6:	2008      	movs	r0, #8
100049c8:	681b      	ldr	r3, [r3, #0]
100049ca:	f103 0810 	add.w	r8, r3, #16
100049ce:	eb04 0309 	add.w	r3, r4, r9
100049d2:	9300      	str	r3, [sp, #0]
100049d4:	f000 fa56 	bl	10004e84 <sysconf>
100049d8:	4a56      	ldr	r2, [pc, #344]	@ (10004b34 <_malloc_r+0x314>)
100049da:	44a8      	add	r8, r5
100049dc:	4683      	mov	fp, r0
100049de:	6813      	ldr	r3, [r2, #0]
100049e0:	3301      	adds	r3, #1
100049e2:	d005      	beq.n	100049f0 <_malloc_r+0x1d0>
100049e4:	f108 38ff 	add.w	r8, r8, #4294967295	@ 0xffffffff
100049e8:	4243      	negs	r3, r0
100049ea:	4480      	add	r8, r0
100049ec:	ea03 0808 	and.w	r8, r3, r8
100049f0:	4641      	mov	r1, r8
100049f2:	4638      	mov	r0, r7
100049f4:	f000 fa2a 	bl	10004e4c <_sbrk_r>
100049f8:	f1b0 3fff 	cmp.w	r0, #4294967295	@ 0xffffffff
100049fc:	4682      	mov	sl, r0
100049fe:	4a4d      	ldr	r2, [pc, #308]	@ (10004b34 <_malloc_r+0x314>)
10004a00:	f000 8107 	beq.w	10004c12 <_malloc_r+0x3f2>
10004a04:	eb04 0309 	add.w	r3, r4, r9
10004a08:	4283      	cmp	r3, r0
10004a0a:	f200 8100 	bhi.w	10004c0e <_malloc_r+0x3ee>
10004a0e:	4b4a      	ldr	r3, [pc, #296]	@ (10004b38 <_malloc_r+0x318>)
10004a10:	f10b 3cff 	add.w	ip, fp, #4294967295	@ 0xffffffff
10004a14:	6818      	ldr	r0, [r3, #0]
10004a16:	4440      	add	r0, r8
10004a18:	6018      	str	r0, [r3, #0]
10004a1a:	f000 8164 	beq.w	10004ce6 <_malloc_r+0x4c6>
10004a1e:	6811      	ldr	r1, [r2, #0]
10004a20:	3101      	adds	r1, #1
10004a22:	f000 816c 	beq.w	10004cfe <_malloc_r+0x4de>
10004a26:	eb04 0209 	add.w	r2, r4, r9
10004a2a:	ebaa 0202 	sub.w	r2, sl, r2
10004a2e:	4402      	add	r2, r0
10004a30:	601a      	str	r2, [r3, #0]
10004a32:	f01a 0207 	ands.w	r2, sl, #7
10004a36:	e9cd 2300 	strd	r2, r3, [sp]
10004a3a:	f000 8127 	beq.w	10004c8c <_malloc_r+0x46c>
10004a3e:	f1c2 0208 	rsb	r2, r2, #8
10004a42:	4638      	mov	r0, r7
10004a44:	4492      	add	sl, r2
10004a46:	445a      	add	r2, fp
10004a48:	44d0      	add	r8, sl
10004a4a:	ea08 010c 	and.w	r1, r8, ip
10004a4e:	1a52      	subs	r2, r2, r1
10004a50:	ea02 0b0c 	and.w	fp, r2, ip
10004a54:	4659      	mov	r1, fp
10004a56:	f000 f9f9 	bl	10004e4c <_sbrk_r>
10004a5a:	1c42      	adds	r2, r0, #1
10004a5c:	9b01      	ldr	r3, [sp, #4]
10004a5e:	f000 816a 	beq.w	10004d36 <_malloc_r+0x516>
10004a62:	eba0 000a 	sub.w	r0, r0, sl
10004a66:	eb00 080b 	add.w	r8, r0, fp
10004a6a:	6818      	ldr	r0, [r3, #0]
10004a6c:	f048 0201 	orr.w	r2, r8, #1
10004a70:	42b4      	cmp	r4, r6
10004a72:	f8c6 a008 	str.w	sl, [r6, #8]
10004a76:	4458      	add	r0, fp
10004a78:	f8ca 2004 	str.w	r2, [sl, #4]
10004a7c:	6018      	str	r0, [r3, #0]
10004a7e:	d017      	beq.n	10004ab0 <_malloc_r+0x290>
10004a80:	f1b9 0f0f 	cmp.w	r9, #15
10004a84:	f240 813e 	bls.w	10004d04 <_malloc_r+0x4e4>
10004a88:	6861      	ldr	r1, [r4, #4]
10004a8a:	f1a9 020c 	sub.w	r2, r9, #12
10004a8e:	f04f 0c05 	mov.w	ip, #5
10004a92:	f022 0207 	bic.w	r2, r2, #7
10004a96:	f001 0101 	and.w	r1, r1, #1
10004a9a:	4311      	orrs	r1, r2
10004a9c:	2a0f      	cmp	r2, #15
10004a9e:	6061      	str	r1, [r4, #4]
10004aa0:	eb04 0102 	add.w	r1, r4, r2
10004aa4:	e9c1 cc01 	strd	ip, ip, [r1, #4]
10004aa8:	f200 814d 	bhi.w	10004d46 <_malloc_r+0x526>
10004aac:	f8da 2004 	ldr.w	r2, [sl, #4]
10004ab0:	4b22      	ldr	r3, [pc, #136]	@ (10004b3c <_malloc_r+0x31c>)
10004ab2:	4654      	mov	r4, sl
10004ab4:	6819      	ldr	r1, [r3, #0]
10004ab6:	4281      	cmp	r1, r0
10004ab8:	bf38      	it	cc
10004aba:	6018      	strcc	r0, [r3, #0]
10004abc:	4b20      	ldr	r3, [pc, #128]	@ (10004b40 <_malloc_r+0x320>)
10004abe:	6819      	ldr	r1, [r3, #0]
10004ac0:	4281      	cmp	r1, r0
10004ac2:	bf38      	it	cc
10004ac4:	6018      	strcc	r0, [r3, #0]
10004ac6:	e0a6      	b.n	10004c16 <_malloc_r+0x3f6>
10004ac8:	f8d6 e004 	ldr.w	lr, [r6, #4]
10004acc:	e733      	b.n	10004936 <_malloc_r+0x116>
10004ace:	1962      	adds	r2, r4, r5
10004ad0:	f045 0501 	orr.w	r5, r5, #1
10004ad4:	f043 0301 	orr.w	r3, r3, #1
10004ad8:	3408      	adds	r4, #8
10004ada:	f844 5c04 	str.w	r5, [r4, #-4]
10004ade:	4638      	mov	r0, r7
10004ae0:	60b2      	str	r2, [r6, #8]
10004ae2:	6053      	str	r3, [r2, #4]
10004ae4:	f000 f95e 	bl	10004da4 <__malloc_unlock>
10004ae8:	4620      	mov	r0, r4
10004aea:	b003      	add	sp, #12
10004aec:	e8bd 8ff0 	ldmia.w	sp!, {r4, r5, r6, r7, r8, r9, sl, fp, pc}
10004af0:	68a2      	ldr	r2, [r4, #8]
10004af2:	4423      	add	r3, r4
10004af4:	4638      	mov	r0, r7
10004af6:	60d1      	str	r1, [r2, #12]
10004af8:	608a      	str	r2, [r1, #8]
10004afa:	e6b2      	b.n	10004862 <_malloc_r+0x42>
10004afc:	68dc      	ldr	r4, [r3, #12]
10004afe:	42a3      	cmp	r3, r4
10004b00:	f47f aea6 	bne.w	10004850 <_malloc_r+0x30>
10004b04:	3002      	adds	r0, #2
10004b06:	e6e7      	b.n	100048d8 <_malloc_r+0xb8>
10004b08:	f5bc 6f20 	cmp.w	ip, #2560	@ 0xa00
10004b0c:	ea4f 225c 	mov.w	r2, ip, lsr #9
10004b10:	d376      	bcc.n	10004c00 <_malloc_r+0x3e0>
10004b12:	2a14      	cmp	r2, #20
10004b14:	f200 80cd 	bhi.w	10004cb2 <_malloc_r+0x492>
10004b18:	f102 035c 	add.w	r3, r2, #92	@ 0x5c
10004b1c:	325b      	adds	r2, #91	@ 0x5b
10004b1e:	00db      	lsls	r3, r3, #3
10004b20:	18f1      	adds	r1, r6, r3
10004b22:	58f3      	ldr	r3, [r6, r3]
10004b24:	3908      	subs	r1, #8
10004b26:	4299      	cmp	r1, r3
10004b28:	d111      	bne.n	10004b4e <_malloc_r+0x32e>
10004b2a:	e0a5      	b.n	10004c78 <_malloc_r+0x458>
10004b2c:	20000660 	.word	0x20000660
10004b30:	20000e4c 	.word	0x20000e4c
10004b34:	20000658 	.word	0x20000658
10004b38:	20000e1c 	.word	0x20000e1c
10004b3c:	20000e44 	.word	0x20000e44
10004b40:	20000e48 	.word	0x20000e48
10004b44:	20000668 	.word	0x20000668
10004b48:	689b      	ldr	r3, [r3, #8]
10004b4a:	4299      	cmp	r1, r3
10004b4c:	d004      	beq.n	10004b58 <_malloc_r+0x338>
10004b4e:	685a      	ldr	r2, [r3, #4]
10004b50:	f022 0203 	bic.w	r2, r2, #3
10004b54:	4562      	cmp	r2, ip
10004b56:	d8f7      	bhi.n	10004b48 <_malloc_r+0x328>
10004b58:	68d9      	ldr	r1, [r3, #12]
10004b5a:	e9c4 3102 	strd	r3, r1, [r4, #8]
10004b5e:	608c      	str	r4, [r1, #8]
10004b60:	60dc      	str	r4, [r3, #12]
10004b62:	e6e8      	b.n	10004936 <_malloc_r+0x116>
10004b64:	2b14      	cmp	r3, #20
10004b66:	d963      	bls.n	10004c30 <_malloc_r+0x410>
10004b68:	2b54      	cmp	r3, #84	@ 0x54
10004b6a:	f200 80ab 	bhi.w	10004cc4 <_malloc_r+0x4a4>
10004b6e:	0b2b      	lsrs	r3, r5, #12
10004b70:	f103 006f 	add.w	r0, r3, #111	@ 0x6f
10004b74:	f103 0e6e 	add.w	lr, r3, #110	@ 0x6e
10004b78:	00c3      	lsls	r3, r0, #3
10004b7a:	e697      	b.n	100048ac <_malloc_r+0x8c>
10004b7c:	f8d4 c008 	ldr.w	ip, [r4, #8]
10004b80:	4638      	mov	r0, r7
10004b82:	1967      	adds	r7, r4, r5
10004b84:	f045 0501 	orr.w	r5, r5, #1
10004b88:	6065      	str	r5, [r4, #4]
10004b8a:	f8cc 300c 	str.w	r3, [ip, #12]
10004b8e:	f8c3 c008 	str.w	ip, [r3, #8]
10004b92:	f041 0301 	orr.w	r3, r1, #1
10004b96:	e9c6 7704 	strd	r7, r7, [r6, #16]
10004b9a:	e9c7 8802 	strd	r8, r8, [r7, #8]
10004b9e:	607b      	str	r3, [r7, #4]
10004ba0:	50a1      	str	r1, [r4, r2]
10004ba2:	3408      	adds	r4, #8
10004ba4:	f000 f8fe 	bl	10004da4 <__malloc_unlock>
10004ba8:	e6f7      	b.n	1000499a <_malloc_r+0x17a>
10004baa:	4422      	add	r2, r4
10004bac:	4638      	mov	r0, r7
10004bae:	6851      	ldr	r1, [r2, #4]
10004bb0:	f041 0101 	orr.w	r1, r1, #1
10004bb4:	6051      	str	r1, [r2, #4]
10004bb6:	f854 2f08 	ldr.w	r2, [r4, #8]!
10004bba:	60d3      	str	r3, [r2, #12]
10004bbc:	609a      	str	r2, [r3, #8]
10004bbe:	f000 f8f1 	bl	10004da4 <__malloc_unlock>
10004bc2:	e6ea      	b.n	1000499a <_malloc_r+0x17a>
10004bc4:	44a4      	add	ip, r4
10004bc6:	4638      	mov	r0, r7
10004bc8:	3408      	adds	r4, #8
10004bca:	f8dc 3004 	ldr.w	r3, [ip, #4]
10004bce:	f043 0301 	orr.w	r3, r3, #1
10004bd2:	f8cc 3004 	str.w	r3, [ip, #4]
10004bd6:	f000 f8e5 	bl	10004da4 <__malloc_unlock>
10004bda:	e6de      	b.n	1000499a <_malloc_r+0x17a>
10004bdc:	1962      	adds	r2, r4, r5
10004bde:	f043 0101 	orr.w	r1, r3, #1
10004be2:	f045 0501 	orr.w	r5, r5, #1
10004be6:	4638      	mov	r0, r7
10004be8:	6065      	str	r5, [r4, #4]
10004bea:	e9c6 2204 	strd	r2, r2, [r6, #16]
10004bee:	e9c2 8802 	strd	r8, r8, [r2, #8]
10004bf2:	6051      	str	r1, [r2, #4]
10004bf4:	f844 300c 	str.w	r3, [r4, ip]
10004bf8:	3408      	adds	r4, #8
10004bfa:	f000 f8d3 	bl	10004da4 <__malloc_unlock>
10004bfe:	e6cc      	b.n	1000499a <_malloc_r+0x17a>
10004c00:	ea4f 129c 	mov.w	r2, ip, lsr #6
10004c04:	f102 0339 	add.w	r3, r2, #57	@ 0x39
10004c08:	3238      	adds	r2, #56	@ 0x38
10004c0a:	00db      	lsls	r3, r3, #3
10004c0c:	e788      	b.n	10004b20 <_malloc_r+0x300>
10004c0e:	42b4      	cmp	r4, r6
10004c10:	d062      	beq.n	10004cd8 <_malloc_r+0x4b8>
10004c12:	68b4      	ldr	r4, [r6, #8]
10004c14:	6862      	ldr	r2, [r4, #4]
10004c16:	f022 0803 	bic.w	r8, r2, #3
10004c1a:	45a8      	cmp	r8, r5
10004c1c:	eba8 0305 	sub.w	r3, r8, r5
10004c20:	d302      	bcc.n	10004c28 <_malloc_r+0x408>
10004c22:	2b0f      	cmp	r3, #15
10004c24:	f73f af53 	bgt.w	10004ace <_malloc_r+0x2ae>
10004c28:	4638      	mov	r0, r7
10004c2a:	f000 f8bb 	bl	10004da4 <__malloc_unlock>
10004c2e:	e6b3      	b.n	10004998 <_malloc_r+0x178>
10004c30:	f103 005c 	add.w	r0, r3, #92	@ 0x5c
10004c34:	f103 0e5b 	add.w	lr, r3, #91	@ 0x5b
10004c38:	00c3      	lsls	r3, r0, #3
10004c3a:	e637      	b.n	100048ac <_malloc_r+0x8c>
10004c3c:	f85a 3908 	ldr.w	r3, [sl], #-8
10004c40:	4553      	cmp	r3, sl
10004c42:	f040 80a0 	bne.w	10004d86 <_malloc_r+0x566>
10004c46:	f010 0f03 	tst.w	r0, #3
10004c4a:	f100 30ff 	add.w	r0, r0, #4294967295	@ 0xffffffff
10004c4e:	d1f5      	bne.n	10004c3c <_malloc_r+0x41c>
10004c50:	6873      	ldr	r3, [r6, #4]
10004c52:	ea23 030c 	bic.w	r3, r3, ip
10004c56:	6073      	str	r3, [r6, #4]
10004c58:	ea4f 0c4c 	mov.w	ip, ip, lsl #1
10004c5c:	f10c 32ff 	add.w	r2, ip, #4294967295	@ 0xffffffff
10004c60:	429a      	cmp	r2, r3
10004c62:	d304      	bcc.n	10004c6e <_malloc_r+0x44e>
10004c64:	e6a3      	b.n	100049ae <_malloc_r+0x18e>
10004c66:	ea4f 0c4c 	mov.w	ip, ip, lsl #1
10004c6a:	f109 0904 	add.w	r9, r9, #4
10004c6e:	ea1c 0f03 	tst.w	ip, r3
10004c72:	d0f8      	beq.n	10004c66 <_malloc_r+0x446>
10004c74:	4648      	mov	r0, r9
10004c76:	e670      	b.n	1000495a <_malloc_r+0x13a>
10004c78:	1092      	asrs	r2, r2, #2
10004c7a:	f04f 0c01 	mov.w	ip, #1
10004c7e:	fa0c f202 	lsl.w	r2, ip, r2
10004c82:	ea4e 0e02 	orr.w	lr, lr, r2
10004c86:	f8c6 e004 	str.w	lr, [r6, #4]
10004c8a:	e766      	b.n	10004b5a <_malloc_r+0x33a>
10004c8c:	eb0a 0208 	add.w	r2, sl, r8
10004c90:	4638      	mov	r0, r7
10004c92:	ea02 020c 	and.w	r2, r2, ip
10004c96:	ebab 0b02 	sub.w	fp, fp, r2
10004c9a:	ea0b 0b0c 	and.w	fp, fp, ip
10004c9e:	4659      	mov	r1, fp
10004ca0:	f000 f8d4 	bl	10004e4c <_sbrk_r>
10004ca4:	1c43      	adds	r3, r0, #1
10004ca6:	9b01      	ldr	r3, [sp, #4]
10004ca8:	f47f aedb 	bne.w	10004a62 <_malloc_r+0x242>
10004cac:	f8dd b000 	ldr.w	fp, [sp]
10004cb0:	e6db      	b.n	10004a6a <_malloc_r+0x24a>
10004cb2:	2a54      	cmp	r2, #84	@ 0x54
10004cb4:	d82a      	bhi.n	10004d0c <_malloc_r+0x4ec>
10004cb6:	ea4f 321c 	mov.w	r2, ip, lsr #12
10004cba:	f102 036f 	add.w	r3, r2, #111	@ 0x6f
10004cbe:	326e      	adds	r2, #110	@ 0x6e
10004cc0:	00db      	lsls	r3, r3, #3
10004cc2:	e72d      	b.n	10004b20 <_malloc_r+0x300>
10004cc4:	f5b3 7faa 	cmp.w	r3, #340	@ 0x154
10004cc8:	d82a      	bhi.n	10004d20 <_malloc_r+0x500>
10004cca:	0beb      	lsrs	r3, r5, #15
10004ccc:	f103 0078 	add.w	r0, r3, #120	@ 0x78
10004cd0:	f103 0e77 	add.w	lr, r3, #119	@ 0x77
10004cd4:	00c3      	lsls	r3, r0, #3
10004cd6:	e5e9      	b.n	100048ac <_malloc_r+0x8c>
10004cd8:	4b2e      	ldr	r3, [pc, #184]	@ (10004d94 <_malloc_r+0x574>)
10004cda:	f10b 3cff 	add.w	ip, fp, #4294967295	@ 0xffffffff
10004cde:	6818      	ldr	r0, [r3, #0]
10004ce0:	4440      	add	r0, r8
10004ce2:	6018      	str	r0, [r3, #0]
10004ce4:	e69b      	b.n	10004a1e <_malloc_r+0x1fe>
10004ce6:	ea1a 0f0c 	tst.w	sl, ip
10004cea:	f47f ae98 	bne.w	10004a1e <_malloc_r+0x1fe>
10004cee:	44c8      	add	r8, r9
10004cf0:	f8d6 a008 	ldr.w	sl, [r6, #8]
10004cf4:	f048 0201 	orr.w	r2, r8, #1
10004cf8:	f8ca 2004 	str.w	r2, [sl, #4]
10004cfc:	e6d8      	b.n	10004ab0 <_malloc_r+0x290>
10004cfe:	f8c2 a000 	str.w	sl, [r2]
10004d02:	e696      	b.n	10004a32 <_malloc_r+0x212>
10004d04:	2301      	movs	r3, #1
10004d06:	f8ca 3004 	str.w	r3, [sl, #4]
10004d0a:	e78d      	b.n	10004c28 <_malloc_r+0x408>
10004d0c:	f5b2 7faa 	cmp.w	r2, #340	@ 0x154
10004d10:	d824      	bhi.n	10004d5c <_malloc_r+0x53c>
10004d12:	ea4f 32dc 	mov.w	r2, ip, lsr #15
10004d16:	f102 0378 	add.w	r3, r2, #120	@ 0x78
10004d1a:	3277      	adds	r2, #119	@ 0x77
10004d1c:	00db      	lsls	r3, r3, #3
10004d1e:	e6ff      	b.n	10004b20 <_malloc_r+0x300>
10004d20:	f240 5254 	movw	r2, #1364	@ 0x554
10004d24:	4293      	cmp	r3, r2
10004d26:	d824      	bhi.n	10004d72 <_malloc_r+0x552>
10004d28:	0cab      	lsrs	r3, r5, #18
10004d2a:	f103 007d 	add.w	r0, r3, #125	@ 0x7d
10004d2e:	f103 0e7c 	add.w	lr, r3, #124	@ 0x7c
10004d32:	00c3      	lsls	r3, r0, #3
10004d34:	e5ba      	b.n	100048ac <_malloc_r+0x8c>
10004d36:	9a00      	ldr	r2, [sp, #0]
10004d38:	f04f 0b00 	mov.w	fp, #0
10004d3c:	3a08      	subs	r2, #8
10004d3e:	4490      	add	r8, r2
10004d40:	eba8 080a 	sub.w	r8, r8, sl
10004d44:	e691      	b.n	10004a6a <_malloc_r+0x24a>
10004d46:	4638      	mov	r0, r7
10004d48:	f104 0108 	add.w	r1, r4, #8
10004d4c:	9300      	str	r3, [sp, #0]
10004d4e:	f000 f9a7 	bl	100050a0 <_free_r>
10004d52:	9b00      	ldr	r3, [sp, #0]
10004d54:	f8d6 a008 	ldr.w	sl, [r6, #8]
10004d58:	6818      	ldr	r0, [r3, #0]
10004d5a:	e6a7      	b.n	10004aac <_malloc_r+0x28c>
10004d5c:	f240 5354 	movw	r3, #1364	@ 0x554
10004d60:	429a      	cmp	r2, r3
10004d62:	d80c      	bhi.n	10004d7e <_malloc_r+0x55e>
10004d64:	ea4f 429c 	mov.w	r2, ip, lsr #18
10004d68:	f102 037d 	add.w	r3, r2, #125	@ 0x7d
10004d6c:	327c      	adds	r2, #124	@ 0x7c
10004d6e:	00db      	lsls	r3, r3, #3
10004d70:	e6d6      	b.n	10004b20 <_malloc_r+0x300>
10004d72:	f44f 737e 	mov.w	r3, #1016	@ 0x3f8
10004d76:	207f      	movs	r0, #127	@ 0x7f
10004d78:	f04f 0e7e 	mov.w	lr, #126	@ 0x7e
10004d7c:	e596      	b.n	100048ac <_malloc_r+0x8c>
10004d7e:	f44f 737e 	mov.w	r3, #1016	@ 0x3f8
10004d82:	227e      	movs	r2, #126	@ 0x7e
10004d84:	e6cc      	b.n	10004b20 <_malloc_r+0x300>
10004d86:	6873      	ldr	r3, [r6, #4]
10004d88:	e766      	b.n	10004c58 <_malloc_r+0x438>
10004d8a:	08e8      	lsrs	r0, r5, #3
10004d8c:	f105 0308 	add.w	r3, r5, #8
10004d90:	e556      	b.n	10004840 <_malloc_r+0x20>
10004d92:	bf00      	nop
10004d94:	20000e1c 	.word	0x20000e1c

10004d98 <__malloc_lock>:
10004d98:	4801      	ldr	r0, [pc, #4]	@ (10004da0 <__malloc_lock+0x8>)
10004d9a:	f000 b86f 	b.w	10004e7c <__retarget_lock_acquire_recursive>
10004d9e:	bf00      	nop
10004da0:	20000e18 	.word	0x20000e18

10004da4 <__malloc_unlock>:
10004da4:	4801      	ldr	r0, [pc, #4]	@ (10004dac <__malloc_unlock+0x8>)
10004da6:	f000 b86b 	b.w	10004e80 <__retarget_lock_release_recursive>
10004daa:	bf00      	nop
10004dac:	20000e18 	.word	0x20000e18

10004db0 <memset>:
10004db0:	0783      	lsls	r3, r0, #30
10004db2:	b530      	push	{r4, r5, lr}
10004db4:	d046      	beq.n	10004e44 <memset+0x94>
10004db6:	1884      	adds	r4, r0, r2
10004db8:	4684      	mov	ip, r0
10004dba:	e004      	b.n	10004dc6 <memset+0x16>
10004dbc:	f803 1b01 	strb.w	r1, [r3], #1
10004dc0:	079d      	lsls	r5, r3, #30
10004dc2:	d004      	beq.n	10004dce <memset+0x1e>
10004dc4:	469c      	mov	ip, r3
10004dc6:	45a4      	cmp	ip, r4
10004dc8:	4663      	mov	r3, ip
10004dca:	d1f7      	bne.n	10004dbc <memset+0xc>
10004dcc:	bd30      	pop	{r4, r5, pc}
10004dce:	3a01      	subs	r2, #1
10004dd0:	4402      	add	r2, r0
10004dd2:	eba2 020c 	sub.w	r2, r2, ip
10004dd6:	2a03      	cmp	r2, #3
10004dd8:	d929      	bls.n	10004e2e <memset+0x7e>
10004dda:	b2cc      	uxtb	r4, r1
10004ddc:	2a0f      	cmp	r2, #15
10004dde:	eb04 2404 	add.w	r4, r4, r4, lsl #8
10004de2:	eb04 4404 	add.w	r4, r4, r4, lsl #16
10004de6:	d92f      	bls.n	10004e48 <memset+0x98>
10004de8:	f1a2 0c10 	sub.w	ip, r2, #16
10004dec:	f103 0510 	add.w	r5, r3, #16
10004df0:	f02c 0c0f 	bic.w	ip, ip, #15
10004df4:	44ac      	add	ip, r5
10004df6:	e9c3 4400 	strd	r4, r4, [r3]
10004dfa:	e9c3 4402 	strd	r4, r4, [r3, #8]
10004dfe:	3310      	adds	r3, #16
10004e00:	4563      	cmp	r3, ip
10004e02:	d1f8      	bne.n	10004df6 <memset+0x46>
10004e04:	f012 0f0c 	tst.w	r2, #12
10004e08:	f002 0e0f 	and.w	lr, r2, #15
10004e0c:	d018      	beq.n	10004e40 <memset+0x90>
10004e0e:	f02e 0c03 	bic.w	ip, lr, #3
10004e12:	f1ae 0504 	sub.w	r5, lr, #4
10004e16:	461a      	mov	r2, r3
10004e18:	449c      	add	ip, r3
10004e1a:	f842 4b04 	str.w	r4, [r2], #4
10004e1e:	4562      	cmp	r2, ip
10004e20:	d1fb      	bne.n	10004e1a <memset+0x6a>
10004e22:	f025 0403 	bic.w	r4, r5, #3
10004e26:	3304      	adds	r3, #4
10004e28:	f00e 0203 	and.w	r2, lr, #3
10004e2c:	4423      	add	r3, r4
10004e2e:	2a00      	cmp	r2, #0
10004e30:	d0cc      	beq.n	10004dcc <memset+0x1c>
10004e32:	b2c9      	uxtb	r1, r1
10004e34:	441a      	add	r2, r3
10004e36:	f803 1b01 	strb.w	r1, [r3], #1
10004e3a:	4293      	cmp	r3, r2
10004e3c:	d1fb      	bne.n	10004e36 <memset+0x86>
10004e3e:	bd30      	pop	{r4, r5, pc}
10004e40:	4672      	mov	r2, lr
10004e42:	e7f4      	b.n	10004e2e <memset+0x7e>
10004e44:	4603      	mov	r3, r0
10004e46:	e7c6      	b.n	10004dd6 <memset+0x26>
10004e48:	4696      	mov	lr, r2
10004e4a:	e7e0      	b.n	10004e0e <memset+0x5e>

10004e4c <_sbrk_r>:
10004e4c:	b538      	push	{r3, r4, r5, lr}
10004e4e:	2200      	movs	r2, #0
10004e50:	4d06      	ldr	r5, [pc, #24]	@ (10004e6c <_sbrk_r+0x20>)
10004e52:	4604      	mov	r4, r0
10004e54:	4608      	mov	r0, r1
10004e56:	602a      	str	r2, [r5, #0]
10004e58:	f7ff fa2a 	bl	100042b0 <_sbrk>
10004e5c:	1c43      	adds	r3, r0, #1
10004e5e:	d000      	beq.n	10004e62 <_sbrk_r+0x16>
10004e60:	bd38      	pop	{r3, r4, r5, pc}
10004e62:	682b      	ldr	r3, [r5, #0]
10004e64:	2b00      	cmp	r3, #0
10004e66:	d0fb      	beq.n	10004e60 <_sbrk_r+0x14>
10004e68:	6023      	str	r3, [r4, #0]
10004e6a:	bd38      	pop	{r3, r4, r5, pc}
10004e6c:	20000ff4 	.word	0x20000ff4

10004e70 <__errno>:
10004e70:	4b01      	ldr	r3, [pc, #4]	@ (10004e78 <__errno+0x8>)
10004e72:	6818      	ldr	r0, [r3, #0]
10004e74:	4770      	bx	lr
10004e76:	bf00      	nop
10004e78:	20000a68 	.word	0x20000a68

10004e7c <__retarget_lock_acquire_recursive>:
10004e7c:	4770      	bx	lr
10004e7e:	bf00      	nop

10004e80 <__retarget_lock_release_recursive>:
10004e80:	4770      	bx	lr
10004e82:	bf00      	nop

10004e84 <sysconf>:
10004e84:	2808      	cmp	r0, #8
10004e86:	d102      	bne.n	10004e8e <sysconf+0xa>
10004e88:	f44f 5080 	mov.w	r0, #4096	@ 0x1000
10004e8c:	4770      	bx	lr
10004e8e:	b508      	push	{r3, lr}
10004e90:	f7ff ffee 	bl	10004e70 <__errno>
10004e94:	2216      	movs	r2, #22
10004e96:	4603      	mov	r3, r0
10004e98:	f04f 30ff 	mov.w	r0, #4294967295	@ 0xffffffff
10004e9c:	601a      	str	r2, [r3, #0]
10004e9e:	bd08      	pop	{r3, pc}

10004ea0 <memcpy>:
10004ea0:	4684      	mov	ip, r0
10004ea2:	ea41 0300 	orr.w	r3, r1, r0
10004ea6:	f013 0303 	ands.w	r3, r3, #3
10004eaa:	d149      	bne.n	10004f40 <memcpy+0xa0>
10004eac:	3a40      	subs	r2, #64	@ 0x40
10004eae:	d323      	bcc.n	10004ef8 <memcpy+0x58>
10004eb0:	680b      	ldr	r3, [r1, #0]
10004eb2:	6003      	str	r3, [r0, #0]
10004eb4:	684b      	ldr	r3, [r1, #4]
10004eb6:	6043      	str	r3, [r0, #4]
10004eb8:	688b      	ldr	r3, [r1, #8]
10004eba:	6083      	str	r3, [r0, #8]
10004ebc:	68cb      	ldr	r3, [r1, #12]
10004ebe:	60c3      	str	r3, [r0, #12]
10004ec0:	690b      	ldr	r3, [r1, #16]
10004ec2:	6103      	str	r3, [r0, #16]
10004ec4:	694b      	ldr	r3, [r1, #20]
10004ec6:	6143      	str	r3, [r0, #20]
10004ec8:	698b      	ldr	r3, [r1, #24]
10004eca:	6183      	str	r3, [r0, #24]
10004ecc:	69cb      	ldr	r3, [r1, #28]
10004ece:	61c3      	str	r3, [r0, #28]
10004ed0:	6a0b      	ldr	r3, [r1, #32]
10004ed2:	6203      	str	r3, [r0, #32]
10004ed4:	6a4b      	ldr	r3, [r1, #36]	@ 0x24
10004ed6:	6243      	str	r3, [r0, #36]	@ 0x24
10004ed8:	6a8b      	ldr	r3, [r1, #40]	@ 0x28
10004eda:	6283      	str	r3, [r0, #40]	@ 0x28
10004edc:	6acb      	ldr	r3, [r1, #44]	@ 0x2c
10004ede:	62c3      	str	r3, [r0, #44]	@ 0x2c
10004ee0:	6b0b      	ldr	r3, [r1, #48]	@ 0x30
10004ee2:	6303      	str	r3, [r0, #48]	@ 0x30
10004ee4:	6b4b      	ldr	r3, [r1, #52]	@ 0x34
10004ee6:	6343      	str	r3, [r0, #52]	@ 0x34
10004ee8:	6b8b      	ldr	r3, [r1, #56]	@ 0x38
10004eea:	6383      	str	r3, [r0, #56]	@ 0x38
10004eec:	6bcb      	ldr	r3, [r1, #60]	@ 0x3c
10004eee:	63c3      	str	r3, [r0, #60]	@ 0x3c
10004ef0:	3040      	adds	r0, #64	@ 0x40
10004ef2:	3140      	adds	r1, #64	@ 0x40
10004ef4:	3a40      	subs	r2, #64	@ 0x40
10004ef6:	d2db      	bcs.n	10004eb0 <memcpy+0x10>
10004ef8:	3230      	adds	r2, #48	@ 0x30
10004efa:	d30b      	bcc.n	10004f14 <memcpy+0x74>
10004efc:	680b      	ldr	r3, [r1, #0]
10004efe:	6003      	str	r3, [r0, #0]
10004f00:	684b      	ldr	r3, [r1, #4]
10004f02:	6043      	str	r3, [r0, #4]
10004f04:	688b      	ldr	r3, [r1, #8]
10004f06:	6083      	str	r3, [r0, #8]
10004f08:	68cb      	ldr	r3, [r1, #12]
10004f0a:	60c3      	str	r3, [r0, #12]
10004f0c:	3010      	adds	r0, #16
10004f0e:	3110      	adds	r1, #16
10004f10:	3a10      	subs	r2, #16
10004f12:	d2f3      	bcs.n	10004efc <memcpy+0x5c>
10004f14:	320c      	adds	r2, #12
10004f16:	d305      	bcc.n	10004f24 <memcpy+0x84>
10004f18:	f851 3b04 	ldr.w	r3, [r1], #4
10004f1c:	f840 3b04 	str.w	r3, [r0], #4
10004f20:	3a04      	subs	r2, #4
10004f22:	d2f9      	bcs.n	10004f18 <memcpy+0x78>
10004f24:	3204      	adds	r2, #4
10004f26:	d008      	beq.n	10004f3a <memcpy+0x9a>
10004f28:	07d2      	lsls	r2, r2, #31
10004f2a:	bf1c      	itt	ne
10004f2c:	f811 3b01 	ldrbne.w	r3, [r1], #1
10004f30:	f800 3b01 	strbne.w	r3, [r0], #1
10004f34:	d301      	bcc.n	10004f3a <memcpy+0x9a>
10004f36:	880b      	ldrh	r3, [r1, #0]
10004f38:	8003      	strh	r3, [r0, #0]
10004f3a:	4660      	mov	r0, ip
10004f3c:	4770      	bx	lr
10004f3e:	bf00      	nop
10004f40:	2a08      	cmp	r2, #8
10004f42:	d313      	bcc.n	10004f6c <memcpy+0xcc>
10004f44:	078b      	lsls	r3, r1, #30
10004f46:	d0b1      	beq.n	10004eac <memcpy+0xc>
10004f48:	f010 0303 	ands.w	r3, r0, #3
10004f4c:	d0ae      	beq.n	10004eac <memcpy+0xc>
10004f4e:	f1c3 0304 	rsb	r3, r3, #4
10004f52:	1ad2      	subs	r2, r2, r3
10004f54:	07db      	lsls	r3, r3, #31
10004f56:	bf1c      	itt	ne
10004f58:	f811 3b01 	ldrbne.w	r3, [r1], #1
10004f5c:	f800 3b01 	strbne.w	r3, [r0], #1
10004f60:	d3a4      	bcc.n	10004eac <memcpy+0xc>
10004f62:	f831 3b02 	ldrh.w	r3, [r1], #2
10004f66:	f820 3b02 	strh.w	r3, [r0], #2
10004f6a:	e79f      	b.n	10004eac <memcpy+0xc>
10004f6c:	3a04      	subs	r2, #4
10004f6e:	d3d9      	bcc.n	10004f24 <memcpy+0x84>
10004f70:	3a01      	subs	r2, #1
10004f72:	f811 3b01 	ldrb.w	r3, [r1], #1
10004f76:	f800 3b01 	strb.w	r3, [r0], #1
10004f7a:	d2f9      	bcs.n	10004f70 <memcpy+0xd0>
10004f7c:	780b      	ldrb	r3, [r1, #0]
10004f7e:	7003      	strb	r3, [r0, #0]
10004f80:	784b      	ldrb	r3, [r1, #1]
10004f82:	7043      	strb	r3, [r0, #1]
10004f84:	788b      	ldrb	r3, [r1, #2]
10004f86:	7083      	strb	r3, [r0, #2]
10004f88:	4660      	mov	r0, ip
10004f8a:	4770      	bx	lr

10004f8c <strlen>:
10004f8c:	f020 0103 	bic.w	r1, r0, #3
10004f90:	f010 0003 	ands.w	r0, r0, #3
10004f94:	f1c0 0000 	rsb	r0, r0, #0
10004f98:	f851 3b04 	ldr.w	r3, [r1], #4
10004f9c:	f100 0c04 	add.w	ip, r0, #4
10004fa0:	ea4f 0ccc 	mov.w	ip, ip, lsl #3
10004fa4:	f06f 0200 	mvn.w	r2, #0
10004fa8:	bf1c      	itt	ne
10004faa:	fa22 f20c 	lsrne.w	r2, r2, ip
10004fae:	4313      	orrne	r3, r2
10004fb0:	f04f 0c01 	mov.w	ip, #1
10004fb4:	ea4c 2c0c 	orr.w	ip, ip, ip, lsl #8
10004fb8:	ea4c 4c0c 	orr.w	ip, ip, ip, lsl #16
10004fbc:	eba3 020c 	sub.w	r2, r3, ip
10004fc0:	ea22 0203 	bic.w	r2, r2, r3
10004fc4:	ea12 12cc 	ands.w	r2, r2, ip, lsl #7
10004fc8:	bf04      	itt	eq
10004fca:	f851 3b04 	ldreq.w	r3, [r1], #4
10004fce:	3004      	addeq	r0, #4
10004fd0:	d0f4      	beq.n	10004fbc <strlen+0x30>
10004fd2:	f1c2 0100 	rsb	r1, r2, #0
10004fd6:	ea02 0201 	and.w	r2, r2, r1
10004fda:	fab2 f282 	clz	r2, r2
10004fde:	f1c2 021f 	rsb	r2, r2, #31
10004fe2:	eb00 00d2 	add.w	r0, r0, r2, lsr #3
10004fe6:	4770      	bx	lr

10004fe8 <_malloc_trim_r>:
10004fe8:	e92d 43f8 	stmdb	sp!, {r3, r4, r5, r6, r7, r8, r9, lr}
10004fec:	4606      	mov	r6, r0
10004fee:	f8df 80ac 	ldr.w	r8, [pc, #172]	@ 1000509c <_malloc_trim_r+0xb4>
10004ff2:	2008      	movs	r0, #8
10004ff4:	4689      	mov	r9, r1
10004ff6:	f7ff ff45 	bl	10004e84 <sysconf>
10004ffa:	4605      	mov	r5, r0
10004ffc:	4630      	mov	r0, r6
10004ffe:	f7ff fecb 	bl	10004d98 <__malloc_lock>
10005002:	f8d8 3008 	ldr.w	r3, [r8, #8]
10005006:	685f      	ldr	r7, [r3, #4]
10005008:	f027 0703 	bic.w	r7, r7, #3
1000500c:	f1a7 0411 	sub.w	r4, r7, #17
10005010:	eba4 0409 	sub.w	r4, r4, r9
10005014:	442c      	add	r4, r5
10005016:	fbb4 f4f5 	udiv	r4, r4, r5
1000501a:	3c01      	subs	r4, #1
1000501c:	fb05 f404 	mul.w	r4, r5, r4
10005020:	42a5      	cmp	r5, r4
10005022:	dc08      	bgt.n	10005036 <_malloc_trim_r+0x4e>
10005024:	2100      	movs	r1, #0
10005026:	4630      	mov	r0, r6
10005028:	f7ff ff10 	bl	10004e4c <_sbrk_r>
1000502c:	f8d8 3008 	ldr.w	r3, [r8, #8]
10005030:	443b      	add	r3, r7
10005032:	4298      	cmp	r0, r3
10005034:	d005      	beq.n	10005042 <_malloc_trim_r+0x5a>
10005036:	4630      	mov	r0, r6
10005038:	f7ff feb4 	bl	10004da4 <__malloc_unlock>
1000503c:	2000      	movs	r0, #0
1000503e:	e8bd 83f8 	ldmia.w	sp!, {r3, r4, r5, r6, r7, r8, r9, pc}
10005042:	4261      	negs	r1, r4
10005044:	4630      	mov	r0, r6
10005046:	f7ff ff01 	bl	10004e4c <_sbrk_r>
1000504a:	3001      	adds	r0, #1
1000504c:	d00f      	beq.n	1000506e <_malloc_trim_r+0x86>
1000504e:	1b3f      	subs	r7, r7, r4
10005050:	4a10      	ldr	r2, [pc, #64]	@ (10005094 <_malloc_trim_r+0xac>)
10005052:	f8d8 3008 	ldr.w	r3, [r8, #8]
10005056:	4630      	mov	r0, r6
10005058:	f047 0701 	orr.w	r7, r7, #1
1000505c:	605f      	str	r7, [r3, #4]
1000505e:	6813      	ldr	r3, [r2, #0]
10005060:	1b1b      	subs	r3, r3, r4
10005062:	6013      	str	r3, [r2, #0]
10005064:	f7ff fe9e 	bl	10004da4 <__malloc_unlock>
10005068:	2001      	movs	r0, #1
1000506a:	e8bd 83f8 	ldmia.w	sp!, {r3, r4, r5, r6, r7, r8, r9, pc}
1000506e:	2100      	movs	r1, #0
10005070:	4630      	mov	r0, r6
10005072:	f7ff feeb 	bl	10004e4c <_sbrk_r>
10005076:	f8d8 2008 	ldr.w	r2, [r8, #8]
1000507a:	1a83      	subs	r3, r0, r2
1000507c:	2b0f      	cmp	r3, #15
1000507e:	ddda      	ble.n	10005036 <_malloc_trim_r+0x4e>
10005080:	f043 0301 	orr.w	r3, r3, #1
10005084:	4903      	ldr	r1, [pc, #12]	@ (10005094 <_malloc_trim_r+0xac>)
10005086:	6053      	str	r3, [r2, #4]
10005088:	4b03      	ldr	r3, [pc, #12]	@ (10005098 <_malloc_trim_r+0xb0>)
1000508a:	681b      	ldr	r3, [r3, #0]
1000508c:	1ac0      	subs	r0, r0, r3
1000508e:	6008      	str	r0, [r1, #0]
10005090:	e7d1      	b.n	10005036 <_malloc_trim_r+0x4e>
10005092:	bf00      	nop
10005094:	20000e1c 	.word	0x20000e1c
10005098:	20000658 	.word	0x20000658
1000509c:	20000660 	.word	0x20000660

100050a0 <_free_r>:
100050a0:	2900      	cmp	r1, #0
100050a2:	d05a      	beq.n	1000515a <_free_r+0xba>
100050a4:	b5f8      	push	{r3, r4, r5, r6, r7, lr}
100050a6:	460c      	mov	r4, r1
100050a8:	4607      	mov	r7, r0
100050aa:	f7ff fe75 	bl	10004d98 <__malloc_lock>
100050ae:	4d73      	ldr	r5, [pc, #460]	@ (1000527c <_free_r+0x1dc>)
100050b0:	f854 cc04 	ldr.w	ip, [r4, #-4]
100050b4:	f1a4 0208 	sub.w	r2, r4, #8
100050b8:	68a8      	ldr	r0, [r5, #8]
100050ba:	f02c 0301 	bic.w	r3, ip, #1
100050be:	f00c 0e01 	and.w	lr, ip, #1
100050c2:	18d1      	adds	r1, r2, r3
100050c4:	684e      	ldr	r6, [r1, #4]
100050c6:	4288      	cmp	r0, r1
100050c8:	f026 0603 	bic.w	r6, r6, #3
100050cc:	d07c      	beq.n	100051c8 <_free_r+0x128>
100050ce:	1988      	adds	r0, r1, r6
100050d0:	604e      	str	r6, [r1, #4]
100050d2:	6840      	ldr	r0, [r0, #4]
100050d4:	f000 0001 	and.w	r0, r0, #1
100050d8:	f1be 0f00 	cmp.w	lr, #0
100050dc:	d12e      	bne.n	1000513c <_free_r+0x9c>
100050de:	f854 4c08 	ldr.w	r4, [r4, #-8]
100050e2:	f105 0c08 	add.w	ip, r5, #8
100050e6:	1b12      	subs	r2, r2, r4
100050e8:	4423      	add	r3, r4
100050ea:	6894      	ldr	r4, [r2, #8]
100050ec:	4564      	cmp	r4, ip
100050ee:	d060      	beq.n	100051b2 <_free_r+0x112>
100050f0:	f8d2 e00c 	ldr.w	lr, [r2, #12]
100050f4:	f8c4 e00c 	str.w	lr, [r4, #12]
100050f8:	f8ce 4008 	str.w	r4, [lr, #8]
100050fc:	2800      	cmp	r0, #0
100050fe:	d07d      	beq.n	100051fc <_free_r+0x15c>
10005100:	f043 0001 	orr.w	r0, r3, #1
10005104:	6050      	str	r0, [r2, #4]
10005106:	600b      	str	r3, [r1, #0]
10005108:	f5b3 7f00 	cmp.w	r3, #512	@ 0x200
1000510c:	d22e      	bcs.n	1000516c <_free_r+0xcc>
1000510e:	0958      	lsrs	r0, r3, #5
10005110:	08d9      	lsrs	r1, r3, #3
10005112:	2301      	movs	r3, #1
10005114:	4083      	lsls	r3, r0
10005116:	6868      	ldr	r0, [r5, #4]
10005118:	3101      	adds	r1, #1
1000511a:	4303      	orrs	r3, r0
1000511c:	f855 0031 	ldr.w	r0, [r5, r1, lsl #3]
10005120:	606b      	str	r3, [r5, #4]
10005122:	eb05 03c1 	add.w	r3, r5, r1, lsl #3
10005126:	3b08      	subs	r3, #8
10005128:	e9c2 0302 	strd	r0, r3, [r2, #8]
1000512c:	f845 2031 	str.w	r2, [r5, r1, lsl #3]
10005130:	60c2      	str	r2, [r0, #12]
10005132:	4638      	mov	r0, r7
10005134:	e8bd 40f8 	ldmia.w	sp!, {r3, r4, r5, r6, r7, lr}
10005138:	f7ff be34 	b.w	10004da4 <__malloc_unlock>
1000513c:	b970      	cbnz	r0, 1000515c <_free_r+0xbc>
1000513e:	4433      	add	r3, r6
10005140:	f105 0c08 	add.w	ip, r5, #8
10005144:	6888      	ldr	r0, [r1, #8]
10005146:	f043 0401 	orr.w	r4, r3, #1
1000514a:	4560      	cmp	r0, ip
1000514c:	d06e      	beq.n	1000522c <_free_r+0x18c>
1000514e:	68c9      	ldr	r1, [r1, #12]
10005150:	60c1      	str	r1, [r0, #12]
10005152:	6088      	str	r0, [r1, #8]
10005154:	6054      	str	r4, [r2, #4]
10005156:	50d3      	str	r3, [r2, r3]
10005158:	e7d6      	b.n	10005108 <_free_r+0x68>
1000515a:	4770      	bx	lr
1000515c:	f04c 0101 	orr.w	r1, ip, #1
10005160:	f5b3 7f00 	cmp.w	r3, #512	@ 0x200
10005164:	f844 1c04 	str.w	r1, [r4, #-4]
10005168:	50d3      	str	r3, [r2, r3]
1000516a:	d3d0      	bcc.n	1000510e <_free_r+0x6e>
1000516c:	f5b3 6f20 	cmp.w	r3, #2560	@ 0xa00
10005170:	ea4f 2153 	mov.w	r1, r3, lsr #9
10005174:	d244      	bcs.n	10005200 <_free_r+0x160>
10005176:	0999      	lsrs	r1, r3, #6
10005178:	f101 0039 	add.w	r0, r1, #57	@ 0x39
1000517c:	f101 0438 	add.w	r4, r1, #56	@ 0x38
10005180:	00c1      	lsls	r1, r0, #3
10005182:	1868      	adds	r0, r5, r1
10005184:	5869      	ldr	r1, [r5, r1]
10005186:	3808      	subs	r0, #8
10005188:	4288      	cmp	r0, r1
1000518a:	d103      	bne.n	10005194 <_free_r+0xf4>
1000518c:	e055      	b.n	1000523a <_free_r+0x19a>
1000518e:	6889      	ldr	r1, [r1, #8]
10005190:	4288      	cmp	r0, r1
10005192:	d004      	beq.n	1000519e <_free_r+0xfe>
10005194:	684c      	ldr	r4, [r1, #4]
10005196:	f024 0403 	bic.w	r4, r4, #3
1000519a:	429c      	cmp	r4, r3
1000519c:	d8f7      	bhi.n	1000518e <_free_r+0xee>
1000519e:	68c8      	ldr	r0, [r1, #12]
100051a0:	e9c2 1002 	strd	r1, r0, [r2, #8]
100051a4:	6082      	str	r2, [r0, #8]
100051a6:	4638      	mov	r0, r7
100051a8:	60ca      	str	r2, [r1, #12]
100051aa:	e8bd 40f8 	ldmia.w	sp!, {r3, r4, r5, r6, r7, lr}
100051ae:	f7ff bdf9 	b.w	10004da4 <__malloc_unlock>
100051b2:	bb80      	cbnz	r0, 10005216 <_free_r+0x176>
100051b4:	441e      	add	r6, r3
100051b6:	e9d1 1302 	ldrd	r1, r3, [r1, #8]
100051ba:	60cb      	str	r3, [r1, #12]
100051bc:	6099      	str	r1, [r3, #8]
100051be:	f046 0301 	orr.w	r3, r6, #1
100051c2:	6053      	str	r3, [r2, #4]
100051c4:	5196      	str	r6, [r2, r6]
100051c6:	e7b4      	b.n	10005132 <_free_r+0x92>
100051c8:	441e      	add	r6, r3
100051ca:	f1be 0f00 	cmp.w	lr, #0
100051ce:	d107      	bne.n	100051e0 <_free_r+0x140>
100051d0:	f854 3c08 	ldr.w	r3, [r4, #-8]
100051d4:	1ad2      	subs	r2, r2, r3
100051d6:	441e      	add	r6, r3
100051d8:	e9d2 1302 	ldrd	r1, r3, [r2, #8]
100051dc:	60cb      	str	r3, [r1, #12]
100051de:	6099      	str	r1, [r3, #8]
100051e0:	f046 0301 	orr.w	r3, r6, #1
100051e4:	6053      	str	r3, [r2, #4]
100051e6:	4b26      	ldr	r3, [pc, #152]	@ (10005280 <_free_r+0x1e0>)
100051e8:	60aa      	str	r2, [r5, #8]
100051ea:	681b      	ldr	r3, [r3, #0]
100051ec:	42b3      	cmp	r3, r6
100051ee:	d8a0      	bhi.n	10005132 <_free_r+0x92>
100051f0:	4b24      	ldr	r3, [pc, #144]	@ (10005284 <_free_r+0x1e4>)
100051f2:	4638      	mov	r0, r7
100051f4:	6819      	ldr	r1, [r3, #0]
100051f6:	f7ff fef7 	bl	10004fe8 <_malloc_trim_r>
100051fa:	e79a      	b.n	10005132 <_free_r+0x92>
100051fc:	4433      	add	r3, r6
100051fe:	e7a1      	b.n	10005144 <_free_r+0xa4>
10005200:	2914      	cmp	r1, #20
10005202:	d90d      	bls.n	10005220 <_free_r+0x180>
10005204:	2954      	cmp	r1, #84	@ 0x54
10005206:	d81f      	bhi.n	10005248 <_free_r+0x1a8>
10005208:	0b19      	lsrs	r1, r3, #12
1000520a:	f101 006f 	add.w	r0, r1, #111	@ 0x6f
1000520e:	f101 046e 	add.w	r4, r1, #110	@ 0x6e
10005212:	00c1      	lsls	r1, r0, #3
10005214:	e7b5      	b.n	10005182 <_free_r+0xe2>
10005216:	f043 0001 	orr.w	r0, r3, #1
1000521a:	6050      	str	r0, [r2, #4]
1000521c:	600b      	str	r3, [r1, #0]
1000521e:	e788      	b.n	10005132 <_free_r+0x92>
10005220:	f101 005c 	add.w	r0, r1, #92	@ 0x5c
10005224:	f101 045b 	add.w	r4, r1, #91	@ 0x5b
10005228:	00c1      	lsls	r1, r0, #3
1000522a:	e7aa      	b.n	10005182 <_free_r+0xe2>
1000522c:	e9c5 2204 	strd	r2, r2, [r5, #16]
10005230:	e9c2 cc02 	strd	ip, ip, [r2, #8]
10005234:	6054      	str	r4, [r2, #4]
10005236:	50d3      	str	r3, [r2, r3]
10005238:	e77b      	b.n	10005132 <_free_r+0x92>
1000523a:	10a4      	asrs	r4, r4, #2
1000523c:	2301      	movs	r3, #1
1000523e:	40a3      	lsls	r3, r4
10005240:	686c      	ldr	r4, [r5, #4]
10005242:	4323      	orrs	r3, r4
10005244:	606b      	str	r3, [r5, #4]
10005246:	e7ab      	b.n	100051a0 <_free_r+0x100>
10005248:	f5b1 7faa 	cmp.w	r1, #340	@ 0x154
1000524c:	d806      	bhi.n	1000525c <_free_r+0x1bc>
1000524e:	0bd9      	lsrs	r1, r3, #15
10005250:	f101 0078 	add.w	r0, r1, #120	@ 0x78
10005254:	f101 0477 	add.w	r4, r1, #119	@ 0x77
10005258:	00c1      	lsls	r1, r0, #3
1000525a:	e792      	b.n	10005182 <_free_r+0xe2>
1000525c:	f240 5054 	movw	r0, #1364	@ 0x554
10005260:	4281      	cmp	r1, r0
10005262:	d806      	bhi.n	10005272 <_free_r+0x1d2>
10005264:	0c99      	lsrs	r1, r3, #18
10005266:	f101 007d 	add.w	r0, r1, #125	@ 0x7d
1000526a:	f101 047c 	add.w	r4, r1, #124	@ 0x7c
1000526e:	00c1      	lsls	r1, r0, #3
10005270:	e787      	b.n	10005182 <_free_r+0xe2>
10005272:	f44f 717e 	mov.w	r1, #1016	@ 0x3f8
10005276:	247e      	movs	r4, #126	@ 0x7e
10005278:	e783      	b.n	10005182 <_free_r+0xe2>
1000527a:	bf00      	nop
1000527c:	20000660 	.word	0x20000660
10005280:	2000065c 	.word	0x2000065c
10005284:	20000e4c 	.word	0x20000e4c

10005288 <_fini>:
10005288:	b5f8      	push	{r3, r4, r5, r6, r7, lr}
1000528a:	bf00      	nop
1000528c:	0000      	movs	r0, r0
	...

10005290 <____aeabi_uldivmod_veneer>:
10005290:	f85f f000 	ldr.w	pc, [pc]	@ 10005294 <____aeabi_uldivmod_veneer+0x4>
10005294:	200002a1 	.word	0x200002a1

10005298 <__mutex_exit_veneer>:
10005298:	f85f f000 	ldr.w	pc, [pc]	@ 1000529c <__mutex_exit_veneer+0x4>
1000529c:	20000265 	.word	0x20000265

100052a0 <__mutex_enter_blocking_veneer>:
100052a0:	f85f f000 	ldr.w	pc, [pc]	@ 100052a4 <__mutex_enter_blocking_veneer+0x4>
100052a4:	20000111 	.word	0x20000111

100052a8 <__mutex_try_enter_block_until_veneer>:
100052a8:	f85f f000 	ldr.w	pc, [pc]	@ 100052ac <__mutex_try_enter_block_until_veneer+0x4>
100052ac:	200001fd 	.word	0x200001fd

100052b0 <__pre_init_runtime_init_bootrom_reset>:
100052b0:	10002725                                %'..

100052b4 <__pre_init_runtime_init_early_resets>:
100052b4:	10002699                                .&..

100052b8 <__pre_init_runtime_init_usb_power_down>:
100052b8:	100026cd                                .&..

100052bc <__pre_init_runtime_init_clocks>:
100052bc:	100027b9                                .'..

100052c0 <__pre_init_runtime_init_post_clock_resets>:
100052c0:	10002705                                .'..

100052c4 <__pre_init_runtime_init_boot_locks_reset>:
100052c4:	1000261d                                .&..

100052c8 <__pre_init_runtime_init_spin_locks_reset>:
100052c8:	1000274d                                M'..

100052cc <__pre_init_runtime_init_bootrom_locking_enable>:
100052cc:	10002609                                .&..

100052d0 <__pre_init_runtime_init_mutex>:
100052d0:	100018b1                                ....

100052d4 <__pre_init_runtime_init_install_ram_vector_table>:
100052d4:	10002751                                Q'..

100052d8 <__pre_init_runtime_init_default_alarm_pool>:
100052d8:	10001c29                                )...

100052dc <__pre_init_first_per_core_initializer>:
100052dc:	10002669                                i&..

100052e0 <__pre_init_runtime_init_per_core_bootrom_reset>:
100052e0:	10002739                                9'..

100052e4 <__pre_init_runtime_init_per_core_enable_coprocessors>:
100052e4:	100026e9                                .&..

100052e8 <__pre_init_spinlock_set_extexclall>:
100052e8:	100017b1                                ....

100052ec <__pre_init_runtime_init_per_core_irq_priorities>:
100052ec:	100017d9                                ....

100052f0 <__frame_dummy_init_array_entry>:
100052f0:	10000211                                ....

Disassembly of section .data:

20000110 <mutex_enter_blocking>:
20000110:	f04f 4350 	mov.w	r3, #3489660928	@ 0xd0000000
20000114:	b510      	push	{r4, lr}
20000116:	6802      	ldr	r2, [r0, #0]
20000118:	f993 4000 	ldrsb.w	r4, [r3]
2000011c:	f3ef 8310 	mrs	r3, PRIMASK
20000120:	b672      	cpsid	i
20000122:	e8d2 cfcf 	ldaexb	ip, [r2]
20000126:	2101      	movs	r1, #1
20000128:	f1bc 0f00 	cmp.w	ip, #0
2000012c:	d1f9      	bne.n	20000122 <mutex_enter_blocking+0x12>
2000012e:	e8c2 1f4c 	strexb	ip, r1, [r2]
20000132:	f1bc 0f00 	cmp.w	ip, #0
20000136:	d1f4      	bne.n	20000122 <mutex_enter_blocking+0x12>
20000138:	f3bf 8f5f 	dmb	sy
2000013c:	f990 2004 	ldrsb.w	r2, [r0, #4]
20000140:	2a00      	cmp	r2, #0
20000142:	db1c      	blt.n	2000017e <mutex_enter_blocking+0x6e>
20000144:	2100      	movs	r1, #0
20000146:	6802      	ldr	r2, [r0, #0]
20000148:	e8c2 1f8f 	stlb	r1, [r2]
2000014c:	f383 8810 	msr	PRIMASK, r3
20000150:	bf20      	wfe
20000152:	6802      	ldr	r2, [r0, #0]
20000154:	f3ef 8310 	mrs	r3, PRIMASK
20000158:	b672      	cpsid	i
2000015a:	e8d2 efcf 	ldaexb	lr, [r2]
2000015e:	f05f 0c01 	movs.w	ip, #1
20000162:	f1be 0f00 	cmp.w	lr, #0
20000166:	d1f8      	bne.n	2000015a <mutex_enter_blocking+0x4a>
20000168:	e8c2 cf4e 	strexb	lr, ip, [r2]
2000016c:	f1be 0f00 	cmp.w	lr, #0
20000170:	d1f3      	bne.n	2000015a <mutex_enter_blocking+0x4a>
20000172:	f3bf 8f5f 	dmb	sy
20000176:	f990 2004 	ldrsb.w	r2, [r0, #4]
2000017a:	2a00      	cmp	r2, #0
2000017c:	dae3      	bge.n	20000146 <mutex_enter_blocking+0x36>
2000017e:	2200      	movs	r2, #0
20000180:	6801      	ldr	r1, [r0, #0]
20000182:	7104      	strb	r4, [r0, #4]
20000184:	e8c1 2f8f 	stlb	r2, [r1]
20000188:	f383 8810 	msr	PRIMASK, r3
2000018c:	bd10      	pop	{r4, pc}
2000018e:	bf00      	nop

20000190 <mutex_enter_block_until>:
20000190:	f04f 4150 	mov.w	r1, #3489660928	@ 0xd0000000
20000194:	e92d 41f0 	stmdb	sp!, {r4, r5, r6, r7, r8, lr}
20000198:	2700      	movs	r7, #0
2000019a:	4604      	mov	r4, r0
2000019c:	4616      	mov	r6, r2
2000019e:	461d      	mov	r5, r3
200001a0:	f8d1 8000 	ldr.w	r8, [r1]
200001a4:	e008      	b.n	200001b8 <mutex_enter_block_until+0x28>
200001a6:	e8c1 7f8f 	stlb	r7, [r1]
200001aa:	f38c 8810 	msr	PRIMASK, ip
200001ae:	4630      	mov	r0, r6
200001b0:	4629      	mov	r1, r5
200001b2:	f000 fa35 	bl	20000620 <__best_effort_wfe_or_timeout_veneer>
200001b6:	b9e8      	cbnz	r0, 200001f4 <mutex_enter_block_until+0x64>
200001b8:	6821      	ldr	r1, [r4, #0]
200001ba:	f3ef 8c10 	mrs	ip, PRIMASK
200001be:	b672      	cpsid	i
200001c0:	e8d1 2fcf 	ldaexb	r2, [r1]
200001c4:	2301      	movs	r3, #1
200001c6:	2a00      	cmp	r2, #0
200001c8:	d1fa      	bne.n	200001c0 <mutex_enter_block_until+0x30>
200001ca:	e8c1 3f42 	strexb	r2, r3, [r1]
200001ce:	2a00      	cmp	r2, #0
200001d0:	d1f6      	bne.n	200001c0 <mutex_enter_block_until+0x30>
200001d2:	f3bf 8f5f 	dmb	sy
200001d6:	f994 3004 	ldrsb.w	r3, [r4, #4]
200001da:	6821      	ldr	r1, [r4, #0]
200001dc:	2b00      	cmp	r3, #0
200001de:	dae2      	bge.n	200001a6 <mutex_enter_block_until+0x16>
200001e0:	2300      	movs	r3, #0
200001e2:	f884 8004 	strb.w	r8, [r4, #4]
200001e6:	e8c1 3f8f 	stlb	r3, [r1]
200001ea:	f38c 8810 	msr	PRIMASK, ip
200001ee:	2001      	movs	r0, #1
200001f0:	e8bd 81f0 	ldmia.w	sp!, {r4, r5, r6, r7, r8, pc}
200001f4:	2000      	movs	r0, #0
200001f6:	e8bd 81f0 	ldmia.w	sp!, {r4, r5, r6, r7, r8, pc}
200001fa:	bf00      	nop

200001fc <mutex_try_enter_block_until>:
200001fc:	b530      	push	{r4, r5, lr}
200001fe:	6804      	ldr	r4, [r0, #0]
20000200:	f3ef 8c10 	mrs	ip, PRIMASK
20000204:	b672      	cpsid	i
20000206:	e8d4 efcf 	ldaexb	lr, [r4]
2000020a:	2501      	movs	r5, #1
2000020c:	f1be 0f00 	cmp.w	lr, #0
20000210:	d1f9      	bne.n	20000206 <mutex_try_enter_block_until+0xa>
20000212:	e8c4 5f4e 	strexb	lr, r5, [r4]
20000216:	f1be 0f00 	cmp.w	lr, #0
2000021a:	d1f4      	bne.n	20000206 <mutex_try_enter_block_until+0xa>
2000021c:	f3bf 8f5f 	dmb	sy
20000220:	f990 4004 	ldrsb.w	r4, [r0, #4]
20000224:	6805      	ldr	r5, [r0, #0]
20000226:	2c00      	cmp	r4, #0
20000228:	db10      	blt.n	2000024c <mutex_try_enter_block_until+0x50>
2000022a:	2100      	movs	r1, #0
2000022c:	e8c5 1f8f 	stlb	r1, [r5]
20000230:	f38c 8810 	msr	PRIMASK, ip
20000234:	f04f 4550 	mov.w	r5, #3489660928	@ 0xd0000000
20000238:	f995 5000 	ldrsb.w	r5, [r5]
2000023c:	42a5      	cmp	r5, r4
2000023e:	d101      	bne.n	20000244 <mutex_try_enter_block_until+0x48>
20000240:	4608      	mov	r0, r1
20000242:	bd30      	pop	{r4, r5, pc}
20000244:	e8bd 4030 	ldmia.w	sp!, {r4, r5, lr}
20000248:	f7ff bfa2 	b.w	20000190 <mutex_enter_block_until>
2000024c:	f04f 4250 	mov.w	r2, #3489660928	@ 0xd0000000
20000250:	6812      	ldr	r2, [r2, #0]
20000252:	2300      	movs	r3, #0
20000254:	7102      	strb	r2, [r0, #4]
20000256:	e8c5 3f8f 	stlb	r3, [r5]
2000025a:	f38c 8810 	msr	PRIMASK, ip
2000025e:	2001      	movs	r0, #1
20000260:	bd30      	pop	{r4, r5, pc}
20000262:	bf00      	nop

20000264 <mutex_exit>:
20000264:	6803      	ldr	r3, [r0, #0]
20000266:	f3ef 8210 	mrs	r2, PRIMASK
2000026a:	b672      	cpsid	i
2000026c:	e8d3 cfcf 	ldaexb	ip, [r3]
20000270:	2101      	movs	r1, #1
20000272:	f1bc 0f00 	cmp.w	ip, #0
20000276:	d1f9      	bne.n	2000026c <mutex_exit+0x8>
20000278:	e8c3 1f4c 	strexb	ip, r1, [r3]
2000027c:	f1bc 0f00 	cmp.w	ip, #0
20000280:	d1f4      	bne.n	2000026c <mutex_exit+0x8>
20000282:	f3bf 8f5f 	dmb	sy
20000286:	f04f 0cff 	mov.w	ip, #255	@ 0xff
2000028a:	2300      	movs	r3, #0
2000028c:	6801      	ldr	r1, [r0, #0]
2000028e:	f880 c004 	strb.w	ip, [r0, #4]
20000292:	e8c1 3f8f 	stlb	r3, [r1]
20000296:	f382 8810 	msr	PRIMASK, r2
2000029a:	bf40      	sev
2000029c:	4770      	bx	lr
2000029e:	bf00      	nop

200002a0 <__aeabi_uldivmod>:
200002a0:	b953      	cbnz	r3, 200002b8 <__aeabi_uldivmod+0x18>
200002a2:	b94a      	cbnz	r2, 200002b8 <__aeabi_uldivmod+0x18>
200002a4:	2900      	cmp	r1, #0
200002a6:	bf08      	it	eq
200002a8:	2800      	cmpeq	r0, #0
200002aa:	bf1c      	itt	ne
200002ac:	f04f 31ff 	movne.w	r1, #4294967295	@ 0xffffffff
200002b0:	f04f 30ff 	movne.w	r0, #4294967295	@ 0xffffffff
200002b4:	f000 b9b2 	b.w	2000061c <__aeabi_idiv0>
200002b8:	f1ad 0c08 	sub.w	ip, sp, #8
200002bc:	e96d ce04 	strd	ip, lr, [sp, #-16]!
200002c0:	f000 f806 	bl	200002d0 <__udivmoddi4>
200002c4:	f8dd e004 	ldr.w	lr, [sp, #4]
200002c8:	e9dd 2302 	ldrd	r2, r3, [sp, #8]
200002cc:	b004      	add	sp, #16
200002ce:	4770      	bx	lr

200002d0 <__udivmoddi4>:
200002d0:	e92d 4ff0 	stmdb	sp!, {r4, r5, r6, r7, r8, r9, sl, fp, lr}
200002d4:	468c      	mov	ip, r1
200002d6:	9e09      	ldr	r6, [sp, #36]	@ 0x24
200002d8:	4604      	mov	r4, r0
200002da:	460f      	mov	r7, r1
200002dc:	2b00      	cmp	r3, #0
200002de:	d148      	bne.n	20000372 <__udivmoddi4+0xa2>
200002e0:	428a      	cmp	r2, r1
200002e2:	4615      	mov	r5, r2
200002e4:	d95e      	bls.n	200003a4 <__udivmoddi4+0xd4>
200002e6:	fab2 f382 	clz	r3, r2
200002ea:	b13b      	cbz	r3, 200002fc <__udivmoddi4+0x2c>
200002ec:	f1c3 0220 	rsb	r2, r3, #32
200002f0:	409f      	lsls	r7, r3
200002f2:	409d      	lsls	r5, r3
200002f4:	409c      	lsls	r4, r3
200002f6:	fa20 f202 	lsr.w	r2, r0, r2
200002fa:	4317      	orrs	r7, r2
200002fc:	ea4f 4e15 	mov.w	lr, r5, lsr #16
20000300:	fa1f fc85 	uxth.w	ip, r5
20000304:	0c22      	lsrs	r2, r4, #16
20000306:	fbb7 f1fe 	udiv	r1, r7, lr
2000030a:	fb0e 7711 	mls	r7, lr, r1, r7
2000030e:	fb01 f00c 	mul.w	r0, r1, ip
20000312:	ea42 4207 	orr.w	r2, r2, r7, lsl #16
20000316:	4290      	cmp	r0, r2
20000318:	d907      	bls.n	2000032a <__udivmoddi4+0x5a>
2000031a:	18aa      	adds	r2, r5, r2
2000031c:	f101 37ff 	add.w	r7, r1, #4294967295	@ 0xffffffff
20000320:	d202      	bcs.n	20000328 <__udivmoddi4+0x58>
20000322:	4290      	cmp	r0, r2
20000324:	f200 8158 	bhi.w	200005d8 <__udivmoddi4+0x308>
20000328:	4639      	mov	r1, r7
2000032a:	1a12      	subs	r2, r2, r0
2000032c:	b2a4      	uxth	r4, r4
2000032e:	fbb2 f0fe 	udiv	r0, r2, lr
20000332:	fb0e 2210 	mls	r2, lr, r0, r2
20000336:	fb00 fc0c 	mul.w	ip, r0, ip
2000033a:	ea44 4402 	orr.w	r4, r4, r2, lsl #16
2000033e:	45a4      	cmp	ip, r4
20000340:	d90b      	bls.n	2000035a <__udivmoddi4+0x8a>
20000342:	192c      	adds	r4, r5, r4
20000344:	f100 32ff 	add.w	r2, r0, #4294967295	@ 0xffffffff
20000348:	bf2c      	ite	cs
2000034a:	2701      	movcs	r7, #1
2000034c:	2700      	movcc	r7, #0
2000034e:	45a4      	cmp	ip, r4
20000350:	d902      	bls.n	20000358 <__udivmoddi4+0x88>
20000352:	2f00      	cmp	r7, #0
20000354:	f000 8143 	beq.w	200005de <__udivmoddi4+0x30e>
20000358:	4610      	mov	r0, r2
2000035a:	ea40 4001 	orr.w	r0, r0, r1, lsl #16
2000035e:	eba4 040c 	sub.w	r4, r4, ip
20000362:	2100      	movs	r1, #0
20000364:	b11e      	cbz	r6, 2000036e <__udivmoddi4+0x9e>
20000366:	40dc      	lsrs	r4, r3
20000368:	2300      	movs	r3, #0
2000036a:	e9c6 4300 	strd	r4, r3, [r6]
2000036e:	e8bd 8ff0 	ldmia.w	sp!, {r4, r5, r6, r7, r8, r9, sl, fp, pc}
20000372:	428b      	cmp	r3, r1
20000374:	d906      	bls.n	20000384 <__udivmoddi4+0xb4>
20000376:	b10e      	cbz	r6, 2000037c <__udivmoddi4+0xac>
20000378:	e9c6 0100 	strd	r0, r1, [r6]
2000037c:	2100      	movs	r1, #0
2000037e:	4608      	mov	r0, r1
20000380:	e8bd 8ff0 	ldmia.w	sp!, {r4, r5, r6, r7, r8, r9, sl, fp, pc}
20000384:	fab3 f183 	clz	r1, r3
20000388:	2900      	cmp	r1, #0
2000038a:	d151      	bne.n	20000430 <__udivmoddi4+0x160>
2000038c:	4563      	cmp	r3, ip
2000038e:	f0c0 8116 	bcc.w	200005be <__udivmoddi4+0x2ee>
20000392:	4282      	cmp	r2, r0
20000394:	f240 8113 	bls.w	200005be <__udivmoddi4+0x2ee>
20000398:	4608      	mov	r0, r1
2000039a:	2e00      	cmp	r6, #0
2000039c:	d0e7      	beq.n	2000036e <__udivmoddi4+0x9e>
2000039e:	e9c6 4700 	strd	r4, r7, [r6]
200003a2:	e7e4      	b.n	2000036e <__udivmoddi4+0x9e>
200003a4:	2a00      	cmp	r2, #0
200003a6:	f000 80af 	beq.w	20000508 <__udivmoddi4+0x238>
200003aa:	fab2 f382 	clz	r3, r2
200003ae:	2b00      	cmp	r3, #0
200003b0:	f040 80c2 	bne.w	20000538 <__udivmoddi4+0x268>
200003b4:	1a8a      	subs	r2, r1, r2
200003b6:	ea4f 4e15 	mov.w	lr, r5, lsr #16
200003ba:	b2af      	uxth	r7, r5
200003bc:	2101      	movs	r1, #1
200003be:	0c20      	lsrs	r0, r4, #16
200003c0:	fbb2 fcfe 	udiv	ip, r2, lr
200003c4:	fb0e 221c 	mls	r2, lr, ip, r2
200003c8:	ea40 4202 	orr.w	r2, r0, r2, lsl #16
200003cc:	fb07 f00c 	mul.w	r0, r7, ip
200003d0:	4290      	cmp	r0, r2
200003d2:	d90e      	bls.n	200003f2 <__udivmoddi4+0x122>
200003d4:	18aa      	adds	r2, r5, r2
200003d6:	f10c 38ff 	add.w	r8, ip, #4294967295	@ 0xffffffff
200003da:	bf2c      	ite	cs
200003dc:	f04f 0901 	movcs.w	r9, #1
200003e0:	f04f 0900 	movcc.w	r9, #0
200003e4:	4290      	cmp	r0, r2
200003e6:	d903      	bls.n	200003f0 <__udivmoddi4+0x120>
200003e8:	f1b9 0f00 	cmp.w	r9, #0
200003ec:	f000 80f0 	beq.w	200005d0 <__udivmoddi4+0x300>
200003f0:	46c4      	mov	ip, r8
200003f2:	1a12      	subs	r2, r2, r0
200003f4:	b2a4      	uxth	r4, r4
200003f6:	fbb2 f0fe 	udiv	r0, r2, lr
200003fa:	fb0e 2210 	mls	r2, lr, r0, r2
200003fe:	fb00 f707 	mul.w	r7, r0, r7
20000402:	ea44 4402 	orr.w	r4, r4, r2, lsl #16
20000406:	42a7      	cmp	r7, r4
20000408:	d90e      	bls.n	20000428 <__udivmoddi4+0x158>
2000040a:	192c      	adds	r4, r5, r4
2000040c:	f100 32ff 	add.w	r2, r0, #4294967295	@ 0xffffffff
20000410:	bf2c      	ite	cs
20000412:	f04f 0e01 	movcs.w	lr, #1
20000416:	f04f 0e00 	movcc.w	lr, #0
2000041a:	42a7      	cmp	r7, r4
2000041c:	d903      	bls.n	20000426 <__udivmoddi4+0x156>
2000041e:	f1be 0f00 	cmp.w	lr, #0
20000422:	f000 80d2 	beq.w	200005ca <__udivmoddi4+0x2fa>
20000426:	4610      	mov	r0, r2
20000428:	1be4      	subs	r4, r4, r7
2000042a:	ea40 400c 	orr.w	r0, r0, ip, lsl #16
2000042e:	e799      	b.n	20000364 <__udivmoddi4+0x94>
20000430:	f1c1 0520 	rsb	r5, r1, #32
20000434:	408b      	lsls	r3, r1
20000436:	fa0c f401 	lsl.w	r4, ip, r1
2000043a:	fa00 f901 	lsl.w	r9, r0, r1
2000043e:	fa22 f705 	lsr.w	r7, r2, r5
20000442:	fa2c fc05 	lsr.w	ip, ip, r5
20000446:	408a      	lsls	r2, r1
20000448:	431f      	orrs	r7, r3
2000044a:	fa20 f305 	lsr.w	r3, r0, r5
2000044e:	0c38      	lsrs	r0, r7, #16
20000450:	4323      	orrs	r3, r4
20000452:	fa1f fe87 	uxth.w	lr, r7
20000456:	0c1c      	lsrs	r4, r3, #16
20000458:	fbbc f8f0 	udiv	r8, ip, r0
2000045c:	fb00 cc18 	mls	ip, r0, r8, ip
20000460:	ea44 440c 	orr.w	r4, r4, ip, lsl #16
20000464:	fb08 fc0e 	mul.w	ip, r8, lr
20000468:	45a4      	cmp	ip, r4
2000046a:	d90e      	bls.n	2000048a <__udivmoddi4+0x1ba>
2000046c:	193c      	adds	r4, r7, r4
2000046e:	f108 3aff 	add.w	sl, r8, #4294967295	@ 0xffffffff
20000472:	bf2c      	ite	cs
20000474:	f04f 0b01 	movcs.w	fp, #1
20000478:	f04f 0b00 	movcc.w	fp, #0
2000047c:	45a4      	cmp	ip, r4
2000047e:	d903      	bls.n	20000488 <__udivmoddi4+0x1b8>
20000480:	f1bb 0f00 	cmp.w	fp, #0
20000484:	f000 80b8 	beq.w	200005f8 <__udivmoddi4+0x328>
20000488:	46d0      	mov	r8, sl
2000048a:	eba4 040c 	sub.w	r4, r4, ip
2000048e:	fa1f fc83 	uxth.w	ip, r3
20000492:	fbb4 f3f0 	udiv	r3, r4, r0
20000496:	fb00 4413 	mls	r4, r0, r3, r4
2000049a:	fb03 fe0e 	mul.w	lr, r3, lr
2000049e:	ea4c 4404 	orr.w	r4, ip, r4, lsl #16
200004a2:	45a6      	cmp	lr, r4
200004a4:	d90e      	bls.n	200004c4 <__udivmoddi4+0x1f4>
200004a6:	193c      	adds	r4, r7, r4
200004a8:	f103 30ff 	add.w	r0, r3, #4294967295	@ 0xffffffff
200004ac:	bf2c      	ite	cs
200004ae:	f04f 0c01 	movcs.w	ip, #1
200004b2:	f04f 0c00 	movcc.w	ip, #0
200004b6:	45a6      	cmp	lr, r4
200004b8:	d903      	bls.n	200004c2 <__udivmoddi4+0x1f2>
200004ba:	f1bc 0f00 	cmp.w	ip, #0
200004be:	f000 809f 	beq.w	20000600 <__udivmoddi4+0x330>
200004c2:	4603      	mov	r3, r0
200004c4:	ea43 4008 	orr.w	r0, r3, r8, lsl #16
200004c8:	eba4 040e 	sub.w	r4, r4, lr
200004cc:	fba0 ec02 	umull	lr, ip, r0, r2
200004d0:	4564      	cmp	r4, ip
200004d2:	4673      	mov	r3, lr
200004d4:	46e0      	mov	r8, ip
200004d6:	d302      	bcc.n	200004de <__udivmoddi4+0x20e>
200004d8:	d107      	bne.n	200004ea <__udivmoddi4+0x21a>
200004da:	45f1      	cmp	r9, lr
200004dc:	d205      	bcs.n	200004ea <__udivmoddi4+0x21a>
200004de:	ebbe 0302 	subs.w	r3, lr, r2
200004e2:	eb6c 0c07 	sbc.w	ip, ip, r7
200004e6:	3801      	subs	r0, #1
200004e8:	46e0      	mov	r8, ip
200004ea:	b15e      	cbz	r6, 20000504 <__udivmoddi4+0x234>
200004ec:	ebb9 0203 	subs.w	r2, r9, r3
200004f0:	eb64 0408 	sbc.w	r4, r4, r8
200004f4:	fa04 f505 	lsl.w	r5, r4, r5
200004f8:	fa22 f301 	lsr.w	r3, r2, r1
200004fc:	40cc      	lsrs	r4, r1
200004fe:	431d      	orrs	r5, r3
20000500:	e9c6 5400 	strd	r5, r4, [r6]
20000504:	2100      	movs	r1, #0
20000506:	e732      	b.n	2000036e <__udivmoddi4+0x9e>
20000508:	0842      	lsrs	r2, r0, #1
2000050a:	462f      	mov	r7, r5
2000050c:	084b      	lsrs	r3, r1, #1
2000050e:	46ac      	mov	ip, r5
20000510:	ea42 72c1 	orr.w	r2, r2, r1, lsl #31
20000514:	46ae      	mov	lr, r5
20000516:	07c4      	lsls	r4, r0, #31
20000518:	0c11      	lsrs	r1, r2, #16
2000051a:	b292      	uxth	r2, r2
2000051c:	ea41 4103 	orr.w	r1, r1, r3, lsl #16
20000520:	ea42 4201 	orr.w	r2, r2, r1, lsl #16
20000524:	fbb1 f1f5 	udiv	r1, r1, r5
20000528:	fbb3 f0f5 	udiv	r0, r3, r5
2000052c:	231f      	movs	r3, #31
2000052e:	eba2 020c 	sub.w	r2, r2, ip
20000532:	ea41 4100 	orr.w	r1, r1, r0, lsl #16
20000536:	e742      	b.n	200003be <__udivmoddi4+0xee>
20000538:	409d      	lsls	r5, r3
2000053a:	f1c3 0220 	rsb	r2, r3, #32
2000053e:	4099      	lsls	r1, r3
20000540:	409c      	lsls	r4, r3
20000542:	fa2c fc02 	lsr.w	ip, ip, r2
20000546:	ea4f 4e15 	mov.w	lr, r5, lsr #16
2000054a:	fa20 f202 	lsr.w	r2, r0, r2
2000054e:	b2af      	uxth	r7, r5
20000550:	fbbc f8fe 	udiv	r8, ip, lr
20000554:	430a      	orrs	r2, r1
20000556:	fb0e cc18 	mls	ip, lr, r8, ip
2000055a:	0c11      	lsrs	r1, r2, #16
2000055c:	ea41 410c 	orr.w	r1, r1, ip, lsl #16
20000560:	fb08 fc07 	mul.w	ip, r8, r7
20000564:	458c      	cmp	ip, r1
20000566:	d950      	bls.n	2000060a <__udivmoddi4+0x33a>
20000568:	1869      	adds	r1, r5, r1
2000056a:	f108 30ff 	add.w	r0, r8, #4294967295	@ 0xffffffff
2000056e:	bf2c      	ite	cs
20000570:	f04f 0901 	movcs.w	r9, #1
20000574:	f04f 0900 	movcc.w	r9, #0
20000578:	458c      	cmp	ip, r1
2000057a:	d902      	bls.n	20000582 <__udivmoddi4+0x2b2>
2000057c:	f1b9 0f00 	cmp.w	r9, #0
20000580:	d030      	beq.n	200005e4 <__udivmoddi4+0x314>
20000582:	eba1 010c 	sub.w	r1, r1, ip
20000586:	fbb1 f8fe 	udiv	r8, r1, lr
2000058a:	fb08 fc07 	mul.w	ip, r8, r7
2000058e:	fb0e 1118 	mls	r1, lr, r8, r1
20000592:	b292      	uxth	r2, r2
20000594:	ea42 4201 	orr.w	r2, r2, r1, lsl #16
20000598:	4562      	cmp	r2, ip
2000059a:	d234      	bcs.n	20000606 <__udivmoddi4+0x336>
2000059c:	18aa      	adds	r2, r5, r2
2000059e:	f108 31ff 	add.w	r1, r8, #4294967295	@ 0xffffffff
200005a2:	bf2c      	ite	cs
200005a4:	f04f 0901 	movcs.w	r9, #1
200005a8:	f04f 0900 	movcc.w	r9, #0
200005ac:	4562      	cmp	r2, ip
200005ae:	d2be      	bcs.n	2000052e <__udivmoddi4+0x25e>
200005b0:	f1b9 0f00 	cmp.w	r9, #0
200005b4:	d1bb      	bne.n	2000052e <__udivmoddi4+0x25e>
200005b6:	f1a8 0102 	sub.w	r1, r8, #2
200005ba:	442a      	add	r2, r5
200005bc:	e7b7      	b.n	2000052e <__udivmoddi4+0x25e>
200005be:	1a84      	subs	r4, r0, r2
200005c0:	eb6c 0203 	sbc.w	r2, ip, r3
200005c4:	2001      	movs	r0, #1
200005c6:	4617      	mov	r7, r2
200005c8:	e6e7      	b.n	2000039a <__udivmoddi4+0xca>
200005ca:	442c      	add	r4, r5
200005cc:	3802      	subs	r0, #2
200005ce:	e72b      	b.n	20000428 <__udivmoddi4+0x158>
200005d0:	f1ac 0c02 	sub.w	ip, ip, #2
200005d4:	442a      	add	r2, r5
200005d6:	e70c      	b.n	200003f2 <__udivmoddi4+0x122>
200005d8:	3902      	subs	r1, #2
200005da:	442a      	add	r2, r5
200005dc:	e6a5      	b.n	2000032a <__udivmoddi4+0x5a>
200005de:	442c      	add	r4, r5
200005e0:	3802      	subs	r0, #2
200005e2:	e6ba      	b.n	2000035a <__udivmoddi4+0x8a>
200005e4:	eba5 0c0c 	sub.w	ip, r5, ip
200005e8:	f1a8 0002 	sub.w	r0, r8, #2
200005ec:	4461      	add	r1, ip
200005ee:	fbb1 f8fe 	udiv	r8, r1, lr
200005f2:	fb08 fc07 	mul.w	ip, r8, r7
200005f6:	e7ca      	b.n	2000058e <__udivmoddi4+0x2be>
200005f8:	f1a8 0802 	sub.w	r8, r8, #2
200005fc:	443c      	add	r4, r7
200005fe:	e744      	b.n	2000048a <__udivmoddi4+0x1ba>
20000600:	3b02      	subs	r3, #2
20000602:	443c      	add	r4, r7
20000604:	e75e      	b.n	200004c4 <__udivmoddi4+0x1f4>
20000606:	4641      	mov	r1, r8
20000608:	e791      	b.n	2000052e <__udivmoddi4+0x25e>
2000060a:	eba1 010c 	sub.w	r1, r1, ip
2000060e:	4640      	mov	r0, r8
20000610:	fbb1 f8fe 	udiv	r8, r1, lr
20000614:	fb08 fc07 	mul.w	ip, r8, r7
20000618:	e7b9      	b.n	2000058e <__udivmoddi4+0x2be>
2000061a:	bf00      	nop

2000061c <__aeabi_idiv0>:
2000061c:	4770      	bx	lr
2000061e:	bf00      	nop

20000620 <__best_effort_wfe_or_timeout_veneer>:
20000620:	f85f f000 	ldr.w	pc, [pc]	@ 20000624 <__best_effort_wfe_or_timeout_veneer+0x4>
20000624:	10001e79 	.word	0x10001e79

20000628 <active_buffer>:
20000628:	200011bc                                ... 

2000062c <last_toggle_time>:
2000062c:	00000001                                ....

20000630 <rgb_sm>:
20000630:	00000002                                ....

20000634 <vsync_sm>:
20000634:	00000001                                ....

20000638 <font_name>:
20000638:	10005504                                .U..

2000063c <striped_spin_lock_num>:
2000063c:	00000010                                ....

20000640 <default_alarm_pool>:
	...
20000654:	20000bc0                                ... 

20000658 <__malloc_sbrk_base>:
20000658:	ffffffff                                ....

2000065c <__malloc_trim_threshold>:
2000065c:	00020000                                ....

20000660 <__malloc_av_>:
	...
20000668:	20000660 20000660 20000668 20000668     `.. `.. h.. h.. 
20000678:	20000670 20000670 20000678 20000678     p.. p.. x.. x.. 
20000688:	20000680 20000680 20000688 20000688     ... ... ... ... 
20000698:	20000690 20000690 20000698 20000698     ... ... ... ... 
200006a8:	200006a0 200006a0 200006a8 200006a8     ... ... ... ... 
200006b8:	200006b0 200006b0 200006b8 200006b8     ... ... ... ... 
200006c8:	200006c0 200006c0 200006c8 200006c8     ... ... ... ... 
200006d8:	200006d0 200006d0 200006d8 200006d8     ... ... ... ... 
200006e8:	200006e0 200006e0 200006e8 200006e8     ... ... ... ... 
200006f8:	200006f0 200006f0 200006f8 200006f8     ... ... ... ... 
20000708:	20000700 20000700 20000708 20000708     ... ... ... ... 
20000718:	20000710 20000710 20000718 20000718     ... ... ... ... 
20000728:	20000720 20000720 20000728 20000728      ..  .. (.. (.. 
20000738:	20000730 20000730 20000738 20000738     0.. 0.. 8.. 8.. 
20000748:	20000740 20000740 20000748 20000748     @.. @.. H.. H.. 
20000758:	20000750 20000750 20000758 20000758     P.. P.. X.. X.. 
20000768:	20000760 20000760 20000768 20000768     `.. `.. h.. h.. 
20000778:	20000770 20000770 20000778 20000778     p.. p.. x.. x.. 
20000788:	20000780 20000780 20000788 20000788     ... ... ... ... 
20000798:	20000790 20000790 20000798 20000798     ... ... ... ... 
200007a8:	200007a0 200007a0 200007a8 200007a8     ... ... ... ... 
200007b8:	200007b0 200007b0 200007b8 200007b8     ... ... ... ... 
200007c8:	200007c0 200007c0 200007c8 200007c8     ... ... ... ... 
200007d8:	200007d0 200007d0 200007d8 200007d8     ... ... ... ... 
200007e8:	200007e0 200007e0 200007e8 200007e8     ... ... ... ... 
200007f8:	200007f0 200007f0 200007f8 200007f8     ... ... ... ... 
20000808:	20000800 20000800 20000808 20000808     ... ... ... ... 
20000818:	20000810 20000810 20000818 20000818     ... ... ... ... 
20000828:	20000820 20000820 20000828 20000828      ..  .. (.. (.. 
20000838:	20000830 20000830 20000838 20000838     0.. 0.. 8.. 8.. 
20000848:	20000840 20000840 20000848 20000848     @.. @.. H.. H.. 
20000858:	20000850 20000850 20000858 20000858     P.. P.. X.. X.. 
20000868:	20000860 20000860 20000868 20000868     `.. `.. h.. h.. 
20000878:	20000870 20000870 20000878 20000878     p.. p.. x.. x.. 
20000888:	20000880 20000880 20000888 20000888     ... ... ... ... 
20000898:	20000890 20000890 20000898 20000898     ... ... ... ... 
200008a8:	200008a0 200008a0 200008a8 200008a8     ... ... ... ... 
200008b8:	200008b0 200008b0 200008b8 200008b8     ... ... ... ... 
200008c8:	200008c0 200008c0 200008c8 200008c8     ... ... ... ... 
200008d8:	200008d0 200008d0 200008d8 200008d8     ... ... ... ... 
200008e8:	200008e0 200008e0 200008e8 200008e8     ... ... ... ... 
200008f8:	200008f0 200008f0 200008f8 200008f8     ... ... ... ... 
20000908:	20000900 20000900 20000908 20000908     ... ... ... ... 
20000918:	20000910 20000910 20000918 20000918     ... ... ... ... 
20000928:	20000920 20000920 20000928 20000928      ..  .. (.. (.. 
20000938:	20000930 20000930 20000938 20000938     0.. 0.. 8.. 8.. 
20000948:	20000940 20000940 20000948 20000948     @.. @.. H.. H.. 
20000958:	20000950 20000950 20000958 20000958     P.. P.. X.. X.. 
20000968:	20000960 20000960 20000968 20000968     `.. `.. h.. h.. 
20000978:	20000970 20000970 20000978 20000978     p.. p.. x.. x.. 
20000988:	20000980 20000980 20000988 20000988     ... ... ... ... 
20000998:	20000990 20000990 20000998 20000998     ... ... ... ... 
200009a8:	200009a0 200009a0 200009a8 200009a8     ... ... ... ... 
200009b8:	200009b0 200009b0 200009b8 200009b8     ... ... ... ... 
200009c8:	200009c0 200009c0 200009c8 200009c8     ... ... ... ... 
200009d8:	200009d0 200009d0 200009d8 200009d8     ... ... ... ... 
200009e8:	200009e0 200009e0 200009e8 200009e8     ... ... ... ... 
200009f8:	200009f0 200009f0 200009f8 200009f8     ... ... ... ... 
20000a08:	20000a00 20000a00 20000a08 20000a08     ... ... ... ... 
20000a18:	20000a10 20000a10 20000a18 20000a18     ... ... ... ... 
20000a28:	20000a20 20000a20 20000a28 20000a28      ..  .. (.. (.. 
20000a38:	20000a30 20000a30 20000a38 20000a38     0.. 0.. 8.. 8.. 
20000a48:	20000a40 20000a40 20000a48 20000a48     @.. @.. H.. H.. 
20000a58:	20000a50 20000a50 20000a58 20000a58     P.. P.. X.. X.. 

20000a68 <_impure_ptr>:
20000a68:	20000a70 00000000                       p.. ....

20000a70 <_impure_data>:
20000a70:	00000000 20000e50 20000eb8 20000f20     ....P.. ...  .. 
	...
20000b08:	00000001 00000000 abcd330e e66d1234     .........3..4.m.
20000b18:	0005deec 0000000b 00000000 00000000     ................
	...

20000bb0 <malloc_mutex>:
	...

20000bb8 <print_mutex>:
	...
