Sections:
00: ".vectors" (0-C0)
01: ".jumptable" (0-38)
02: ".text" (0-DEC)
03: ".rodata" (0-0)
04: ".data" (0-584)
05: ".bss" (0-2550)


Source: "monitor.asm"
                            	     1:             SECTION .vectors
                            	     2:             ORG     $00000000
                            	     3: 
                            	     4:             ; --- Vetores de Exceção do 68000 ---
00:00000000 000A0000        	     5:             DC.L    $000A0000       ; SP inicial
00:00000004 00001000        	     6:             DC.L    _start          ; PC inicial
00:00000008 00001BCA        	     7:             DC.L    SERVICE_BUS_ERR   ; Bus Error
00:0000000C 00001BD2        	     8:             DC.L    SERVICE_ADDR_ERR  ; Address Error
00:00000010 00001C22        	     9:             DC.L    SERVICE_ILLEGAL   ; Illegal Instruction
00:00000014 00001C94        	    10:             DC.L    SERVICE_DIV0      ; Division by Zero
00:00000018 00001C9C        	    11:             DC.L    SERVICE_CHECK     ; CHK Instruction
00:0000001C 00001CA4        	    12:             DC.L    SERVICE_TRAPV     ; TRAPV Instruction
00:00000020 00001CAC        	    13:             DC.L    SERVICE_PRIV      ; Privilege Violation
00:00000024 00001CB4        	    14:             DC.L    SERVICE_TRACE     ; Trace
00:00000028 00001CBC        	    15:             DC.L    SERVICE_LINE_A    ; Line A Emulator
00:0000002C 00001CC4        	    16:             DC.L    SERVICE_LINE_F    ; Line F Emulator
                            	    17: 
                            	    18:             ; --- Preencha o resto com handlers padrão ---
                            	    19:             ;REPT 45
                            	    20:             ;DC.L    DEFAULT_HANDLER
                            	    21:             ;ENDR
00:00000030 00001CE6        	    22:             DC.L    DEFAULT_HANDLER    ; $60: Spurious Interrupt
00:00000034 00001CE6        	    23:             DC.L    DEFAULT_HANDLER     ; $64: Level 1 Interrupt
00:00000038 00001CE6        	    24:             DC.L    DEFAULT_HANDLER     ; $68: Level 2 Interrupt
00:0000003C 00001CE6        	    25:             DC.L    DEFAULT_HANDLER     ; $6C: Level 3 Interrupt
00:00000040 00001CE6        	    26:             DC.L    DEFAULT_HANDLER     ; $70: Level 4 Interrupt
00:00000044 00001CE6        	    27:             DC.L    DEFAULT_HANDLER     ; $74: Level 5 Interrupt
00:00000048 00001CE6        	    28:             DC.L    DEFAULT_HANDLER        ; $78: Level 6 Interrupt  ✅
00:0000004C 00001CE6        	    29:             DC.L    DEFAULT_HANDLER     ; $7C: Level 7 Interrupt
00:00000050 00001CE6        	    30:             DC.L    DEFAULT_HANDLER    ; $60: Spurious Interrupt
00:00000054 00001CE6        	    31:             DC.L    DEFAULT_HANDLER     ; $64: Level 1 Interrupt
00:00000058 00001CE6        	    32:             DC.L    DEFAULT_HANDLER     ; $68: Level 2 Interrupt
00:0000005C 00001CE6        	    33:             DC.L    DEFAULT_HANDLER     ; $6C: Level 3 Interrupt
00:00000060 00001CDE        	    34:             DC.L    SPURIOUS_HANDLER    ; $60: Spurious Interrupt
00:00000064 00001B47        	    35:             DC.L    INT1_HANDLER        ; $70: Level 4 Interrupt
00:00000068 00001B5A        	    36:             DC.L    INT2_HANDLER        ; $74: Level 5 Interrupt
00:0000006C 00001B6C        	    37:             DC.L    INT3_HANDLER        ; $78: Level 6 Interrupt  ✅
00:00000070 00001B7E        	    38:             DC.L    INT4_HANDLER        ; $7C: Level 7 Interrupt
00:00000074 00001B90        	    39:             DC.L    INT5_HANDLER        ; $64: Level 1 Interrupt
00:00000078 00001BA2        	    40:             DC.L    INT6_HANDLER        ; $78: Level 6 Interrupt  ✅
00:0000007C 00001BBA        	    41:             DC.L    INT7_HANDLER        ; $7C: Level 7 Interrupt
00:00000080 00001CCC        	    42:             DC.L    TRAP0_HANDLER       ; Aponta para nosso handler
00:00000084 00001D9C        	    43:             DC.L    TRAP1_HANDLER       ; Aponta para nosso handler
00:00000088 00001D9A        	    44:             DC.L    TRAP2_HANDLER       ; Aponta para nosso handler
00:0000008C 00001D9A        	    45:             DC.L    TRAP3_HANDLER       ; Aponta para nosso handler
00:00000090 00001D9A        	    46:             DC.L    TRAP4_HANDLER       ; Aponta para nosso handler
00:00000094 00001D9A        	    47:             DC.L    TRAP5_HANDLER       ; Aponta para nosso handler
00:00000098 00001D9A        	    48:             DC.L    TRAP6_HANDLER       ; Aponta para nosso handler
00:0000009C 00001D9A        	    49:             DC.L    TRAP7_HANDLER       ; Aponta para nosso handler
00:000000A0 00001D9A        	    50:             DC.L    TRAP8_HANDLER       ; Aponta para nosso handler
00:000000A4 00001D9A        	    51:             DC.L    TRAP9_HANDLER       ; Aponta para nosso handler
00:000000A8 00001D9A        	    52:             DC.L    TRAPA_HANDLER       ; Aponta para nosso handler
00:000000AC 00001D9A        	    53:             DC.L    TRAPB_HANDLER       ; Aponta para nosso handler
00:000000B0 00001D9A        	    54:             DC.L    TRAPC_HANDLER       ; Aponta para nosso handler
00:000000B4 00001D9A        	    55:             DC.L    TRAPD_HANDLER       ; Aponta para nosso handler
00:000000B8 00001D9A        	    56:             DC.L    TRAPE_HANDLER       ; Aponta para nosso handler
00:000000BC 00001D9A        	    57:             DC.L    TRAPF_HANDLER       ; Aponta para nosso handler
                            	    58: 
                            	    59:             ; --- Preencha o resto (até $FF) ---
                            	    60:             ;REPT 128
                            	    61:             ;DC.L    DEFAULT_HANDLER
                            	    62:             ;ENDR
                            	    63: 
                            	    64:             SECTION .jumptable
                            	    65:             ORG     $0400
                            	    66: ROM_JUMPTABLE:
01:00000400 60000EF2        	    67:                 BRA     UART_Init          ;        0x400
01:00000404 60000F3C        	    68:                 BRA     UART_WriteChar     ;        0x404
01:00000408 60000F52        	    69:                 BRA     UART_ReadChar      ;        0x408
01:0000040C 600011EE        	    70:                 BRA     UART_Select        ;        0x40C
01:00000410 600011F8        	    71:                 BRA     UART_Setbaudrate   ;        0x410
01:00000414 60000E86        	    72:                 BRA     DELAY_MS           ;        0x414
01:00000418 600010B6        	    73:                 BRA     MEMDUMP            ;        0x418
01:0000041C 60000F5E        	    74:                 BRA     UART_ReadCharNonEcho;       0x41C
01:00000420 60000BDE        	    75:                 BRA     _start              ;       0x420
01:00000424 60000CA4        	    76:                 BRA     warm_start          ;       0x424
01:00000428 60000CA0        	    77:                 BRA     MenuLoop            ;       0x428
01:0000042C 60001004        	    78:                 BRA     new_line            ;       0x42C
01:00000430 60000F60        	    79:                 BRA     UART_WriteString    ;       0x430
01:00000434 60000EE6        	    80:                 BRA     UART_INIT1          ;       0x434
                            	    81: 
                            	    82:             SECTION .text
                            	    83:             ORG $00001000
                            	    84: 
                            	    85: FL_ESC      EQU     0   ;ESC flag de tecla ESC recebida pela serial
                            	    86: USER_SP     EQU     $0009F000
                            	    87: ;Clock frequency in Hz
                            	    88: F_CPU       equ 16000000
                            	    89: RAMBASE     equ $80000
                            	    90: ;Uart register offsets
                            	    91: RHR         equ     0   ; receive holding register (read)
                            	    92: THR         equ     0   ; transmit holding register (write)
                            	    93: IER         equ     2   ; interrupt enable register
                            	    94: ISR         equ     4   ; interrupt status register (read)
                            	    95: FCR         equ     4   ; FIFO control register (write)
                            	    96: LCR         equ     6   ; line control register
                            	    97: MCR         equ     8   ; modem control register
                            	    98: LSR         equ     10  ; line status register
                            	    99: MSR         equ     12  ; modem status register
                            	   100: SPR         equ     14  ; scratchpad register (reserved for system use)
                            	   101: DLL         equ     0   ; divisor latch LSB
                            	   102: DLM         equ     2   ; divisor latch MSB
                            	   103: ; aliases for register names (used by different manufacturers)cd ..
                            	   104: RBR         equ     RHR ; receive buffer register
                            	   105: IIR         equ     ISR ; interrupt identification register
                            	   106: SCR         equ     SPR ; scratch register
                            	   107: 
                            	   108: LED_ADDRESS equ     $4400
                            	   109: UART_BASE   equ     $4000
                            	   110: TIMER_BASE  equ     $4600
                            	   111: BAUD_RATE   equ     9600
                            	   112: BAUD_DIV    equ     (((F_CPU*10)/(16*BAUD_RATE))+5)/10 ; compute one extra decimal place and round
                            	   113: BAUD_DIV_L  equ     $08 ;(BAUD_DIV&$FF)
                            	   114: BAUD_DIV_U  equ     $00 ;((BAUD_DIV>>8)&$FF)
                            	   115: 
                            	   116: ;14.745.600hz
                            	   117: ;9600   0060h
                            	   118: ;19.2K  0030h
                            	   119: ;38.4K  0018h
                            	   120: ;57.6K  0010h
                            	   121: ;115.2K 0008h
                            	   122: ;230.4K 0004h
                            	   123: ;460.8K 0002h
                            	   124: ;921.6K 0001h
                            	   125: 
                            	   126: ;=== Uart receiver ================= CONSTANTES =================
                            	   127: SOH         EQU     $01        ; Start Of Header
                            	   128: EOT         EQU     $04        ; End Of Transmission
                            	   129: ACK         EQU     $06        ; Acknowledge
                            	   130: NAK         EQU     $15        ; Negative Acknowledge
                            	   131: CAN         EQU     $18        ; Cancel
                            	   132: ;=== Timer ======================================================
                            	   133: ; Definições de constantes (ajuste conforme seu hardware)
                            	   134: TIMER_CTRL     equ     $4606       ; Endereço do registrador de controle
                            	   135: TIMER0_COUNT   equ     $4600       ; Endereço do contador do canal 0
                            	   136: 
                            	   137: ; Bits de controle do 8253
                            	   138: TIMER_SEL0     equ     $00         ; Select channel 0
                            	   139: TIMER_RW_BOTH  equ     $30         ; Read/Write LSB then MSB
                            	   140: TIMER_MODE3    equ     $06         ; Mode 3: Square wave generator
                            	   141: TIMER_BINARY   equ     $00         ; Binary counting
                            	   142: 
                            	   143: ; Valor de configuração
                            	   144: CONFIG_VALUE   equ     TIMER_SEL0|TIMER_RW_BOTH|TIMER_MODE3|TIMER_BINARY
                            	   145: 
                            	   146: ; Valor do contador para 10ms @ 1MHz
                            	   147: COUNT_VALUE    equ     2000        ; 2000 ticks (você especificou 2000)
                            	   148: ;=== Timer ======================================================
                            	   149: 
                            	   150: 
                            	   151: ; --- Macro para Setar Flag ---
                            	   152: SET_FLAG   MACRO
                            	   153:     BCLR    #\1,minhas_flags  ; \1 = primeiro argumento (bit)
                            	   154:     ENDM
                            	   155: ; --- Macro para Setar Flag ---
                            	   156: CLR_FLAG   MACRO
                            	   157:     BSET    #\1,minhas_flags  ; \1 = primeiro argumento (bit)
                            	   158:     ENDM
                            	   159: ; --- Macro TEST_FLAG corrigida ---
                            	   160: TEST_FLAG  MACRO
                            	   161:     BTST    #\1,minhas_flags
                            	   162:     ENDM
                            	   163: ; --- Macro para testar flag (com salto se setado) ---
                            	   164: TST_FLAG_SET MACRO
                            	   165:     BTST    #\1,minhas_flags  ; Testa o bit \1
                            	   166:     BEQ     \2                ; Se bit = 0 (Z=1), pula para o rótulo \2
                            	   167:     ENDM
                            	   168: 
                            	   169:         ALIGN 2
                            	   170: _start:
                            	   171:         ;ORI     #$2700,SR           ; Desabilita interrupções (M68K)
02:00001000 46FC2700        	   172:         MOVE.W #$2700,SR
                            	   173: 
                            	   174: ;        JSR     CLEARRAM            ;Clear entire ram
                            	   175: CLEARRAM:
02:00001004 41F900080000    	   176:         LEA     $080000,A0
02:0000100A 43F900180000    	   177:         LEA     $180000,A1
02:00001010 7000            	   178:         MOVEQ   #0,D0
                            	   179: .ClearLoop:
02:00001012 20C0            	   180:         MOVE.L  D0,(A0)+
02:00001014 B3C8            	   181:         CMPA.L  A0,A1
02:00001016 62FA            	   182:         BHI     .ClearLoop
                            	   183: 
02:00001018 4EB81A6C        	   184:         JSR     VALIDATE_ROM        ; Verifica a ROM
                            	   185: 
                            	   186:         ; Configura USP (pilha de usuário)
02:0000101C 41F90009F000    	   187:         LEA     USER_SP,A0
02:00001022 4E60            	   188:         MOVE.L  A0,USP        ; 🔥 Define User Stack Pointe
                            	   189: 
                            	   190: 
02:00001024 23FC000000000008	   191:         MOVE.L  #$00000000,RomBase
02:0000102C 0000
02:0000102E 23FC000040000008	   192:         MOVE.L  #$00004000,RomSize
02:00001036 0004
02:00001038 23FC000800000008	   193:         MOVE.L  #RAMBASE,RamBase    ;Total ram 1572864 de 0x8000 até 0x180000
02:00001040 0008
02:00001042 23FC001000000008	   194:         MOVE.L  #$00100000,RamSize
02:0000104A 000C
02:0000104C 23FC000040000008	   195:         MOVE.L  #UART_BASE,CurrentUART
02:00001054 0010
02:00001056 33FC258000080014	   196:         MOVE.W  #BAUD_RATE,CurrentBaudRate
02:0000105E 33FC000800080016	   197:         MOVE.W  #BAUD_DIV_L,BaudDivL
02:00001066 33FC000000080018	   198:         MOVE.W  #BAUD_DIV_U,BaudDivH
02:0000106E 23FC000046000008	   199:         MOVE.L  #TIMER_BASE,CurrentTimer
02:00001076 001E
                            	   200: 
02:00001078 303C0008        	   201:         MOVE.W  #$0008,D0
02:0000107C 4EB8131C        	   202:         JSR     UART_INIT1
02:00001080 41F900000008    	   203:         LEA     cls_str,A0
02:00001086 4EB81392        	   204:         JSR     UART_WriteString
                            	   205: 
02:0000108A 4EB811F6        	   206:         JSR     INIT_8253
02:0000108E 4EB8120A        	   207:         JSR     TIMER_SET_10MS_TICK
                            	   208: 
02:00001092 4EB812D8        	   209:         JSR     LED_INIT
                            	   210: 
02:00001096 41F9000000B0    	   211:         LEA     MSGINIT,A0
02:0000109C 4EB81392        	   212:         JSR     UART_WriteString
                            	   213: 
02:000010A0 41F90000051D    	   214:         LEA     Msg_Cs,A0
02:000010A6 4EB81392        	   215:         JSR     UART_WriteString
02:000010AA 41F83FFC        	   216:         LEA     checksum_rom,A0
02:000010AE 2010            	   217:         MOVE.L  (A0),D0
02:000010B0 4EB815B0        	   218:         JSR     PrintHexAddress
                            	   219: 
02:000010B4 41F90000052D    	   220:         LEA     Msg_Cscalc,A0
02:000010BA 4EB81392        	   221:         JSR     UART_WriteString
02:000010BE 41F900080540    	   222:         LEA     checksum_calc,A0
02:000010C4 2010            	   223:         MOVE.L  (A0),D0
02:000010C6 4EB815B0        	   224:         JSR     PrintHexAddress
                            	   225: 
                            	   226: warm_start:
                            	   227: ; Loop principal do menu
                            	   228: MenuLoop:
02:000010CA 4EB81432        	   229:         JSR     new_line
02:000010CE 41F900000161    	   230:         LEA     MenuText,A0
02:000010D4 4EB81392        	   231:         JSR     UART_WriteString
                            	   232: 
                            	   233:         ; Lê seleção do usuário
02:000010D8 4EB8137C        	   234:         JSR     UART_ReadCharNonEcho
                            	   235:         ;JSR     new_line
                            	   236:         ; Processa opção selecionada
02:000010DC B03C0033        	   237:         CMP.B   #'3',D0             ;para essa opção não pode ter echo
02:000010E0 67000560        	   238:         BEQ     LOADPROGRAM
02:000010E4 4EB81342        	   239:         JSR     UART_WriteChar
02:000010E8 B03C0031        	   240:         CMP.B   #'1',D0
02:000010EC 6700050E        	   241:         BEQ     SELECTUART
02:000010F0 B03C0032        	   242:         CMP.B   #'2',D0
02:000010F4 67000514        	   243:         BEQ     SETBAUDRATE
02:000010F8 B03C0034        	   244:         CMP.B   #'4',D0
02:000010FC 67000558        	   245:         BEQ     WRITEPROGRAM
02:00001100 B03C0035        	   246:         CMP.B   #'5',D0
02:00001104 67000590        	   247:         BEQ     RUNPROGRAM
02:00001108 B03C0036        	   248:         CMP.B   #'6',D0
02:0000110C 670001AC        	   249:         BEQ     PISCA_LED
02:00001110 B03C0037        	   250:         CMP.B   #'7',D0
02:00001114 670003BA        	   251:         BEQ     MEMDUMP
02:00001118 B03C0038        	   252:         CMP.B   #'8',D0
02:0000111C 6700067A        	   253:         BEQ     READ_IN_HEXA
02:00001120 B03C0039        	   254:         CMP.B   #'9',D0
02:00001124 670005AA        	   255:         BEQ     UART_ReadHex1
02:00001128 B03C0030        	   256:         CMP.B   #'0',D0
02:0000112C 67000278        	   257:         BEQ     CALCBAUDDIV
02:00001130 B03C0041        	   258:         CMP.B   #'A',D0
02:00001134 67000118        	   259:         BEQ     LIGA_INT
02:00001138 B03C0042        	   260:         CMP.B   #'B',D0
02:0000113C 6700014A        	   261:         BEQ     DESLIGA_INT
02:00001140 B03C0043        	   262:         CMP.B   #'C',D0
02:00001144 6700014A        	   263:         BEQ     PRINT_SR
02:00001148 B03C0044        	   264:         CMP.B   #'D',D0
02:0000114C 670000D0        	   265:         BEQ     READ_8253
02:00001150 B03C0054        	   266:         CMP.B   #'T',D0
02:00001154 672E            	   267:         BEQ     MsgViaTrap1
02:00001156 B03C0052        	   268:         CMP.B   #'R',D0
02:0000115A 670A            	   269:         BEQ     RdViaTrap1
02:0000115C B03C0053        	   270:         CMP.B   #'S',D0
02:00001160 6712            	   271:         BEQ     StrViaTrap1
02:00001162 6000FF66        	   272:         BRA     MenuLoop            ; Opção inválida, repete menu
                            	   273: RdViaTrap1:
02:00001166 303C0001        	   274:         MOVE.W  #1,D0
02:0000116A 4E41            	   275:         TRAP    #1
02:0000116C 4EB81342        	   276:         JSR     UART_WriteChar
02:00001170 6000FF58        	   277:         BRA     MenuLoop
                            	   278: StrViaTrap1:
02:00001174 41F90000055F    	   279:         LEA     Msg_via_trap1,A0
02:0000117A 303C0003        	   280:         MOVE.W  #3,D0
02:0000117E 4E41            	   281:         TRAP    #1
                            	   282: .imprimir_fim:
02:00001180 6000FF48        	   283:         BRA     MenuLoop
                            	   284: 
                            	   285: MsgViaTrap1:
02:00001184 41F90000055F    	   286:         LEA     Msg_via_trap1,A0
02:0000118A 1218            	   287:         MOVE.B  (A0)+,D1           ; Pega próximo caractere
02:0000118C 6706            	   288:         BEQ     .imprimir_fim      ; Se for zero, termina
02:0000118E 303C0002        	   289:         MOVE.W  #2,D0              ; Função CCONOUT
02:00001192 4E41            	   290:         TRAP    #1
                            	   291: .imprimir_fim:
02:00001194 6000FF34        	   292:         BRA     MenuLoop
                            	   293: ; ******************************************************************
                            	   294: ; * timer_init - Inicializa o timer 8253                           *
                            	   295: ; * Configura canal 0: modo 3, 16-bit, binary                      *
                            	   296: ; * Entrada: Nenhuma                                               *
                            	   297: ; * Saída: Nenhuma                                                 *
                            	   298: ; * Destrói: D0                                                    *
                            	   299: ; ******************************************************************
                            	   300: 
                            	   301: ;------------------------------------------------------------------
                            	   302: ; Função: get_value
                            	   303: ; Entrada: D0 - índice (1 a 8)
                            	   304: ; Saída: D0 - valor correspondente do array
                            	   305: ; Preserva: Todos os registradores exceto D0
                            	   306: ;------------------------------------------------------------------
                            	   307: valores:
02:00001198 0060            	   308:     dc.w    $0060, $0030, $0018, $0010, $0008, $0004, $0002, $0001
02:0000119A 0030
02:0000119C 0018
02:0000119E 0010
02:000011A0 0008
02:000011A2 0004
02:000011A4 0002
02:000011A6 0001
                            	   309: UART_Get_Value:
02:000011A8 B03C0001        	   310:     cmp.b   #1,D0           ; Verifica se índice >= 1
02:000011AC 6D10            	   311:     blt.s   .invalid_index
02:000011AE B03C0008        	   312:     cmp.b   #8,D0           ; Verifica se índice <= 8
02:000011B2 6E0A            	   313:     bgt.s   .invalid_index
                            	   314: 
02:000011B4 5300            	   315:     subq.b  #1,D0           ; Converte índice de 1-8 para 0-7
02:000011B6 D000            	   316:     add.b   D0,D0           ; Multiplica por 2 (cada elemento é word)
02:000011B8 303B00DE        	   317:     move.w  valores(pc,D0.w),D0  ; Pega o valor do array
02:000011BC 4E75            	   318:     rts
                            	   319: 
                            	   320: .invalid_index:
02:000011BE 7000            	   321:     moveq   #0,D0           ; Retorna 0 para índice inválido
02:000011C0 4E75            	   322:     rts
                            	   323: 
                            	   324: ; Exemplo de uso:
                            	   325: ;   moveq   #3,D0           ; Pega o terceiro valor
                            	   326: ;   bsr     get_value       ; D0 agora contém $0018
                            	   327: 
                            	   328: 
                            	   329: 
                            	   330: ; Array de ponteiros para rotinas (endereços de 32 bits)
                            	   331: tabela_rotinas:
02:000011C2 000011EA        	   332:     dc.l    rotina1, rotina2, rotina3
02:000011C6 000011EE
02:000011CA 000011F2
                            	   333: 
                            	   334: ; Função que chama uma rotina baseada no índice em D0
                            	   335: chamar_rotina:
02:000011CE B03C0001        	   336:     cmp.b   #1,D0           ; Verifica se índice >= 1
02:000011D2 6D12            	   337:     blt.s   indice_invalido
02:000011D4 B03C0008        	   338:     cmp.b   #8,D0           ; Verifica se índice <= 8
02:000011D8 6E0C            	   339:     bgt.s   indice_invalido
                            	   340: 
02:000011DA 5300            	   341:     subq.b  #1,D0           ; Converte índice de 1-8 para 0-7
02:000011DC E588            	   342:     lsl.l   #2,D0           ; Multiplica por 4 (cada ponteiro = 4 bytes)
02:000011DE 207B08E2        	   343:     move.l  tabela_rotinas(pc,D0.l),A0  ; Pega o endereço da rotina
02:000011E2 4E90            	   344:     jsr     (A0)            ; Chama a rotina
02:000011E4 4E75            	   345:     rts
                            	   346: 
                            	   347: indice_invalido:
02:000011E6 70FF            	   348:     moveq   #-1,D0          ; Retorna erro
02:000011E8 4E75            	   349:     rts
                            	   350: 
                            	   351: ; Exemplos de rotinas
                            	   352: rotina1:
02:000011EA 7001            	   353:     moveq   #1,D0
02:000011EC 4E75            	   354:     rts
                            	   355: 
                            	   356: rotina2:
02:000011EE 7002            	   357:     moveq   #2,D0
02:000011F0 4E75            	   358:     rts
                            	   359: 
                            	   360: rotina3:
02:000011F2 7003            	   361:     moveq   #3,D0
02:000011F4 4E75            	   362:     rts
                            	   363: 
                            	   364: 
                            	   365: INIT_8253:
                            	   366:     ;MOVEM.L D0-D1/A0,-(SP)
                            	   367:         ; Configurar canal 0: modo 3, 16-bit, binary
02:000011F6 11FC00364606    	   368:         MOVE.B  #CONFIG_VALUE,TIMER_CTRL   ; 12 ciclos - escreve no registrador de controle
                            	   369: 
                            	   370:         ; Inicializar contador com valor máximo temporariamente
02:000011FC 11FC00FF4600    	   371:         MOVE.B  #$FF,TIMER0_COUNT          ; 12 ciclos - LSB = 0xFF
02:00001202 11FC00FF4600    	   372:         MOVE.B  #$FF,TIMER0_COUNT          ; 12 ciclos - MSB = 0xFF
                            	   373: 
                            	   374:     ;MOVEM.L (SP)+,D0-D1/A0
02:00001208 4E75            	   375:     RTS
                            	   376: ; ******************************************************************
                            	   377: ; * timer_set_10ms_tick - Configura timer para tick de 10ms        *
                            	   378: ; * Assume clock de 1MHz: 1000000 * 0.01 = 10000 ticks             *
                            	   379: ; * Entrada: Nenhuma                                               *
                            	   380: ; * Saída: Nenhuma                                                 *
                            	   381: ; * Destrói: D0                                                    *
                            	   382: ; ******************************************************************
                            	   383: ;        xdef _timer_set_10ms_tick
                            	   384: TIMER_SET_10MS_TICK:
                            	   385: 
                            	   386:         ; Configurar canal 0: modo 3, 16-bit, binary
02:0000120A 11FC00364606    	   387:         MOVE.B  #CONFIG_VALUE,TIMER_CTRL   ; 12 ciclos - escreve no registrador de controle
                            	   388: 
                            	   389:         ; Escrever valor do contador (LSB primeiro, depois MSB)
02:00001210 11FC00D04600    	   390:         move.b  #COUNT_VALUE&$FF,TIMER0_COUNT    ; LSB
02:00001216 11FC00074600    	   391:         move.b  #(COUNT_VALUE>>8)&$FF,TIMER0_COUNT ; MSB
                            	   392: 
02:0000121C 4E75            	   393:         RTS                                ; 16 ciclos - retorna
                            	   394:                                            ; Total: ~52 ciclos
                            	   395: 
                            	   396: ; ==============================================
                            	   397: ; ROTINA QUE LÊ CONTADOR (PARA DEBUG)
                            	   398: ; ==============================================
                            	   399: READ_8253:
02:0000121E 48E7C080        	   400:     MOVEM.L D0-D1/A0,-(SP)
                            	   401: 
02:00001222 20790008001E    	   402:     MOVE.L   CurrentTimer,A0
                            	   403:     ; --- LATCH DO CONTADOR ---
02:00001228 117C00000003    	   404:     MOVE.B  #%00000000,+3(A0) ; Latch Count para Canal 0
                            	   405: 
                            	   406:     ; --- LÊ BYTE A BYTE ---
02:0000122E 1010            	   407:     MOVE.B  (A0),D0         ; Lê LSB
02:00001230 0280000000FF    	   408:     ANDI.L  #$FF,D0          ; Isola byte
                            	   409: 
02:00001236 1210            	   410:     MOVE.B  (A0),D1         ; Lê MSB
02:00001238 0281000000FF    	   411:     ANDI.L  #$FF,D1
02:0000123E E149            	   412:     LSL.W   #8,D1            ; MSB para bits 15-8
02:00001240 8041            	   413:     OR.W    D1,D0            ; Combina bytes (D0 = valor)
                            	   414: 
                            	   415:     ; Mostra valor
02:00001242 4EB815B0        	   416:     JSR     PrintHexAddress
                            	   417: 
02:00001246 4CDF0103        	   418:     MOVEM.L (SP)+,D0-D1/A0
02:0000124A 6000FE7E        	   419:     BRA     MenuLoop
                            	   420: 
                            	   421: LIGA_INT:
02:0000124E 4EB81432        	   422:         JSR     new_line
02:00001252 41F81AC6        	   423:         LEA     spu_msg,A0
02:00001256 4EB81392        	   424:         JSR     UART_WriteString
02:0000125A 4E68            	   425:         MOVE.L  USP,A0       ; Lê USP atual
02:0000125C 2008            	   426:         MOVE.L  A0,D0
02:0000125E 4EB815B0        	   427:         JSR     PrintHexAddress  ; Deve mostrar endereço válido
                            	   428: ;        JSR     new_line
                            	   429: 
02:00001262 41F81AAD        	   430:         LEA     sr_msg,A0
02:00001266 4EB81392        	   431:         JSR     UART_WriteString
02:0000126A 7000            	   432:         CLR.L   D0
02:0000126C 40C0            	   433:         MOVE.W  SR,D0
02:0000126E 4EB815B0        	   434:         JSR     PrintHexAddress  ; Deve mostrar endereço válido
                            	   435:  ;       JSR     new_line
                            	   436: 
02:00001272 41F81ABA        	   437:         LEA     sp_msg,A0
02:00001276 4EB81392        	   438:         JSR     UART_WriteString
02:0000127A 200F            	   439:         MOVE.L  SP,D0
02:0000127C 4EB815B0        	   440:         JSR     PrintHexAddress  ; Deve mostrar endereço válido
                            	   441: ;        JSR     new_line
                            	   442: 
02:00001280 46FC2000        	   443:         MOVE    #$2000,SR
                            	   444: 
02:00001284 6000FE44        	   445:         BRA     MenuLoop       ; Volta para menu
                            	   446: 
                            	   447: DESLIGA_INT:
                            	   448:         ;ORI    #$2700,SR
02:00001288 46FC2700        	   449:         MOVE.W #$2700,SR
02:0000128C 6000FE3C        	   450:         BRA     MenuLoop
                            	   451: PRINT_SR:
02:00001290 7000            	   452:         MOVE.L #$00,D0
02:00001292 40C0            	   453:         MOVE.W SR,D0
02:00001294 4EB815B0        	   454:         JSR    PrintHexAddress
02:00001298 6000FE30        	   455:         BRA    MenuLoop
                            	   456: 
                            	   457: DELAY_MS:
02:0000129C 2F01            	   458:         MOVE.L  d1,-(sp)          ; Salva D1
02:0000129E 3200            	   459:         MOVE.W  d0,d1             ; Contador de ms
02:000012A0 670E            	   460:         BEQ.S   .end              ; Se D0=0, sai
                            	   461: .loop_ms:
02:000012A2 203C00003E80    	   462:         MOVE.L  #16000,d0         ; Ciclos por ms (16MHz)
                            	   463: .inner_loop:
02:000012A8 5380            	   464:         SUBQ.L  #1,d0             ; 4 ciclos
02:000012AA 66FC            	   465:         BNE.S   .inner_loop       ; 10 ciclos (se taken)
02:000012AC 5341            	   466:         SUBQ.W  #1,d1             ; 1 ms
02:000012AE 66F2            	   467:         BNE.S   .loop_ms
                            	   468: .end:
02:000012B0 221F            	   469:         MOVE.L  (sp)+,d1          ; Restaura D1
02:000012B2 4E75            	   470:         rts
                            	   471: 
                            	   472: __write_leds:
02:000012B4 31C04400        	   473:         MOVE.W  D0,LED_ADDRESS
02:000012B8 4E75            	   474:         RTS
                            	   475: 
                            	   476: PISCA_LED:
02:000012BA 303CFF00        	   477:         MOVE.W  #$FF00,D0
02:000012BE 31C04400        	   478:         MOVE.W  D0,LED_ADDRESS
02:000012C2 263C0007A120    	   479:         MOVE.L  #500000,D3
                            	   480: .DELAY1:
02:000012C8 5383            	   481:         SUBQ.L  #1,D3
02:000012CA 66FC            	   482:         BNE     .DELAY1
02:000012CC 303C0000        	   483:         MOVE.W  #$0000,D0
02:000012D0 31C04400        	   484:         MOVE.W  D0,LED_ADDRESS
02:000012D4 6000FDF4        	   485:         BRA     MenuLoop
                            	   486: 
                            	   487: 
                            	   488: LED_INIT:
02:000012D8 2F00            	   489:         MOVE.L  D0,-(SP)        ; Preserva D0
02:000012DA 31FCAA004400    	   490:         MOVE.W  #$AA00,LED_ADDRESS
                            	   491:         ;MOVE.W  D0,LED_ADDRESS
02:000012E0 263C0003D090    	   492:         move.l  #250000,D3
                            	   493: .DELAY1:
02:000012E6 5383            	   494:         SUBQ.L  #1,D3
02:000012E8 66FC            	   495:         BNE     .DELAY1
02:000012EA 31FC00004400    	   496:         MOVE.W  #$0000,LED_ADDRESS
                            	   497:         ;MOVE.W  D0,LED_ADDRESS
02:000012F0 201F            	   498:         MOVE.L  (SP)+,D0        ;Restaura D0
02:000012F2 4E75            	   499:         RTS
                            	   500: 
                            	   501: ; ----------------------------------------------------------------------
                            	   502: ; Rotinas de E/S da UART
                            	   503: ; ----------------------------------------------------------------------
                            	   504: UART_Init:
                            	   505: UART_INIT:
02:000012F4 227900080010    	   506:         move.l   CurrentUART,a1
02:000012FA 137C000D0004    	   507:         move.b  #%00001101,FCR(a1)      ; enable FIFO
02:00001300 137C00830006    	   508:         move.b  #%10000011,LCR(a1)      ; 8 data bits, no parity, 1 stop bit, DLAB=1
02:00001306 12BC0008        	   509:         move.b  #BAUD_DIV_L,DLL(a1)     ; set divisor latch low byte
02:0000130A 137C00000002    	   510:         move.b  #BAUD_DIV_U,DLM(a1)     ; set divisor latch high byte
02:00001310 08A900070006    	   511:         bclr.b  #7,LCR(a1)              ; disable divisor latch
02:00001316 4229000E        	   512:         clr.b   SCR(a1)                 ; clear the scratch register
02:0000131A 4E75            	   513:         RTS
                            	   514: 
                            	   515: ; ----------------------------------------------------------------------
                            	   516: ; UART_INIT1:
                            	   517: ; Parametros: D0 tem o byte a ser gravado em DLM e DLL divisor baud rate
                            	   518: ; ----------------------------------------------------------------------
                            	   519: UART_INIT1:
02:0000131C 227900080010    	   520:         move.l   CurrentUART,a1
02:00001322 137C000D0004    	   521:         move.b  #%00001101,FCR(a1)      ; enable FIFO
02:00001328 137C00830006    	   522:         move.b  #%10000011,LCR(a1)      ; 8 data bits, no parity, 1 stop bit, DLAB=1
02:0000132E 1280            	   523:         move.b  D0,DLL(A1)              ; Byte 0 (LSB) -> DLL
02:00001330 E088            	   524:         lsr.l   #8,D0                   ; Shift right 8 bits
02:00001332 13400002        	   525:         move.b  D0,DLM(A1)              ; Byte 1 (agora no LSB) -> DLM
02:00001336 08A900070006    	   526:         bclr.b  #7,LCR(a1)              ; disable divisor latch
02:0000133C 4229000E        	   527:         clr.b   SCR(a1)                 ; clear the scratch register
02:00001340 4E75            	   528:         RTS
                            	   529: 
                            	   530:     ; Escreve caractere (D0.B)
                            	   531: UART_WriteChar:
02:00001342 2F08            	   532:         MOVE.L  A0,-(SP)        ; Preserva A0
02:00001344 2F00            	   533:         MOVE.L  D0,-(SP)        ; Preserva D0
02:00001346 207900080010    	   534:         move.l   CurrentUART,A0
                            	   535: .WaitTx:
02:0000134C 08280005000A    	   536:         BTST.B  #5,LSR(A0)      ; wait until transmit holding register is empty
02:00001352 67F8            	   537:         BEQ     .WaitTx
02:00001354 1080            	   538:         MOVE.B  D0,THR(A0)      ; transmit byte
02:00001356 201F            	   539:         MOVE.L  (SP)+,D0        ;Restaura D0
02:00001358 205F            	   540:         MOVE.L  (SP)+,A0        ;Restaura A0
02:0000135A 4E75            	   541:         RTS
                            	   542: 
                            	   543: 
                            	   544: ; Lê caractere (retorna em D0)
                            	   545: UART_ReadChar:
02:0000135C 2F08            	   546:         MOVE.L  A0,-(SP)        ; Preserva A0
02:0000135E 207900080010    	   547:         MOVE.L   CurrentUART,A0
                            	   548: .WaitRx:
02:00001364 08280000000A    	   549:         BTST    #0,LSR(A0)        ; RX ready?
02:0000136A 67F8            	   550:         BEQ     .WaitRx
02:0000136C 1010            	   551:         MOVE.B  RHR(A0),D0
02:0000136E 205F            	   552:         MOVE.L  (SP)+,A0        ;Restaura A0
02:00001370 B03C001B        	   553:         CMP.B   #$1b,D0
02:00001374 6704            	   554:         BEQ     .fim
02:00001376 4EB81342        	   555:         JSR     UART_WriteChar
                            	   556: .fim
02:0000137A 4E75            	   557:         RTS
                            	   558: 
                            	   559: ; Lê caractere (retorna em D0)
                            	   560: UART_ReadCharNonEcho:
02:0000137C 2F08            	   561:         MOVE.L  A0,-(SP)        ; Preserva A0
02:0000137E 207900080010    	   562:         MOVE.L  CurrentUART,A0
                            	   563: .WaitRx:
02:00001384 08280000000A    	   564:         BTST    #0,LSR(A0)        ; RX ready?
02:0000138A 67F8            	   565:         BEQ     .WaitRx
                            	   566: 
02:0000138C 1010            	   567:         MOVE.B  RHR(A0),D0
02:0000138E 205F            	   568:         MOVE.L  (SP)+,A0        ;Restaura A0
                            	   569: 
02:00001390 4E75            	   570:         RTS
                            	   571: 
                            	   572: 
                            	   573: ; ----------------------------------------------------------------------
                            	   574: ; UART_WriteString - Envia string terminada em null para UART
                            	   575: ; Entrada:
                            	   576: ;   A0 = Ponteiro para a string (endereço da string)
                            	   577: ; ----------------------------------------------------------------------
                            	   578: UART_WriteString:
02:00001392 2F08            	   579:         MOVE.L  A0,-(SP)      ; Preserva D0
02:00001394 2F00            	   580:         MOVE.L  D0,-(SP)      ; Preserva D0
                            	   581: .WriteLoop:
02:00001396 1018            	   582:         MOVE.B  (A0)+,D0      ; Pega caractere
02:00001398 6706            	   583:         BEQ     .Done
02:0000139A 4EB81342        	   584:         JSR     UART_WriteChar ; Use sua rotine existente
02:0000139E 60F6            	   585:         BRA     .WriteLoop
                            	   586: .Done:
02:000013A0 201F            	   587:         MOVE.L  (SP)+,D0
02:000013A2 205F            	   588:         MOVE.L  (SP)+,A0
02:000013A4 4E75            	   589:         RTS
                            	   590: 
                            	   591: ; ----------------------------------------------------------------------
                            	   592: ; Constantes
                            	   593: ; ----------------------------------------------------------------------
                            	   594: ;F_CPU       EQU 16000000       ; Clock do CPU (16MHz)
                            	   595: ;BAUD_TABLE  EQU $70000         ; Endereço base na RAM para armazenar divisores
                            	   596:                               ; BAUD_DIV_L em $70000
                            	   597:                               ; BAUD_DIV_U em $70001
                            	   598: 
                            	   599: ; ----------------------------------------------------------------------
                            	   600: ; Rotina: Calcula e armazena divisor de baud rate
                            	   601: ; Entrada:
                            	   602: ;   Nenhuma a rotina pega o baudrate na memoria e faz ocalculo
                            	   603: ; Saída:
                            	   604: ;   BAUD_DIV_L e BAUD_DIV_U armazenados na RAM
                            	   605: ; Formulas:
                            	   606: ;
                            	   607: ;
                            	   608: ; Simplificada: F_CPU/16/10/BAUD_RATE/10
                            	   609: ; ----------------------------------------------------------------------
                            	   610: 
                            	   611: CALCBAUDDIV:
                            	   612: ;[ Registrador D0 (32 bits) ]
                            	   613: ;[   DIVU.W #16,D0          ]  → "Divida esse LONG por 16, mas... só pode retornar WORD!"
                            	   614: ;[   Se o resultado > 65535 ]  → "F*DEU, vou ignorar e deixar o original mesmo ¯\_(ツ)_/¯"
                            	   615:         ;==(((F_CPU/16)/10)/(BAUD/10))+5/10
                            	   616:         ;((F_CPU/16)/10)
                            	   617:         ;F_CPU = 16000000 ou 0xF42400
02:000013A6 203C00F42400    	   618:         MOVE.L  #F_CPU,D0
02:000013AC 323C0010        	   619:         MOVE.W  #16,D1         ; Divisor
02:000013B0 61000096        	   620:         BSR     Div32x16       ; D0 = 0xF4240 (1.000.000)
                            	   621: ;1
02:000013B4 2F00            	   622:         move.l  d0,-(SP)
02:000013B6 4EB815B0        	   623:         jsr     PrintHexAddress
02:000013BA 4EB81432        	   624:         jsr     new_line
02:000013BE 201F            	   625:         move.l  (SP)+,d0
                            	   626: 
02:000013C0 323C000A        	   627:         MOVE.W  #10,D1         ; Divisor
02:000013C4 61000082        	   628:         BSR     Div32x16       ; D0 = 0x186A0
                            	   629: ;2
02:000013C8 2F00            	   630:         move.l  d0,-(SP)
02:000013CA 4EB815B0        	   631:         jsr     PrintHexAddress
02:000013CE 4EB81432        	   632:         jsr     new_line
02:000013D2 201F            	   633:         move.l  (SP)+,d0
                            	   634: 
                            	   635:         ;(BAUD/10)
02:000013D4 2F00            	   636:         move.l  d0,-(SP)
                            	   637: ;3
02:000013D6 7000            	   638:         CLR.L   D0
02:000013D8 303900080014    	   639:         MOVE.W  CurrentBaudRate,D0
02:000013DE 2F00            	   640:         move.l  d0,-(SP)
02:000013E0 4EB815B0        	   641:         jsr     PrintHexAddress
02:000013E4 4EB81432        	   642:         jsr     new_line
02:000013E8 201F            	   643:         move.l  (SP)+,d0
                            	   644: 
02:000013EA 123C000A        	   645:         MOVE.B  #10,D1
02:000013EE 6158            	   646:         BSR     Div32x16
                            	   647: 
                            	   648: ;4
02:000013F0 2F00            	   649:         move.l  d0,-(SP)
02:000013F2 4EB815B0        	   650:         jsr     PrintHexAddress
02:000013F6 4EB81432        	   651:         jsr     new_line
02:000013FA 221F            	   652:         move.l  (SP)+,D1
02:000013FC 201F            	   653:         move.l  (SP)+,D0
                            	   654: 
                            	   655: 
                            	   656:         ;(F_CPU/BAUD)
02:000013FE 6148            	   657:         BSR     Div32x16
                            	   658: ;5
02:00001400 2F00            	   659:         move.l  d0,-(SP)
02:00001402 4EB815B0        	   660:         jsr     PrintHexAddress
02:00001406 4EB81432        	   661:         jsr     new_line
02:0000140A 201F            	   662:         move.l  (SP)+,d0
                            	   663: 
                            	   664:         ; 4. Separa parte alta/baixa corretamente
02:0000140C 3200            	   665:         MOVE.W  D0,D1
02:0000140E 024000FF        	   666:         ANDI.W  #$FF,D0        ; D0 = BAUD_DIV_L (8 bits baixos)
02:00001412 E049            	   667:         LSR.W   #8,D1          ; D1 = BAUD_DIV_H (8 bits altos)
02:00001414 024100FF        	   668:         ANDI.W  #$FF,D1        ; Limpa bits extras
                            	   669: 
                            	   670:         ; 5. Armazena (AGORA COM 16 BITS, NÃO 32!)
02:00001418 41F90008001A    	   671:         LEA     Baud1DivL,A0
02:0000141E 3080            	   672:         MOVE.W  D0,(A0)        ; 16 bits suficientes
02:00001420 41F90008001C    	   673:         LEA     Baud1DivH,A0
02:00001426 3081            	   674:         MOVE.W  D1,(A0)
                            	   675: 
02:00001428 6000FCA0        	   676:         BRA     MenuLoop
02:0000142C 4E75            	   677:         RTS
                            	   678: .BaudError:
02:0000142E 6000FBD0        	   679:         BRA     _start
                            	   680: 
                            	   681: new_line:
02:00001432 2F00            	   682:         MOVE.L  D0,-(SP)          ; Salva D0
02:00001434 103C000A        	   683:         MOVE.B  #10,D0
02:00001438 4EB81342        	   684:         JSR     UART_WriteChar
02:0000143C 103C000D        	   685:         MOVE.B  #13,D0
02:00001440 4EB81342        	   686:         JSR     UART_WriteChar
02:00001444 201F            	   687:         MOVE.L  (SP)+,D0          ; Restaura D0
02:00001446 4E75            	   688:         RTS
                            	   689: ; D0 = Dividendo (32 bits), D1 = Divisor (16 bits)
                            	   690: ; Retorna D0 = Quociente, D1 = Resto
                            	   691: Div32x16:
02:00001448 7400            	   692:         MOVEQ   #0,D2       ; D2 = Quociente
02:0000144A 761F            	   693:         MOVEQ   #31,D3      ; 32 iterações
                            	   694: DivLoop:
02:0000144C E388            	   695:         LSL.L   #1,D0       ; Desloca D0 (MSB → Carry)
02:0000144E E392            	   696:         ROXL.L  #1,D2       ; Desloca D2 com Carry
02:00001450 B441            	   697:         CMP.W   D1,D2       ; D2 >= D1?
02:00001452 6D04            	   698:         BLT     .skip
02:00001454 9441            	   699:         SUB.W   D1,D2       ; Sim, subtrai
02:00001456 5280            	   700:         ADDQ.L  #1,D0       ; E adiciona 1 ao quociente
                            	   701: .skip:
02:00001458 51CBFFF2        	   702:         DBRA    D3,DivLoop  ; Repete
02:0000145C 2202            	   703:         MOVE.L  D2,D1       ; Resto em D1
02:0000145E 4E75            	   704:         RTS
                            	   705: ; Versão compacta sem stack frame
                            	   706: PrintHexFast:
02:00001460 2F02            	   707:         MOVE.L  D2,-(SP)          ; Salva D2
02:00001462 2F00            	   708:         MOVE.L  D0,-(SP)          ; Salva D0 original
02:00001464 7407            	   709:         MOVEQ   #7,D2             ; 8 dígitos (contador)
                            	   710: 
                            	   711: .Loop:
02:00001466 2017            	   712:         MOVE.L  (SP),D0           ; Recupera valor original
02:00001468 E998            	   713:         ROL.L   #4,D0             ; Pega próximo nibble
02:0000146A 2E80            	   714:         MOVE.L  D0,(SP)           ; Armazena valor rotacionado
02:0000146C 0200000F        	   715:         ANDI.B  #$F,D0            ; Isola nibble
                            	   716: 
02:00001470 B03C0009        	   717:         CMP.B   #9,D0
02:00001474 6302            	   718:         BLS     .Digit
02:00001476 5E00            	   719:         ADD.B   #7,D0             ; Ajuste para A-F
                            	   720: .Digit:
02:00001478 D03C0030        	   721:         ADD.B   #'0',D0           ; Converte para ASCII
02:0000147C 4EB81342        	   722:         JSR     UART_WriteChar    ; Envia caractere
                            	   723: 
02:00001480 51CAFFE4        	   724:         DBRA    D2,.Loop          ; Repete para todos dígitos
                            	   725: 
02:00001484 588F            	   726:         ADDQ.L  #4,SP             ; Remove valor salvo
02:00001486 241F            	   727:         MOVE.L  (SP)+,D2          ; Restaura D2
02:00001488 4E75            	   728:         RTS
                            	   729: 
                            	   730: ; ----------------------------------------------------------------------
                            	   731: ; PrintHex - Imprime valor hexadecimal no terminal
                            	   732: ; Entrada:
                            	   733: ;   D0.L = Valor a ser impresso (32 bits)
                            	   734: ;   D1.W = Número de dígitos (1-8)
                            	   735: ; ----------------------------------------------------------------------
                            	   736: PrintHexPRECISA_DE_REVISAO:
02:0000148A 4E56FFF8        	   737:         LINK    A6,#-8            ; Reserva espaço na pilha
02:0000148E 2F02            	   738:         MOVE.L  D2,-(SP)          ; Salva D2
02:00001490 2D40FFFC        	   739:         MOVE.L  D0,-4(A6)         ; Guarda o valor original
02:00001494 3D41FFFA        	   740:         MOVE.W  D1,-6(A6)         ; Guarda contador de dígitos
                            	   741: 
02:00001498 323C0008        	   742:         MOVE.W  #$0008,D1
                            	   743: 
                            	   744:         ; Ajusta para começar pelo dígito mais significativo
02:0000149C E549            	   745:         LSL.W   #2,D1             ; Multiplica por 4 (bits por dígito)
02:0000149E 5941            	   746:         SUBQ.W  #4,D1             ; Ajuste inicial
                            	   747: 
                            	   748: .PrintLoop:
02:000014A0 202EFFFC        	   749:         MOVE.L  -4(A6),D0         ; Recupera valor
02:000014A4 3401            	   750:         MOVE.W  D1,D2             ; Posição do nibble
02:000014A6 E5B8            	   751:         ROL.L   D2,D0             ; Rola para colocar nibble nos bits 31-28
02:000014A8 02800000000F    	   752:         ANDI.L  #$F,D0            ; Isola o nibble (4 bits)
                            	   753: 
                            	   754:         ; Converte para ASCII
02:000014AE B03C0009        	   755:         CMP.B   #9,D0
02:000014B2 6302            	   756:         BLS     .Decimal
02:000014B4 5E00            	   757:         ADD.B   #7,D0             ; Ajuste para A-F
                            	   758: .Decimal:
02:000014B6 D03C0030        	   759:         ADD.B   #'0',D0           ; Converte para caractere
                            	   760: 
                            	   761:         ; Imprime caractere
02:000014BA 4EB81342        	   762:         JSR     UART_WriteChar    ; Sua rotina de envio UART
                            	   763: 
02:000014BE 5941            	   764:         SUBQ.W  #4,D1             ; Próximo nibble
02:000014C0 6ADE            	   765:         BPL     .PrintLoop        ; Repete até todos os dígitos
                            	   766: 
                            	   767:         ; Espaço final para separação
02:000014C2 103C0020        	   768:         MOVE.B  #' ',D0
02:000014C6 4EB81342        	   769:         JSR     UART_WriteChar
                            	   770: 
02:000014CA 241F            	   771:         MOVE.L  (SP)+,D2          ; Restaura D2
02:000014CC 4E5E            	   772:         UNLK    A6                ; Restaura frame
02:000014CE 4E75            	   773:         RTS
                            	   774: 
                            	   775: ; ----------------------------------------------------------------------
                            	   776: ; MemDump - Imprime dump de memória formatado
                            	   777: ; Entrada:
                            	   778: ;   A0 = Endereço inicial (ex: $80000)
                            	   779: ;   D0 = Quantidade de bytes (ex: 256)
                            	   780: ; ----------------------------------------------------------------------
                            	   781: MEMDUMP:
02:000014D0 41F90000000D    	   782:         LEA     DumpHeader,A0
02:000014D6 4EB81392        	   783:         JSR     UART_WriteString
02:000014DA 207900080022    	   784:         MOVE.L  (addressInHex),A0
02:000014E0 2008            	   785:         MOVE.L  A0,D0
02:000014E2 4EB815B0        	   786:         JSR     PrintHexAddress
02:000014E6 4EB81432        	   787:         JSR     new_line
                            	   788: 
02:000014EA 41F900000020    	   789:         LEA     DumpHeader1,A0
02:000014F0 4EB81392        	   790:         JSR     UART_WriteString
                            	   791: 
02:000014F4 207900080022    	   792:         MOVE.L  (addressInHex),A0
                            	   793:         ; Calcula endereço final
                            	   794: 
                            	   795: DUMPLOOPMASTER:
02:000014FA 7200            	   796:         CLR.L   D1
02:000014FC 2208            	   797:         MOVE.L  A0,D1
02:000014FE 0681000000FF    	   798:         ADDI.L  #$000000FF,D1             ; D1 = endereço final
                            	   799:         ;MOVE.L  D1,D0
                            	   800:         ;JSR     PrintHexAddress
                            	   801:         ;JSR     new_line
                            	   802: 
                            	   803:         ;aguarda um caractere ser digitado mas nao usa é somente para parar a execução aqui
                            	   804:         ;JSR     UART_ReadChar
                            	   805: 
                            	   806: 
                            	   807: DumpLoop:
                            	   808:         ; Nova linha a cada 16 bytes
02:00001504 2008            	   809:         MOVE.L  A0,D0
02:00001506 02800000000F    	   810:         ANDI.L  #$0000000F,D0     ; Verifica se é início de linha
02:0000150C 6616            	   811:         BNE     NoNewLine
                            	   812: 
                            	   813:         ; Imprime endereço
02:0000150E 2008            	   814:         MOVE.L  A0,D0
02:00001510 4EB815B0        	   815:         JSR     PrintHexAddress    ; Imprime 8 dígitos hex
                            	   816: 
02:00001514 103C003A        	   817:         MOVE.B  #':',D0
02:00001518 4EB81342        	   818:         JSR     UART_WriteChar
02:0000151C 103C0020        	   819:         MOVE.B  #' ',D0
02:00001520 4EB81342        	   820:         JSR     UART_WriteChar
                            	   821: 
                            	   822: NoNewLine:
                            	   823:         ; Imprime byte em hex
02:00001524 1018            	   824:         MOVE.B  (A0)+,D0
02:00001526 4EB815C0        	   825:         JSR     PrintByteHex
                            	   826: 
02:0000152A 103C0020        	   827:         MOVE.B  #' ',D0
02:0000152E 4EB81342        	   828:         JSR     UART_WriteChar
                            	   829: 
                            	   830:         ; Verifica fim da linha (16 bytes)
02:00001532 2008            	   831:         MOVE.L  A0,D0
02:00001534 02800000000F    	   832:         ANDI.L  #$0000000F,D0
02:0000153A 664E            	   833:         BNE     NoEndLine
                            	   834: 
                            	   835:         ; Imprime caracteres ASCII
02:0000153C 103C0020        	   836:         MOVE.B  #' ',D0
02:00001540 4EB81342        	   837:         JSR     UART_WriteChar
02:00001544 103C007C        	   838:         MOVE.B  #'|',D0
02:00001548 4EB81342        	   839:         JSR     UART_WriteChar
                            	   840: 
02:0000154C 43E8FFF0        	   841:         LEA     -16(A0),A1        ; Volta ao início da linha
02:00001550 740F            	   842:         MOVEQ   #15,D2            ; 16 caracteres
                            	   843: 
                            	   844: AsciiLoop:
02:00001552 1019            	   845:         MOVE.B  (A1)+,D0
02:00001554 B03C0020        	   846:         CMP.B   #32,D0            ; Verifica se é imprimível
02:00001558 6D0C            	   847:         BLT     NonPrintable
02:0000155A B03C007E        	   848:         CMP.B   #126,D0
02:0000155E 6E06            	   849:         BGT     NonPrintable
                            	   850: 
02:00001560 4EB81342        	   851:         JSR     UART_WriteChar
02:00001564 6008            	   852:         BRA     NextAscii
                            	   853: 
                            	   854: NonPrintable:
02:00001566 103C002E        	   855:         MOVE.B  #'.',D0           ; Substitui não imprimíveis
02:0000156A 4EB81342        	   856:         JSR     UART_WriteChar
                            	   857: 
                            	   858: NextAscii:
02:0000156E 51CAFFE2        	   859:         DBRA    D2,AsciiLoop
                            	   860: 
02:00001572 103C007C        	   861:         MOVE.B  #'|',D0
02:00001576 4EB81342        	   862:         JSR     UART_WriteChar
02:0000157A 103C000D        	   863:         MOVE.B  #13,D0            ; CR
02:0000157E 4EB81342        	   864:         JSR     UART_WriteChar
02:00001582 103C000A        	   865:         MOVE.B  #10,D0            ; LF
02:00001586 4EB81342        	   866:         JSR     UART_WriteChar
                            	   867: 
                            	   868: NoEndLine:
                            	   869:         ; Verifica fim do dump
02:0000158A B1C1            	   870:         CMP.L   D1,A0
02:0000158C 6300FF76        	   871:         BLS     DumpLoop
                            	   872: 
02:00001590 2F08            	   873:         MOVE.L  A0,-(SP)          ; Salva endereço atual
02:00001592 41F9000004A5    	   874:         LEA     HitAnyKey,A0
02:00001598 4EB81392        	   875:         JSR     UART_WriteString
02:0000159C 4EB8135C        	   876:         JSR     UART_ReadChar
02:000015A0 B03C001B        	   877:         CMP.B   #$1B,D0
02:000015A4 6706            	   878:         BEQ     .fim
                            	   879: 
02:000015A6 205F            	   880:         MOVE.L  (SP)+,A0          ; Recupera endereço atual
02:000015A8 6000FF50        	   881:         BRA     DUMPLOOPMASTER
                            	   882: .fim
02:000015AC 6000FB1C        	   883:         BRA     MenuLoop
                            	   884: 
                            	   885: ; ----------------------------------------------------------------------
                            	   886: ; PrintHexAddress - Imprime endereço de 32 bits
                            	   887: ; Entrada: D0 = endereço
                            	   888: ; ----------------------------------------------------------------------
                            	   889: PrintHexAddress:
02:000015B0 4840            	   890:         SWAP    D0                ; Imprime parte alta primeiro
02:000015B2 4EB815B8        	   891:         JSR     PrintWordHex
02:000015B6 4840            	   892:         SWAP    D0                ; Parte baixa
                            	   893:         ; Continua para PrintWordHex
                            	   894: 
                            	   895: ; ----------------------------------------------------------------------
                            	   896: ; PrintWordHex - Imprime word em hex (16 bits)
                            	   897: ; Entrada: D0.w = valor
                            	   898: ; ----------------------------------------------------------------------
                            	   899: PrintWordHex:
02:000015B8 E158            	   900:         ROL.W   #8,D0             ; Byte mais significativo primeiro
02:000015BA 4EB815C0        	   901:         JSR     PrintByteHex
02:000015BE E058            	   902:         ROR.W   #8,D0             ; Byte menos significativo
                            	   903:         ; Continua para PrintByteHex
                            	   904: 
                            	   905: ; ----------------------------------------------------------------------
                            	   906: ; PrintByteHex - Imprime byte em hex (8 bits)
                            	   907: ; Entrada: D0.b = valor
                            	   908: ; ----------------------------------------------------------------------
                            	   909: PrintByteHex:
02:000015C0 1F00            	   910:         MOVE.B  D0,-(SP)          ; Salva byte original
02:000015C2 E808            	   911:         LSR.B   #4,D0             ; Nibble alto
02:000015C4 6106            	   912:         BSR     PrintNibble
02:000015C6 101F            	   913:         MOVE.B  (SP)+,D0          ; Recupera byte
02:000015C8 0200000F        	   914:         ANDI.B  #$0F,D0           ; Nibble baixo
                            	   915:         ; Continua para PrintNibble
                            	   916: ; ----------------------------------------------------------------------
                            	   917: ; PrintNibble - Imprime um nibble em hex
                            	   918: ; Entrada: D0.b bits 3-0 = nibble (0-15)
                            	   919: ; ----------------------------------------------------------------------
                            	   920: PrintNibble:
02:000015CC B03C0009        	   921:         CMP.B   #9,D0
02:000015D0 6302            	   922:         BLS     .Decimal
02:000015D2 5E00            	   923:         ADD.B   #7,D0             ; Ajuste para A-F
                            	   924: .Decimal:
02:000015D4 D03C0030        	   925:         ADD.B   #'0',D0
02:000015D8 4EF81342        	   926:         JMP     UART_WriteChar    ; Usa JMP para tail call optimization
                            	   927: 
                            	   928: ;CLEARRAM:
                            	   929: ;        LEA     $80000,A0
                            	   930: ;        LEA     $9FFFF,A1
                            	   931: ;        ;LEA     $BFFFF,A1
                            	   932: ;        MOVEQ   #0,D0
                            	   933: ;.ClearLoop:
                            	   934: ;        MOVE.L  D0,(A0)+
                            	   935: ;        CMPA.L  A0,A1
                            	   936: ;        BHI     .ClearLoop
                            	   937: ;        RTS
                            	   938: 
                            	   939: 
                            	   940: CLEARRAM3:
02:000015DC 207900080022    	   941:         MOVE.L  (addressInHex),A0
02:000015E2 203900080022    	   942:         MOVE.L  (addressInHex),D0
02:000015E8 D0BC00001000    	   943:         ADD.L   #$1000,D0
02:000015EE 2240            	   944:         MOVE.L  D0,A1
02:000015F0 7000            	   945:         MOVEQ   #0,D0
                            	   946: .ClearLoop:
02:000015F2 20C0            	   947:         MOVE.L  D0,(A0)+
02:000015F4 B3C8            	   948:         CMPA.L  A0,A1
02:000015F6 62FA            	   949:         BHI     .ClearLoop
02:000015F8 6000FAD0        	   950:         BRA     MenuLoop
                            	   951: 
                            	   952: 
                            	   953: ; ----------------------------------------------------------------------
                            	   954: ; Subrotinas do Menu
                            	   955: ; ----------------------------------------------------------------------
                            	   956: 
                            	   957: ; 1. Seleciona UART
                            	   958: UART_Select:
                            	   959: SELECTUART:
02:000015FC 41F900000414    	   960:         LEA     PromptNotImplemented,A0
02:00001602 4EB81392        	   961:         JSR     UART_WriteString
                            	   962:         ;LEA     UARTPrompt,A0
                            	   963:         ;JSR     UART_WriteString
                            	   964:         ;JSR     UART_ReadHex        ; Lê endereço da UART
                            	   965:         ;MOVE.L  D0,CurrentUART      ; Atualiza UART atual
                            	   966:         ;JSR     UART_Init           ; Reinicializa UART
02:00001606 6000FAC2        	   967:         BRA     MenuLoop
                            	   968: 
                            	   969: ; 2. Configura Baud Rate
                            	   970: UART_Setbaudrate:
                            	   971: SETBAUDRATE:
02:0000160A 41F9000002A3    	   972:         LEA     BaudPrompt,A0
02:00001610 4EB81392        	   973:         JSR     UART_WriteString
02:00001614 4EB8135C        	   974:         JSR     UART_ReadChar
02:00001618 B03C0030        	   975:         CMP.B   #'0',D0
02:0000161C 6712            	   976:         BEQ     .FIM
02:0000161E 0280000000FF    	   977:         ANDI.L  #$000000FF,D0
02:00001624 903C0030        	   978:         SUB.B   #'0',D0
02:00001628 4EB811A8        	   979:         JSR     UART_Get_Value
                            	   980:         ;JSR     SafePrintHexAddress
02:0000162C 4EB8131C        	   981:         JSR     UART_INIT1
                            	   982: .FIM:
02:00001630 6000FA98        	   983:         BRA     MenuLoop
                            	   984: 
                            	   985: SafePrintHexAddress:
02:00001634 2F00            	   986:         MOVE.L  D0,-(SP)
02:00001636 4EB815B0        	   987:         JSR     PrintHexAddress
02:0000163A 201F            	   988:         MOVE.L  (SP)+,D0
02:0000163C 4EB81432        	   989:         JSR     new_line
02:00001640 4E75            	   990:         RTS
                            	   991: 
                            	   992: ; 3. Carrega programa via serial
                            	   993: LOADPROGRAM:
02:00001642 41F900082000    	   994:         LEA     pgm_buffer,A0   ; Onde os dados serão salvos
02:00001648 23C800080332    	   995:         MOVE.L  A0,usr_buffer_addr
02:0000164E 4EB81920        	   996:         JSR     XMODEM_Receive
02:00001652 6000FA76        	   997:         BRA     MenuLoop
                            	   998: 
                            	   999: ; 4. Grava programa manualmente (hex)
                            	  1000: WRITEPROGRAM:
02:00001656 41F900000391    	  1001:         LEA     WritePrompt,A0
02:0000165C 4EB81392        	  1002:         JSR     UART_WriteString
02:00001660 4EB8171C        	  1003:         JSR     UART_ReadHex        ; Lê endereço
02:00001664 227900080022    	  1004:         MOVE.L  (addressInHex),A1               ; A1 = ponteiro
                            	  1005: 
02:0000166A 41F9000003A1    	  1006:         LEA     WriteSizePrompt,A0
02:00001670 4EB81392        	  1007:         JSR     UART_WriteString
02:00001674 7000            	  1008:         MOVE.L  #$00000000,D0
                            	  1009: .WriteLoop:
02:00001676 4EB817BC        	  1010:         JSR     UART_ReadByte       ; Lê byte
                            	  1011:         TST_FLAG_SET FL_ESC,.fim    ; Testa o bit 0 (ESC=0 se setado)
02:0000167A 0839000000080544	     1M     BTST    #FL_ESC,minhas_flags  ; Testa o bit FL_ESC
02:00001682 6704            	     2M     BEQ     .fim                ; Se bit = 0 (Z=1), pula para o rótulo .fim
02:00001684 12C0            	  1012:         MOVE.B  D0,(A1)+            ; Armazena
02:00001686 60EE            	  1013:         BRA     .WriteLoop
                            	  1014: 
                            	  1015: .fim:
02:00001688 41F9000003C6    	  1016:         LEA     WriteDoneMsg,A0
02:0000168E 4EB81392        	  1017:         JSR     UART_WriteString
02:00001692 6000FA36        	  1018:         BRA     MenuLoop
                            	  1019: 
                            	  1020: ; 5. Executa programa na RAM
                            	  1021: RUNPROGRAM:
02:00001696 41F900080532    	  1022:         LEA     flag_pgm_loaded,A0   ; Get flag program loaded
02:0000169C 1010            	  1023:         MOVE.B  (A0),D0              ; Program  loaded
02:0000169E B03C0001        	  1024:         CMP.B   #1,D0
02:000016A2 670E            	  1025:         BEQ     .run_program
02:000016A4 41F9000003F9    	  1026:         LEA     NO_PROGRAM_TO_RUN,A0
02:000016AA 4EB81392        	  1027:         JSR     UART_WriteString
02:000016AE 6000FA1A        	  1028:         BRA     MenuLoop
                            	  1029: 
                            	  1030: .run_program
02:000016B2 41F9000003E2    	  1031:         LEA     RunPrompt,A0
02:000016B8 4EB81392        	  1032:         JSR     UART_WriteString
02:000016BC 204F            	  1033:         MOVE.L  SP,A0
02:000016BE 23C800080548    	  1034:         MOVE.L  A0,monitor_stack
02:000016C4 41F900082000    	  1035:         LEA     pgm_buffer,A0   ; A0 aponta para o endereço buffer onde esta o progama
02:000016CA 4E90            	  1036:         JSR     (A0)        ; Chama o código como uma sub-rotina (salva o endereço de retorno)
02:000016CC 6000F9FC        	  1037:         BRA     MenuLoop
                            	  1038: 
                            	  1039: ; ----------------------------------------------------------------------
                            	  1040: ; Rotinas Auxiliares
                            	  1041: ; ----------------------------------------------------------------------
                            	  1042: 
                            	  1043: ; Lê número hexadecimal (retorna em D0)
                            	  1044: UART_ReadHex1:
02:000016D0 2F01            	  1045:         MOVE.L  D1,-(SP)
02:000016D2 2F02            	  1046:         MOVE.L  D2,-(SP)
                            	  1047: 
02:000016D4 41F900000391    	  1048:         LEA     WritePrompt,A0
02:000016DA 4EB81392        	  1049:         JSR     UART_WriteString
                            	  1050: 
02:000016DE 4EB81432        	  1051:         JSR     new_line
                            	  1052: 
02:000016E2 7000            	  1053:         MOVEQ   #0,D0
02:000016E4 7200            	  1054:         MOVEQ   #0,D1            ; Máximo 8 dígitos
02:000016E6 7400            	  1055:         MOVEQ   #0,D2            ; Resultado em D2
                            	  1056: 
                            	  1057: .Loop:
02:000016E8 4EB8135C        	  1058:         JSR     UART_ReadChar
02:000016EC B03C000D        	  1059:         CMP.B   #13,D0
02:000016F0 670C            	  1060:         BEQ     .Done
02:000016F2 B03C000A        	  1061:         CMP.B   #10,D0
02:000016F6 6706            	  1062:         BEQ     .Done
02:000016F8 4EB81812        	  1063:         JSR     BufferPut
02:000016FC 60EA            	  1064:         BRA     .Loop
                            	  1065: .Done:
                            	  1066: ;         BSR     UART_BufferGet
                            	  1067: ;         CMP.B   #-1,D0          ; Buffer vazio?
                            	  1068: ;         BEQ     NadaParaLer      ; Se sim, ignora
                            	  1069: ;         Senão, D0 contém o byte lido!
                            	  1070: .loop1:
02:000016FE 4EB8184A        	  1071:         JSR     BufferGet
02:00001702 B03C00FF        	  1072:         CMP.B   #-1,D0          ; Buffer vazio?
02:00001706 6706            	  1073:         BEQ     .fim      ; Se sim, ignora
02:00001708 4EB81342        	  1074:         JSR     UART_WriteChar
02:0000170C 60F0            	  1075:         BRA     .loop1
                            	  1076: .fim:
02:0000170E 241F            	  1077:         MOVE.L  (SP)+,D2
02:00001710 221F            	  1078:         MOVE.L  (SP)+,D1
02:00001712 4EB81432        	  1079:         JSR     new_line
02:00001716 6000F9B2        	  1080:         bra     MenuLoop ;provisoriamente
02:0000171A 4E75            	  1081:         RTS
                            	  1082: 
                            	  1083: ; Lê número hexadecimal (retorna em D0)
                            	  1084: UART_ReadHex:
02:0000171C 2F01            	  1085:         MOVE.L  D1,-(SP)
02:0000171E 2F02            	  1086:         MOVE.L  D2,-(SP)
                            	  1087: 
02:00001720 7000            	  1088:         MOVEQ   #0,D0
02:00001722 721C            	  1089:         MOVEQ   #28,D1            ; Máximo 8 dígitos
02:00001724 7400            	  1090:         MOVEQ   #0,D2            ; Resultado em D2
                            	  1091: .Loop:
02:00001726 7000            	  1092:         CLR.L   D0
02:00001728 4EB8135C        	  1093:         JSR     UART_ReadChar
02:0000172C B03C000D        	  1094:         CMP.B   #13,D0
02:00001730 674C            	  1095:         BEQ     .Done
02:00001732 B03C000A        	  1096:         CMP.B   #10,D0
02:00001736 6746            	  1097:         BEQ     .Done
                            	  1098:         ;Tratando os numeros
02:00001738 B03C0030        	  1099:         CMP.B   #'0',D0
02:0000173C 6C02            	  1100:         BGE     .maiorQueZero
02:0000173E 60E6            	  1101:         BRA     .Loop
                            	  1102: .maiorQueZero:
02:00001740 B03C0039        	  1103:         CMP.B   #'9',D0
02:00001744 6F10            	  1104:         BLE     .isdigit
                            	  1105:         ;Tratando as letras
02:00001746 B03C0041        	  1106:         CMP.B   #'A',D0
02:0000174A 6C02            	  1107:         BGE     .maiorQueA
02:0000174C 60D8            	  1108:         BRA     .Loop
                            	  1109: .maiorQueA:
02:0000174E B03C0046        	  1110:         CMP.B   #'F',D0
02:00001752 6F16            	  1111:         BLE     .isletter
02:00001754 60D0            	  1112:         BRA     .Loop
                            	  1113: .isdigit:
02:00001756 903C0030        	  1114:         SUB.B   #'0',D0
02:0000175A E3A8            	  1115:         LSL.L   D1,D0
02:0000175C 5901            	  1116:         SUB.B   #4,D1
02:0000175E 8480            	  1117:         OR.L    D0,D2
02:00001760 41F900080022    	  1118:         LEA     addressInHex,A0
02:00001766 2082            	  1119:         MOVE.L  D2,(A0)
02:00001768 60BC            	  1120:         BRA     .Loop
                            	  1121: .isletter:
02:0000176A 903C0037        	  1122:         SUB.B   #$37,D0
02:0000176E E3A8            	  1123:         LSL.L   D1,D0
02:00001770 5901            	  1124:         SUB.B   #4,D1
02:00001772 8480            	  1125:         OR.L    D0,D2
02:00001774 41F900080022    	  1126:         LEA     addressInHex,A0
02:0000177A 2082            	  1127:         MOVE.L  D2,(A0)
02:0000177C 60A8            	  1128:         BRA     .Loop
                            	  1129: .Done:
02:0000177E 4EB81432        	  1130:         JSR     new_line
02:00001782 41F900080022    	  1131:         LEA     addressInHex,A0
02:00001788 2010            	  1132:         MOVE.L  (A0),D0
02:0000178A 4EB815B0        	  1133:         JSR     PrintHexAddress
02:0000178E 4EB81432        	  1134:         JSR     new_line
02:00001792 241F            	  1135:         MOVE.L  (SP)+,D2
02:00001794 221F            	  1136:         MOVE.L  (SP)+,D1
02:00001796 4E75            	  1137:         RTS
                            	  1138: 
                            	  1139: READ_IN_HEXA:
02:00001798 41F90000043D    	  1140:         LEA     TestHexInput,A0
02:0000179E 4EB81392        	  1141:         JSR     UART_WriteString
02:000017A2 4EB8171C        	  1142:         JSR     UART_ReadHex
02:000017A6 6000F922        	  1143:         bra     MenuLoop
                            	  1144: 
                            	  1145: 
                            	  1146: ; Lê 4 bytes (32 bits) via UART
                            	  1147: UART_ReadLong:
02:000017AA 7000            	  1148:         MOVEQ   #0,D0
02:000017AC 7203            	  1149:         MOVEQ   #3,D1            ; 4 bytes a ler
                            	  1150: .Loop:
02:000017AE E188            	  1151:         LSL.L   #8,D0            ; Desloca resultado atual
02:000017B0 4EB817BC        	  1152:         JSR     UART_ReadByte
02:000017B4 8000            	  1153:         OR.B    D0,D0            ; Combina com novo byte
02:000017B6 51C9FFF6        	  1154:         DBF     D1,.Loop
02:000017BA 4E75            	  1155:         RTS
                            	  1156: 
                            	  1157: ; Lê byte hexadecimal (2 caracteres ASCII)
                            	  1158: UART_ReadByte:
                            	  1159:         CLR_FLAG    FL_ESC
02:000017BC 08F9000000080544	     1M     BSET    #FL_ESC,minhas_flags  ; FL_ESC = primeiro argumento (bit)
02:000017C4 44FC0000        	  1160:         MOVE #0,CCR
                            	  1161:         ;MOVE.L  D0,-(SP)            ; Preserva D0
02:000017C8 4EB817EC        	  1162:         JSR     UART_ReadHexNibble
                            	  1163:         TST_FLAG_SET FL_ESC,.Fim            ; Testa o bit 0 (Z=0 se setado)
02:000017CC 0839000000080544	     1M     BTST    #FL_ESC,minhas_flags  ; Testa o bit FL_ESC
02:000017D4 6714            	     2M     BEQ     .Fim                ; Se bit = 0 (Z=1), pula para o rótulo .Fim
02:000017D6 E908            	  1164:         LSL.B   #4,D0
02:000017D8 1200            	  1165:         MOVE.B  D0,D1
02:000017DA 4EB817EC        	  1166:         JSR     UART_ReadHexNibble
                            	  1167:         TST_FLAG_SET FL_ESC,.Fim            ; Testa o bit 0 (Z=0 se setado)
02:000017DE 0839000000080544	     1M     BTST    #FL_ESC,minhas_flags  ; Testa o bit FL_ESC
02:000017E6 6702            	     2M     BEQ     .Fim                ; Se bit = 0 (Z=1), pula para o rótulo .Fim
02:000017E8 8001            	  1168:         OR.B    D1,D0
                            	  1169: .Fim:
                            	  1170:         ;MOVE.L  (SP)+,D0        ; Recupera D0
02:000017EA 4E75            	  1171:         RTS
                            	  1172: 
                            	  1173: ; Lê meio-byte hexadecimal
                            	  1174: UART_ReadHexNibble:
02:000017EC 4EB8135C        	  1175:         JSR     UART_ReadChar
02:000017F0 B03C001B        	  1176:         CMP.B   #$1B,D0
02:000017F4 6712            	  1177:         BEQ     .Fim
02:000017F6 B03C0041        	  1178:         CMP.B   #'A',D0
02:000017FA 6D02            	  1179:         BLT     .Digit
02:000017FC 5F00            	  1180:         SUB.B   #7,D0            ; Ajuste para A-F
                            	  1181: .Digit:
02:000017FE 903C0030        	  1182:         SUB.B   #'0',D0
02:00001802 C03C000F        	  1183:         AND.B   #$0F,D0
02:00001806 4E75            	  1184:         RTS
                            	  1185: .Fim:
                            	  1186:         SET_FLAG FL_ESC
02:00001808 08B9000000080544	     1M     BCLR    #FL_ESC,minhas_flags  ; FL_ESC = primeiro argumento (bit)
02:00001810 4E75            	  1187:         RTS
                            	  1188: 
                            	  1189: ;--------------------------------------------------
                            	  1190: ; BufferPut - Insere um byte no buffer (D0.B = byte)
                            	  1191: ;--------------------------------------------------
                            	  1192: ; Exemplo: insere 'A' no buffer
                            	  1193: ;          MOVE.B  #'A',D0
                            	  1194: ;          JSR     UART_BufferPut
                            	  1195: 
                            	  1196: BufferPut:
02:00001812 2F01            	  1197:         MOVE.L  D1,-(SP)
02:00001814 2F08            	  1198:         MOVE.L  A0,-(SP)
                            	  1199: 
                            	  1200:         ;ANDI.W    #$FF00,D0
02:00001816 41F900080030    	  1201:         LEA     BUFFER,A0
02:0000181C 32390008002E    	  1202:         MOVE.W  BUFFER_COUNT,D1
                            	  1203: 
02:00001822 B27C0100        	  1204:         CMP.W   #256,D1
02:00001826 6C1C            	  1205:         BGE     .BufferFull
                            	  1206: 
                            	  1207:         ; Modificado para usar deslocamento de 16 bits
02:00001828 323900080026    	  1208:         MOVE.W  BUFFER_HEAD,D1
02:0000182E D0C1            	  1209:         ADD     D1,A0
02:00001830 1080            	  1210:         MOVE.B  D0,(A0)              ;PUTTING BYTE
                            	  1211: 
02:00001832 5441            	  1212:         ADD     #2,D1              ; Incrementa como word
02:00001834 024100FF        	  1213:         ANDI.W  #255,D1            ; Mantém no range 0-255
02:00001838 33C100080026    	  1214:         MOVE.W  D1,BUFFER_HEAD
                            	  1215: 
02:0000183E 52790008002E    	  1216:         ADDQ.W  #1,BUFFER_COUNT
                            	  1217: 
                            	  1218: .BufferFull:
02:00001844 205F            	  1219:         MOVE.L  (SP)+,A0
02:00001846 221F            	  1220:         MOVE.L  (SP)+,D1
                            	  1221: 
02:00001848 4E75            	  1222:         RTS
                            	  1223: 
                            	  1224: ;--------------------------------------------------
                            	  1225: ; BufferGet - Pega um byte do buffer (retorna em D0.B, ou -1 se vazio)
                            	  1226: ;--------------------------------------------------
                            	  1227: ;Exemplo: Lendo byte do buffer
                            	  1228: ;         BSR     UART_BufferGet
                            	  1229: ;         CMP.B   #-1,D0          ; Buffer vazio?
                            	  1230: ;         BEQ     NadaParaLer      ; Se sim, ignora
                            	  1231: ;         Senão, D0 contém o byte lido!
                            	  1232: BufferGet:
02:0000184A 2F01            	  1233:         MOVE.L  D1,-(SP)
02:0000184C 2F08            	  1234:         MOVE.L  A0,-(SP)
                            	  1235: 
02:0000184E 32390008002E    	  1236:         MOVE.W  BUFFER_COUNT,D1
02:00001854 6724            	  1237:         BEQ     .BufferEmpty
                            	  1238: 
02:00001856 41F900080030    	  1239:         LEA     BUFFER,A0
                            	  1240: 
                            	  1241:         ; Modificado para usar deslocamento de 16 bits
02:0000185C 32390008002A    	  1242:         MOVE.W  BUFFER_TAIL,D1
02:00001862 10301000        	  1243:         MOVE.B  (A0,D1.W),D0       ; Usando D1.W em vez de D1.L
                            	  1244: 
02:00001866 5401            	  1245:         ADDQ.B  #2,D1              ; Incrementa como word
02:00001868 024100FF        	  1246:         ANDI.W  #255,D1            ; Mantém no range 0-255
02:0000186C 33C10008002A    	  1247:         MOVE.W  D1,BUFFER_TAIL
                            	  1248: 
02:00001872 53790008002E    	  1249:         SUBQ.W  #1,BUFFER_COUNT
02:00001878 6006            	  1250:         BRA     .Exit
                            	  1251: 
                            	  1252: .BufferEmpty:
02:0000187A 4EB81886        	  1253:         JSR     FBufferEmpty
02:0000187E 70FF            	  1254:         MOVEQ   #-1,D0
                            	  1255: .Exit:
02:00001880 205F            	  1256:         MOVE.L  (SP)+,A0
02:00001882 221F            	  1257:         MOVE.L  (SP)+,D1
02:00001884 4E75            	  1258:         RTS
                            	  1259: 
                            	  1260: FBufferEmpty:
02:00001886 4EB81432        	  1261:         JSR     new_line
02:0000188A 41F900000427    	  1262:         LEA     BufferEmpty,A0
02:00001890 4EB81392        	  1263:         JSR     UART_WriteString
02:00001894 4EB81432        	  1264:         JSR     new_line
02:00001898 4E75            	  1265:         RTS
                            	  1266: ;---------------------------------------------------------------------
                            	  1267: ; Zera os ponteiros do buffer circular (HEAD e TAIL) - VASM Edition
                            	  1268: ;---------------------------------------------------------------------
                            	  1269: ClearBufferPointers:
02:0000189A 23FC000000000008	  1270:         MOVE.L  #0,BUFFER_HEAD    ; Zera BUFFER_HEAD (32 bits)
02:000018A2 0026
02:000018A4 23FC000000000008	  1271:         MOVE.L  #0,BUFFER_TAIL    ; Zera BUFFER_TAIL (32 bits)
02:000018AC 002A
02:000018AE 33FC00000008002E	  1272:         MOVE.W  #0,BUFFER_COUNT   ; Opcional: zera contador (16 bits)
02:000018B6 4E75            	  1273:         RTS
                            	  1274: ;---------------------------------------------------------------------
                            	  1275: ; MontaAddress - Lê 8 bytes (4 bits cada) e forma um uint32
                            	  1276: ; Entrada: Buffer contém 8 bytes (MSB first, 4 bits úteis cada)
                            	  1277: ; Saída:   D0.L = valor de 32 bits (formado pelos nibbles)
                            	  1278: ;          D1.B = 0 (sucesso) ou -1 (erro, buffer vazio)
                            	  1279: ;---------------------------------------------------------------------
                            	  1280: MontaAddress:
02:000018B8 48E73C80        	  1281:         MOVEM.L D2-D5/A0,-(SP)   ; Salva registradores
                            	  1282: 
                            	  1283:         ; Verifica se há pelo menos 8 bytes no buffer
02:000018BC 32390008002E    	  1284:         MOVE.W  BUFFER_COUNT,D1
02:000018C2 B27C0008        	  1285:         CMP.W   #8,D1
02:000018C6 6D38            	  1286:         BLT     .BufferUnderrun   ; Erro se menos que 8 bytes
                            	  1287: 
02:000018C8 41F900080030    	  1288:         LEA     BUFFER,A0      ; A0 = base do buffer
02:000018CE 24390008002A    	  1289:         MOVE.L  BUFFER_TAIL,D2    ; D2 = tail (ponteiro de leitura)
02:000018D4 7000            	  1290:         CLR.L   D0                ; Zera D0 (resultado final)
02:000018D6 7607            	  1291:         MOVEQ   #7,D3             ; Contador (8 nibbles, MSB first)
                            	  1292: 
                            	  1293: .ReadLoop:
02:000018D8 18302800        	  1294:         MOVE.B  (A0,D2.L),D4      ; Lê byte do buffer
02:000018DC 0204000F        	  1295:         ANDI.B  #$0F,D4          ; Pega apenas os 4 bits inferiores
                            	  1296: 
                            	  1297:         ; Desloca e insere os 4 bits em D0
02:000018E0 E988            	  1298:         LSL.L   #4,D0             ; Abre espaço para o novo nibble
02:000018E2 8004            	  1299:         OR.B    D4,D0             ; Adiciona os 4 bits no LSB
                            	  1300: 
                            	  1301:         ; Atualiza tail (circular)
02:000018E4 5282            	  1302:         ADDQ.L  #1,D2
02:000018E6 0282000000FF    	  1303:         ANDI.L  #255,D2           ; Mantém entre 0-255
                            	  1304: 
02:000018EC 51CBFFEA        	  1305:         DBRA    D3,.ReadLoop      ; Repete para todos os 8 nibbles
                            	  1306: 
                            	  1307:         ; Atualiza ponteiros globais
02:000018F0 23C20008002A    	  1308:         MOVE.L  D2,BUFFER_TAIL
02:000018F6 51790008002E    	  1309:         SUB.W   #8,BUFFER_COUNT
                            	  1310: 
02:000018FC 7200            	  1311:         MOVEQ   #0,D1             ; Sucesso (D1 = 0)
02:000018FE 6004            	  1312:         BRA     .Exit
                            	  1313: 
                            	  1314: .BufferUnderrun:
02:00001900 72FF            	  1315:         MOVEQ   #-1,D1            ; Erro (D1 = -1)
02:00001902 7000            	  1316:         MOVEQ   #0,D0             ; Retorna 0 em D0
                            	  1317: 
                            	  1318: .Exit:
02:00001904 4CDF013C        	  1319:         MOVEM.L (SP)+,D2-D5/A0    ; Restaura registradores
02:00001908 4E75            	  1320:         RTS
                            	  1321: 
02:0000190A 706473696C766120	  1322:         DC.B "pdsilva AKA pgordao"
02:00001912 414B412070676F72
02:0000191A 64616F
                            	  1323:         ALIGN 2
                            	  1324: ; =====================================================================
                            	  1325: ; XMODEM RECEIVER ROUTINE
                            	  1326: ;bloco.append(0x01);        // SOH
                            	  1327: ;bloco.append(blockNumber); // Número do bloco (começa com 1)
                            	  1328: ;bloco.append(255 - blockNumber); // Complemento
                            	  1329: ;bloco.append(dados);       // Seus 128 bytes de dados
                            	  1330: ;bloco.append(checksum);    // Checksum calculado
                            	  1331: ; =====================================================================
                            	  1332: XMODEM_Receive:
02:00001920 48E73FFE        	  1333:        MOVEM.L D2-D7/A0-A6,-(SP)
                            	  1334:        ; Inicializa variáveis
02:00001924 41F900080331    	  1335:        LEA     expected_block,A0
02:0000192A 103C0001        	  1336:        MOVE.B  #1,D0
02:0000192E 1080            	  1337:        MOVE.B  D0,(A0)             ; Bloco esperado (0)
02:00001930 41F900080130    	  1338:        LEA     xmodem_buffer,A0
                            	  1339: 
02:00001936 41F900080532    	  1340:        LEA     flag_pgm_loaded,A0   ; Get flag program loaded
02:0000193C 103C0000        	  1341:        MOVE.B  #0,D0
02:00001940 1080            	  1342:        MOVE.B  D0,(A0)              ; Program not loaded
                            	  1343: 
                            	  1344:        ; ---- 1. INICIALIZAÇÃO ----
02:00001942 103C0015        	  1345:        MOVE.B  #NAK,D0
02:00001946 4EB81342        	  1346:        JSR     UART_WriteChar      ; Solicita início
                            	  1347: 
                            	  1348:        ;SINALIZA NACK SENT
02:0000194A 303C0800        	  1349:        MOVE.W  #$0800,D0
02:0000194E 4EB812B4        	  1350:        JSR     __write_leds
                            	  1351: 
                            	  1352:        ;LEA   pgm_buffer,A2   ; Destino (garanta alinhamento em 4 bytes)
02:00001952 45F900082000    	  1353:        LEA   $00082000,A2   ; Destino (garanta alinhamento em 4 bytes)
                            	  1354: 
                            	  1355:        ; ---- 2. LOOP PRINCIPAL ----
                            	  1356: Receive_Loop:
02:00001958 4EB8137C        	  1357:        JSR     UART_ReadCharNonEcho
                            	  1358: 
02:0000195C B03C0004        	  1359:        CMP.B   #EOT,D0
02:00001960 670000B6        	  1360:        BEQ     Transfer_Complete   ; Fim da transmissão
                            	  1361: 
02:00001964 B03C0001        	  1362:        CMP.B   #SOH,D0
02:00001968 66EE            	  1363:        BNE     Receive_Loop        ; Ignora bytes inválidos
                            	  1364: 
                            	  1365:        ;SINALIZA leds
02:0000196A 303C0100        	  1366:        MOVE.W  #$0100,D0
02:0000196E 4EB812B4        	  1367:        JSR     __write_leds
                            	  1368: 
                            	  1369:        ; ---- 3. RECEBE HEADER ----
02:00001972 4EB81A3A        	  1370:        JSR     UART_ReadCharNonEchoTimeout       ; Block number
02:00001976 13C000080330    	  1371:        MOVE.B  D0,block_number
                            	  1372: 
02:0000197C 4EB8137C        	  1373:        JSR     UART_ReadCharNonEcho       ; ~Block number (complemento)
                            	  1374: 
                            	  1375:        ;SINALIZA leds
02:00001980 303C0800        	  1376:        MOVE.W  #$0800,D0
02:00001984 4EB812B4        	  1377:        JSR     __write_leds
                            	  1378: 
                            	  1379:        ; ---- 4. RECEBE DADOS ----
02:00001988 7220            	  1380:        MOVE.L  #128/4,D1        ; 32 longs (128 bytes)
02:0000198A 43F900080130    	  1381:        LEA     xmodem_buffer,A1
                            	  1382: Read_Loop:
                            	  1383:        ; Lê 4 bytes da UART e armazena em D0 (usando shifts/ORs)
02:00001990 4EB8137C        	  1384:        JSR     UART_ReadCharNonEcho    ; Byte 1 (bits 24-31)
02:00001994 E188            	  1385:        LSL.L   #8,D0
02:00001996 4EB8137C        	  1386:        JSR     UART_ReadCharNonEcho    ; Byte 2 (bits 16-23)
02:0000199A E188            	  1387:        LSL.L   #8,D0
02:0000199C 4EB8137C        	  1388:        JSR     UART_ReadCharNonEcho    ; Byte 3 (bits 8-15)
02:000019A0 E188            	  1389:        LSL.L   #8,D0
02:000019A2 4EB8137C        	  1390:        JSR     UART_ReadCharNonEcho    ; Byte 4 (bits 0-7)
02:000019A6 22C0            	  1391:        MOVE.L  D0,(A1)+         ; Grava os 4 bytes
02:000019A8 5381            	  1392:        SUBQ.L  #1,D1
02:000019AA 66E4            	  1393:        BNE     Read_Loop
                            	  1394: 
02:000019AC 303C0200        	  1395:        MOVE.W  #$0200,D0
02:000019B0 4EB812B4        	  1396:        JSR     __write_leds
                            	  1397: 
                            	  1398:        ; ---- 5. VERIFICA CHECKSUM ----
02:000019B4 4EB8137C        	  1399:        JSR     UART_ReadCharNonEcho       ; Checksum
02:000019B8 1400            	  1400:        MOVE.B  D0,D2
                            	  1401: 
                            	  1402:         ; Calcula checksum local
02:000019BA 43F900080130    	  1403:         LEA     xmodem_buffer,A1
02:000019C0 323C007F        	  1404:         MOVE.W  #127,D1
02:000019C4 7600            	  1405:         CLR.L   D3
                            	  1406: 
                            	  1407: Calc_Checksum:
02:000019C6 D619            	  1408:         ADD.B   (A1)+,D3
02:000019C8 51C9FFFC        	  1409:         DBF     D1,Calc_Checksum;
                            	  1410: 
02:000019CC B602            	  1411:         CMP.B   D2,D3
02:000019CE 6634            	  1412:         BNE     Send_NAK            ; Erro no checksum
                            	  1413: 
                            	  1414:         ;---- 6. VALIDA NÚMERO DO BLOCO ----
                            	  1415:         ;MOVE.B  block_number,D0
                            	  1416:         ;CMP.B   expected_block,D0
                            	  1417:         ;BNE     Send_NAK            ; Bloco fora de ordem
                            	  1418: 
                            	  1419:         ; ---- 7. COPIA DADOS VÁLIDOS ----
                            	  1420:         ; (Aqui você processa os 128 bytes recebidos)
                            	  1421:         ; Exemplo: copiar do buffer para a RAM
                            	  1422:         ; 1. Copia os 128 bytes do XMODEM para o buffer destino
02:000019D0 43F900080130    	  1423:         LEA     xmodem_buffer,A1     ; Origem (128 bytes)
02:000019D6 7220            	  1424:         MOVE.L  #32,D1              ; 32 longs = 128 bytes (contador exato)
                            	  1425: Copy_Data:
02:000019D8 24D9            	  1426:         MOVE.L  (A1)+,(A2)+         ; Copia 4 bytes por vez
02:000019DA 5381            	  1427:         SUBQ.L  #1,D1               ; Decrementa contador
02:000019DC 66FA            	  1428:         BNE     Copy_Data            ; Repete até D1 = 0
                            	  1429: 
                            	  1430:         ; ---- 8. CONFIMA RECEPÇÃO ----
02:000019DE 523900080331    	  1431:         ADDQ.B  #1,expected_block   ; Próximo bloco
02:000019E4 103C0006        	  1432:         MOVE.B  #ACK,D0
02:000019E8 4EB81342        	  1433:         JSR     UART_WriteChar
02:000019EC 6000FF6A        	  1434:         BRA     Receive_Loop
                            	  1435: 
                            	  1436: Send_ACK:
                            	  1437:         ;SINALIZA NACK SENT
02:000019F0 303C0400        	  1438:         MOVE.W  #$0400,D0
02:000019F4 4EB812B4        	  1439:         JSR     __write_leds
02:000019F8 103C0006        	  1440:         MOVE.B  #ACK,D0
02:000019FC 4EB81342        	  1441:         JSR     UART_WriteChar
02:00001A00 6000FF56        	  1442:         BRA     Receive_Loop
                            	  1443: 
                            	  1444: Send_NAK:
02:00001A04 303C0800        	  1445:         MOVE.W  #$0800,D0
02:00001A08 4EB812B4        	  1446:         JSR     __write_leds
02:00001A0C 103C0015        	  1447:         MOVE.B  #NAK,D0
02:00001A10 4EB81342        	  1448:         JSR     UART_WriteChar
02:00001A14 6000FF42        	  1449:         BRA     Receive_Loop
                            	  1450: 
                            	  1451: Transfer_Complete:
02:00001A18 303C1000        	  1452:         MOVE.W  #$1000,D0
02:00001A1C 4EB812B4        	  1453:         JSR     __write_leds
02:00001A20 103C0006        	  1454:         MOVE.B  #ACK,D0             ; Confirma EOT
02:00001A24 4EB81342        	  1455:         JSR     UART_WriteChar
                            	  1456: 
02:00001A28 41F900080532    	  1457:         LEA     flag_pgm_loaded,A0   ; Get flag program loaded
02:00001A2E 103C0001        	  1458:         MOVE.B  #1,D0
02:00001A32 1080            	  1459:         MOVE.B  D0,(A0)              ; Program  loaded
                            	  1460: 
02:00001A34 4CDF7FFC        	  1461:         MOVEM.L (SP)+,D2-D7/A0-A6
02:00001A38 4E75            	  1462:         RTS
                            	  1463: 
                            	  1464: ; Lê caractere (retorna em D0)
                            	  1465: UART_ReadCharNonEchoTimeout:
02:00001A3A 2F08            	  1466:         MOVE.L  A0,-(SP)        ; Preserva A0
02:00001A3C 2F01            	  1467:         MOVE.L  D1,-(SP)        ; Preserva A0
02:00001A3E 223C00002710    	  1468:         MOVE.L  #10000,D1
02:00001A44 207900080010    	  1469:         MOVE.L  CurrentUART,A0
                            	  1470: .WaitRx:
02:00001A4A 4A81            	  1471:         CMP.L   #0,D1
02:00001A4C 5341            	  1472:         SUB     #1,D1
02:00001A4E 6710            	  1473:         BEQ     .Fim
02:00001A50 08280000000A    	  1474:         BTST    #0,LSR(A0)        ; RX ready?
02:00001A56 67F2            	  1475:         BEQ     .WaitRx
                            	  1476: 
02:00001A58 1010            	  1477:         MOVE.B  RHR(A0),D0
02:00001A5A 221F            	  1478:         MOVE.L  (SP)+,D1        ;Restaura A0
02:00001A5C 205F            	  1479:         MOVE.L  (SP)+,A0        ;Restaura A0
02:00001A5E 4E75            	  1480:         RTS
                            	  1481: .Fim:
02:00001A60 221F            	  1482:         MOVE.L  (SP)+,D1        ;Restaura A0
02:00001A62 205F            	  1483:         MOVE.L  (SP)+,A0        ;Restaura A0
02:00001A64 4CDF7FFC        	  1484:         MOVEM.L (SP)+,D2-D7/A0-A6
02:00001A68 6000F660        	  1485:         BRA     MenuLoop
                            	  1486: ; ========================================================
                            	  1487: ; Validador de Checksum para ROM (MC68000)
                            	  1488: ; Assume:
                            	  1489: ;   - Checksum está nos últimos 4 bytes da ROM (LONG)
                            	  1490: ;   - Big-endian (padrão 68000)
                            	  1491: ;   - ROM termina em 0x0000FFFF (16KB)
                            	  1492: ; ========================================================
                            	  1493: 
                            	  1494: VALIDATE_ROM:
02:00001A6C 91C8            	  1495:         LEA     ROM_START,A0        ; Endereço inicial da ROM (0x00000000)
02:00001A6E 203C00003FFC    	  1496:         MOVE.L  #ROM_SIZE-4,D0      ; Tamanho da ROM (16KB - 4 bytes)
02:00001A74 7200            	  1497:         MOVE.L  #0,D1               ; Acumulador do checksum
                            	  1498: 
                            	  1499:     ; --- Calcula checksum (soma de todos os LONGs, exceto os últimos 4 bytes) ---
                            	  1500: .CHECKSUM_LOOP:
02:00001A76 2418            	  1501:         MOVE.L  (A0)+,D2            ; Lê 4 bytes da ROM
02:00001A78 D282            	  1502:         ADD.L   D2,D1               ; Soma ao acumulador
02:00001A7A 5980            	  1503:         SUB.L   #4,D0               ; Decrementa contador
02:00001A7C 6EF8            	  1504:         BGT     .CHECKSUM_LOOP      ; Repete até D0 <= 0
                            	  1505: 
02:00001A7E 41F900080540    	  1506:         LEA     checksum_calc,A0
02:00001A84 20C1            	  1507:         MOVE.L  D1,(A0)+
                            	  1508:         ;RTS     ;NESSE MOMENTO NÃO FAZ NADA COM O RESULTADO
                            	  1509: 
                            	  1510:         ; --- Compara com o checksum armazenado (últimos 4 bytes da ROM) ---
02:00001A86 24383FFC        	  1511:         MOVE.L  ROM_END-4+1,D2        ; Lê o checksum gravado (0x0000FFFC)
02:00001A8A B481            	  1512:         CMP.L   D1,D2               ; Combina com o calculado?
02:00001A8C 6706            	  1513:         BEQ     .CHECKSUM_OK        ; Se sim, ROM válida
                            	  1514: 
                            	  1515:         ; --- Checksum inválido: travar o sistema ou notificar ---
02:00001A8E 363CDEAD        	  1516:         MOVE.W  #$DEAD,D3           ; Código de erro (opcional)
02:00001A92 6002            	  1517:         BRA     SYSTEM_HALT         ; Trava o sistema (ou reinicia)
                            	  1518: .CHECKSUM_OK:
02:00001A94 4E75            	  1519:         RTS                         ; Retorna (ROM válida)
                            	  1520: 
                            	  1521: 
                            	  1522: SYSTEM_HALT:
02:00001A96 46FC2700        	  1523:         MOVE.W  #$2700,SR        ; Desabilita interrupções
                            	  1524: .INFINITE_LOOP:
02:00001A9A 60FE            	  1525:         BRA     .INFINITE_LOOP   ; Trava o sistema
                            	  1526: 
                            	  1527: 
                            	  1528: 
                            	  1529: ; --- Constantes ---
                            	  1530: ROM_START   EQU     $00000000   ; Início da ROM
                            	  1531: ROM_END     EQU     $00003FFF   ; Fim da ROM (8KB)
                            	  1532: ROM_SIZE    EQU     ROM_END-ROM_START+1  ; Tamanho total (16384 bytes)
                            	  1533: 
                            	  1534: ;;;EXCEPTIONS**********************************************************
                            	  1535: ;**********************************************************************
                            	  1536: ; --- MENSAGENS DE DEBUG ---
02:00001A9C 457863657074696F	  1537: debug_msg:      DC.B "Exception - PC: ",0
02:00001AA4 6E202D2050433A20
02:00001AAC 00
02:00001AAD 5374617475732052	  1538: sr_msg:         DC.B "Status Reg: ",0
02:00001AB5 65673A20
02:00001AB9 00
02:00001ABA 537461636B205265	  1539: sp_msg:         DC.B "Stack Reg: ",0
02:00001AC2 673A20
02:00001AC5 00
02:00001AC6 537461636B552052	  1540: spu_msg:         DC.B "StackU Reg: ",0
02:00001ACE 65673A20
02:00001AD2 00
02:00001AD3 566563746F72206F	  1541: vector_msg:     DC.B "Vector offset: ",0
02:00001ADB 66667365743A20
02:00001AE2 00
02:00001AE3 566563746F72206E	  1542: vector_num_msg: DC.B "Vector number: ",0
02:00001AEB 756D6265723A20
02:00001AF2 00
02:00001AF3 427573204572726F	  1543: bus_error_msg:  DC.B "Bus Error!",0
02:00001AFB 7221
02:00001AFD 00
02:00001AFE 4164647265737320	  1544: address_error_msg: DC.B "Address Error!",0
02:00001B06 4572726F7221
02:00001B0C 00
02:00001B0D 496C6C6567616C20	  1545: illegal_msg:    DC.B "Illegal Instruction!",0
02:00001B15 496E737472756374
02:00001B1D 696F6E21
02:00001B21 00
02:00001B22 5452415020496E73	  1546: trap_msg:       DC.B "TRAP Instruction!",0
02:00001B2A 7472756374696F6E
02:00001B32 21
02:00001B33 00
02:00001B34 556E6B6E6F776E20	  1547: unknown_msg:    DC.B "Unknown Exception!",0
02:00001B3C 457863657074696F
02:00001B44 6E21
02:00001B46 00
                            	  1548: 
                            	  1549: 
                            	  1550: INT1_HANDLER:
02:00001B48 48E7FFFE        	  1551:         MOVEM.L D0-D7/A0-A6,-(A7)
                            	  1552:         ; Seu código de tratamento aqui
02:00001B4C 303CD100        	  1553:         MOVE.W  #$D100,D0
02:00001B50 31C04400        	  1554:         MOVE.W  D0,LED_ADDRESS
                            	  1555: 
02:00001B54 4CDF7FFF        	  1556:         MOVEM.L (A7)+,D0-D7/A0-A6
02:00001B58 4E73            	  1557:         RTE
                            	  1558: INT2_HANDLER:
02:00001B5A 48E7FFFE        	  1559:         MOVEM.L D0-D7/A0-A6,-(A7)
                            	  1560:         ; Seu código de tratamento aqui
02:00001B5E 303CD200        	  1561:         MOVE.W  #$D200,D0
02:00001B62 31C04400        	  1562:         MOVE.W  D0,LED_ADDRESS
                            	  1563: 
02:00001B66 4CDF7FFF        	  1564:         MOVEM.L (A7)+,D0-D7/A0-A6
02:00001B6A 4E73            	  1565:         RTE
                            	  1566: INT3_HANDLER:
02:00001B6C 48E7FFFE        	  1567:         MOVEM.L D0-D7/A0-A6,-(A7)
                            	  1568:         ; Seu código de tratamento aqui
02:00001B70 303CD300        	  1569:         MOVE.W  #$D300,D0
02:00001B74 31C04400        	  1570:         MOVE.W  D0,LED_ADDRESS
                            	  1571: 
02:00001B78 4CDF7FFF        	  1572:         MOVEM.L (A7)+,D0-D7/A0-A6
02:00001B7C 4E73            	  1573:         RTE
                            	  1574: INT4_HANDLER:
02:00001B7E 48E7FFFE        	  1575:         MOVEM.L D0-D7/A0-A6,-(A7)
                            	  1576:         ; Seu código de tratamento aqui
02:00001B82 303CD400        	  1577:         MOVE.W  #$D400,D0
02:00001B86 31C04400        	  1578:         MOVE.W  D0,LED_ADDRESS
                            	  1579: 
02:00001B8A 4CDF7FFF        	  1580:         MOVEM.L (A7)+,D0-D7/A0-A6
02:00001B8E 4E73            	  1581:         RTE
                            	  1582: INT5_HANDLER:
02:00001B90 48E7FFFE        	  1583:         MOVEM.L D0-D7/A0-A6,-(A7)
                            	  1584:         ; Seu código de tratamento aqui
02:00001B94 303CD500        	  1585:         MOVE.W  #$D500,D0
02:00001B98 31C04400        	  1586:         MOVE.W  D0,LED_ADDRESS
                            	  1587: 
02:00001B9C 4CDF7FFF        	  1588:         MOVEM.L (A7)+,D0-D7/A0-A6
02:00001BA0 4E73            	  1589:         RTE
                            	  1590: INT6_HANDLER:
02:00001BA2 48E7FFFE        	  1591:         MOVEM.L D0-D7/A0-A6,-(A7)
                            	  1592: 
02:00001BA6 52B90008054C    	  1593:         ADDQ.L  #1,system_tick
                            	  1594: 
02:00001BAC 303CD600        	  1595:         MOVE.W  #$D600,D0
02:00001BB0 31C04400        	  1596:         MOVE.W  D0,LED_ADDRESS
                            	  1597: 
02:00001BB4 4CDF7FFF        	  1598:         MOVEM.L (A7)+,D0-D7/A0-A6
02:00001BB8 4E73            	  1599:         RTE
                            	  1600: INT7_HANDLER:
02:00001BBA 48E7FFFE        	  1601:         MOVEM.L D0-D7/A0-A6,-(A7)
                            	  1602:         ; Seu código de tratamento aqui
02:00001BBE 52B90008054C    	  1603:         ADDQ.L  #1,system_tick
                            	  1604:         ;MOVE.W  #$D700,D0
                            	  1605:         ;MOVE.W  D0,LED_ADDRESS
                            	  1606: 
02:00001BC4 4CDF7FFF        	  1607:         MOVEM.L (A7)+,D0-D7/A0-A6
02:00001BC8 4E73            	  1608:         RTE
                            	  1609: 
                            	  1610: SERVICE_BUS_ERR:
02:00001BCA 31FCC1004400    	  1611:         MOVE.W  #$C100,LED_ADDRESS
02:00001BD0 4E73            	  1612:         RTE
                            	  1613: SERVICE_ADDR_ERR:
02:00001BD2 202F0002        	  1614:         MOVE.L  2(SP),D0        ; PC onde ocorreu a exceção
02:00001BD6 322F0006        	  1615:         MOVE.W  6(SP),D1        ; SR na época
02:00001BDA 342F0008        	  1616:         MOVE.W  8(SP),D2        ; Vector offset (FORMATO 68000!)
                            	  1617: 
02:00001BDE 2F00            	  1618:         MOVE.L  D0,-(SP)
02:00001BE0 41F81A9C        	  1619:         LEA     debug_msg,A0
02:00001BE4 4EB81392        	  1620:         JSR     UART_WriteString
                            	  1621: 
02:00001BE8 201F            	  1622:         MOVE.L  (SP)+,D0
02:00001BEA 4EB815B0        	  1623:         JSR     PrintHexAddress  ; Deve mostrar endereço válido
02:00001BEE 4EB81432        	  1624:         JSR     new_line
                            	  1625: 
02:00001BF2 41F81AAD        	  1626:         LEA     sr_msg,A0
02:00001BF6 4EB81392        	  1627:         JSR     UART_WriteString
02:00001BFA 7000            	  1628:         CLR.L   D0
02:00001BFC 3001            	  1629:         MOVE.W  D1,D0
02:00001BFE 4EB815B0        	  1630:         JSR     PrintHexAddress  ; Deve mostrar endereço válido
02:00001C02 4EB81432        	  1631:         JSR     new_line
                            	  1632: 
02:00001C06 41F81ABA        	  1633:         LEA     sp_msg,A0
02:00001C0A 4EB81392        	  1634:         JSR     UART_WriteString
02:00001C0E 7000            	  1635:         CLR.L   D0
02:00001C10 3002            	  1636:         MOVE.W  D2,D0
02:00001C12 4EB815B0        	  1637:         JSR     PrintHexAddress  ; Deve mostrar endereço válido
02:00001C16 4EB81432        	  1638:         JSR     new_line
02:00001C1A 31FCC2004400    	  1639:         MOVE.W  #$C200,LED_ADDRESS
02:00001C20 4E73            	  1640:         RTE
                            	  1641: SERVICE_ILLEGAL:
02:00001C22 202F0002        	  1642:         MOVE.L  2(SP),D0        ; PC onde ocorreu a exceção
02:00001C26 322F0006        	  1643:         MOVE.W  6(SP),D1        ; SR na época
02:00001C2A 342F0008        	  1644:         MOVE.W  8(SP),D2        ; Vector offset (FORMATO 68000!)
                            	  1645: 
02:00001C2E 2F00            	  1646:         MOVE.L  D0,-(SP)
02:00001C30 41F81A9C        	  1647:         LEA     debug_msg,A0
02:00001C34 4EB81392        	  1648:         JSR     UART_WriteString
                            	  1649: 
02:00001C38 201F            	  1650:         MOVE.L  (SP)+,D0
02:00001C3A 4EB815B0        	  1651:         JSR     PrintHexAddress  ; Deve mostrar endereço válido
02:00001C3E 4EB81432        	  1652:         JSR     new_line
                            	  1653: 
02:00001C42 41F81AAD        	  1654:         LEA     sr_msg,A0
02:00001C46 4EB81392        	  1655:         JSR     UART_WriteString
02:00001C4A 7000            	  1656:         CLR.L   D0
02:00001C4C 3001            	  1657:         MOVE.W  D1,D0
02:00001C4E 4EB815B0        	  1658:         JSR     PrintHexAddress  ; Deve mostrar endereço válido
02:00001C52 4EB81432        	  1659:         JSR     new_line
                            	  1660: 
02:00001C56 41F81ABA        	  1661:         LEA     sp_msg,A0
02:00001C5A 4EB81392        	  1662:         JSR     UART_WriteString
02:00001C5E 7000            	  1663:         CLR.L   D0
02:00001C60 3002            	  1664:         MOVE.W  D2,D0
02:00001C62 4EB815B0        	  1665:         JSR     PrintHexAddress  ; Deve mostrar endereço válido
02:00001C66 4EB81432        	  1666:         JSR     new_line
                            	  1667: 
02:00001C6A 41F81AAD        	  1668:         LEA     sr_msg,A0
02:00001C6E 4EB81392        	  1669:         JSR     UART_WriteString
02:00001C72 7000            	  1670:         CLR.L   D0
02:00001C74 40C0            	  1671:         MOVE.W  SR,D0
02:00001C76 4EB815B0        	  1672:         JSR     PrintHexAddress  ; Deve mostrar endereço válido
                            	  1673:         ;JSR     new_line
                            	  1674: 
02:00001C7A 41F81ABA        	  1675:         LEA     sp_msg,A0
02:00001C7E 4EB81392        	  1676:         JSR     UART_WriteString
02:00001C82 200F            	  1677:         MOVE.L  SP,D0
02:00001C84 4EB815B0        	  1678:         JSR     PrintHexAddress  ; Deve mostrar endereço válido
                            	  1679:         ;JSR     new_line
02:00001C88 31FCC3004400    	  1680:         MOVE.W  #$C300,LED_ADDRESS
                            	  1681: 
02:00001C8E 4EF810CA        	  1682:         JMP MenuLoop
02:00001C92 4E73            	  1683:         RTE
                            	  1684: 
                            	  1685: SERVICE_DIV0:
02:00001C94 31FCC4004400    	  1686:         MOVE.W  #$C400,LED_ADDRESS
02:00001C9A 4E73            	  1687:         RTE
                            	  1688: SERVICE_CHECK:
02:00001C9C 31FCC5004400    	  1689:         MOVE.W  #$C500,LED_ADDRESS
02:00001CA2 4E73            	  1690:         RTE
                            	  1691: SERVICE_TRAPV:
02:00001CA4 31FCC6004400    	  1692:         MOVE.W  #$C600,LED_ADDRESS
02:00001CAA 4E73            	  1693:         RTE
                            	  1694: SERVICE_PRIV:
02:00001CAC 31FCC7004400    	  1695:         MOVE.W  #$C700,LED_ADDRESS
02:00001CB2 4E73            	  1696:         RTE
                            	  1697: SERVICE_TRACE:
02:00001CB4 31FCC8004400    	  1698:         MOVE.W  #$C800,LED_ADDRESS
02:00001CBA 4E73            	  1699:         RTE
                            	  1700: SERVICE_LINE_A:
02:00001CBC 31FCC9004400    	  1701:         MOVE.W  #$C900,LED_ADDRESS
02:00001CC2 4E73            	  1702:         RTE
                            	  1703: SERVICE_LINE_F:
02:00001CC4 31FCCA004400    	  1704:         MOVE.W  #$CA00,LED_ADDRESS
02:00001CCA 4E73            	  1705:         RTE
                            	  1706: TRAP0_HANDLER:
                            	  1707:     ; Manipula o endereço de retorno na pilha
02:00001CCC 207900080548    	  1708:     MOVE.L  monitor_stack,A0
02:00001CD2 2E48            	  1709:     MOVE.L  A0,SP
02:00001CD4 4EB815B0        	  1710:     JSR PrintHexAddress
02:00001CD8 6000F3F0        	  1711:     BRA MenuLoop ; Substitui na pilha
02:00001CDC 4E73            	  1712:     rte
                            	  1713: SPURIOUS_HANDLER:
02:00001CDE 31FCCB004400    	  1714:     MOVE.W  #$CB00,LED_ADDRESS  ; Indica spurious
02:00001CE4 4E73            	  1715:     RTE
                            	  1716: 
                            	  1717: DEFAULT_HANDLER:
02:00001CE6 48E7FFFE        	  1718:     MOVEM.L D0-D7/A0-A6,-(SP)
                            	  1719: 
                            	  1720:     ; --- IDENTIFICA O TIPO DE EXCEÇÃO ---
                            	  1721:     ; --- AGORA lê corretamente da pilha ---
02:00001CEA 202F000E        	  1722:     MOVE.L  (14,SP),D0      ; ⭐⭐ PC (14 bytes abaixo por causa dos registradores salvos)
02:00001CEE 322F0012        	  1723:     MOVE.W  (18,SP),D1      ; ⭐⭐ SR (18 bytes abaixo)
02:00001CF2 342F0014        	  1724:     MOVE.W  (20,SP),D2      ; ⭐⭐ Vector Offset (20 bytes abaixo)
                            	  1725: 
                            	  1726:     ; Mostra informações detalhadas
02:00001CF6 41F81A9C        	  1727:     LEA     debug_msg,A0
02:00001CFA 4EB81392        	  1728:     JSR     UART_WriteString
                            	  1729: 
02:00001CFE 2000            	  1730:     MOVE.L  D0,D0           ; PC
02:00001D00 4EB815B0        	  1731:     JSR     PrintHexAddress
02:00001D04 4EB81432        	  1732:     JSR     new_line
                            	  1733: 
02:00001D08 41F81AAD        	  1734:     LEA     sr_msg,A0
02:00001D0C 4EB81392        	  1735:     JSR     UART_WriteString
02:00001D10 3001            	  1736:     MOVE.W  D1,D0           ; SR
02:00001D12 4EB815B0        	  1737:     JSR     PrintHexAddress
02:00001D16 4EB81432        	  1738:     JSR     new_line
                            	  1739: 
02:00001D1A 41F81AD3        	  1740:     LEA     vector_msg,A0
02:00001D1E 4EB81392        	  1741:     JSR     UART_WriteString
02:00001D22 3002            	  1742:     MOVE.W  D2,D0           ; Vector offset
02:00001D24 4EB815B0        	  1743:     JSR     PrintHexAddress
02:00001D28 4EB81432        	  1744:     JSR     new_line
                            	  1745: 
                            	  1746:     ; --- ANALISA O VETOR ---
02:00001D2C E44A            	  1747:     LSR.W   #2,D2           ; Divide por 4 para get vector number
02:00001D2E 024200FF        	  1748:     ANDI.W  #$FF,D2         ; Vector number em D2
                            	  1749: 
02:00001D32 41F81AE3        	  1750:     LEA     vector_num_msg,A0
02:00001D36 4EB81392        	  1751:     JSR     UART_WriteString
02:00001D3A 3002            	  1752:     MOVE.W  D2,D0
02:00001D3C 4EB815B0        	  1753:     JSR     PrintHexAddress
02:00001D40 4EB81432        	  1754:     JSR     new_line
                            	  1755: 
                            	  1756:     ; --- MOSTRA QUAL EXCEÇÃO É ---
02:00001D44 B47C0008        	  1757:     CMP.W   #8,D2
02:00001D48 6606            	  1758:     BNE     .not_bus_error
02:00001D4A 41F81AF3        	  1759:     LEA     bus_error_msg,A0
02:00001D4E 6028            	  1760:     BRA     .show_msg
                            	  1761: .not_bus_error:
02:00001D50 B47C0009        	  1762:     CMP.W   #9,D2
02:00001D54 6606            	  1763:     BNE     .not_address_error
02:00001D56 41F81AFE        	  1764:     LEA     address_error_msg,A0
02:00001D5A 601C            	  1765:     BRA     .show_msg
                            	  1766: .not_address_error:
02:00001D5C B47C000A        	  1767:     CMP.W   #10,D2
02:00001D60 6606            	  1768:     BNE     .not_illegal
02:00001D62 41F81B0D        	  1769:     LEA     illegal_msg,A0
02:00001D66 6010            	  1770:     BRA     .show_msg
                            	  1771: .not_illegal:
02:00001D68 B47C0020        	  1772:     CMP.W   #32,D2
02:00001D6C 6506            	  1773:     BLO     .other_exception
02:00001D6E 41F81B22        	  1774:     LEA     trap_msg,A0
02:00001D72 6004            	  1775:     BRA     .show_msg
                            	  1776: .other_exception:
02:00001D74 41F81B34        	  1777:     LEA     unknown_msg,A0
                            	  1778: 
                            	  1779: .show_msg:
02:00001D78 4EB81392        	  1780:     JSR     UART_WriteString
02:00001D7C 4EB81432        	  1781:     JSR     new_line
                            	  1782: 
                            	  1783:     ; Pequeno delay para visualização
02:00001D80 263C0007A120    	  1784:     MOVE.L  #500000,D3
                            	  1785: .DELAY:
02:00001D86 5383            	  1786:     SUBQ.L  #1,D3
02:00001D88 66FC            	  1787:     BNE     .DELAY
                            	  1788: 
02:00001D8A 4CDF7FFF        	  1789:     MOVEM.L (SP)+,D0-D7/A0-A6
02:00001D8E 31FCCC004400    	  1790:     MOVE.W  #$CC00,LED_ADDRESS  ; Indica spurious
02:00001D94 4E73            	  1791:     RTE
02:00001D96 4EF810CA        	  1792:     JMP MenuLoop
                            	  1793: 
                            	  1794: 
                            	  1795: TRAP2_HANDLER:
                            	  1796: TRAP3_HANDLER:
                            	  1797: TRAP4_HANDLER:
                            	  1798: TRAP5_HANDLER:
                            	  1799: TRAP6_HANDLER:
                            	  1800: TRAP7_HANDLER:
                            	  1801: TRAP8_HANDLER:
                            	  1802: TRAP9_HANDLER:
                            	  1803: TRAPA_HANDLER:
                            	  1804: TRAPB_HANDLER:
                            	  1805: TRAPC_HANDLER:
                            	  1806: TRAPD_HANDLER:
                            	  1807: TRAPE_HANDLER:
                            	  1808: TRAPF_HANDLER:
02:00001D9A 4E73            	  1809:         RTE
                            	  1810: 
                            	  1811: ; --------------------------------
                            	  1812: ; Handler do TRAP #1
                            	  1813: ; Entrada:
                            	  1814: ;   D0.W - Número da função
                            	  1815: ;   D1.L - Parâmetro (para escrita)
                            	  1816: ; Saída:
                            	  1817: ;   D0.L - Resultado (para leitura)
                            	  1818: ; --------------------------------
                            	  1819: TRAP1_HANDLER:
02:00001D9C B07C0001        	  1820:     cmp.w   #1,d0         ; Compara com CCONIN (ler caractere)
02:00001DA0 6714            	  1821:     BEQ     trap_cconin    ; Se for 1, vai para leitura
02:00001DA2 B07C0002        	  1822:     cmp.w   #2,d0         ; Compara com CCONOUT (escrever caractere)
02:00001DA6 671A            	  1823:     BEQ     trap_cconout   ; Se for 2, vai para escrita
02:00001DA8 B07C0003        	  1824:     cmp.w   #3,d0         ; Compara com CCONOUT (escrever string)
02:00001DAC 6722            	  1825:     BEQ     trap_strout   ; Se for 2, vai para escrita
02:00001DAE 4A40            	  1826:     cmp.w   #0,d0         ; Compara com PTERM0 (terminar)
02:00001DB0 672C            	  1827:     BEQ     trap_pterm0    ; Se for 0, vai para terminar
02:00001DB2 70FF            	  1828:     move.l  #-1,d0        ; Retorna erro se função não reconhecida
02:00001DB4 4E73            	  1829:     RTE                   ; Retorna da exceção
                            	  1830: 
                            	  1831: 
                            	  1832: 
                            	  1833: ; --------------------------------
                            	  1834: ; TRAP_CCONIN - Ler caractere do console
                            	  1835: ; Saída: D0.L - Caractere lido
                            	  1836: ; --------------------------------
                            	  1837: trap_cconin:
02:00001DB6 4EB8137C        	  1838:     JSR         UART_ReadCharNonEcho
02:00001DBA 0280000000FF    	  1839:     ANDI.L      #$FF,D0       ; Mantém apenas o byte inferior
02:00001DC0 4E73            	  1840:     RTE                   ; Retorna da exceção
                            	  1841: 
                            	  1842: ; --------------------------------
                            	  1843: ; TRAP_CCONOUT - Escrever caractere no console
                            	  1844: ; Entrada: D1.L - Caractere a escrever
                            	  1845: ; --------------------------------
                            	  1846: trap_cconout:
02:00001DC2 0281000000FF    	  1847:     ANDI.L      #$FF,D1         ; Mantém apenas o byte inferior
02:00001DC8 1001            	  1848:     MOVE.B      D1,D0
02:00001DCA 4EB81342        	  1849:     JSR         UART_WriteChar
02:00001DCE 4E73            	  1850:     RTE                   ; Retorna da exceção
                            	  1851: 
                            	  1852: trap_strout:
02:00001DD0 1018            	  1853:     MOVE.B      (A0)+,D0
02:00001DD2 4A00            	  1854:     CMP.B       #0,D0
02:00001DD4 6706            	  1855:     BEQ         .fim
02:00001DD6 4EB81342        	  1856:     JSR         UART_WriteChar
02:00001DDA 60F4            	  1857:     BRA         trap_strout
                            	  1858: .fim:
02:00001DDC 4E73            	  1859:     RTE
                            	  1860: 
                            	  1861: ; --------------------------------
                            	  1862: ; TRAP_PTERM0 - Terminar programa
                            	  1863: ; --------------------------------
                            	  1864: trap_pterm0:
02:00001DDE 303C0000        	  1865:     move.w  #0,d0         ; Código de saída 0
02:00001DE2 6102            	  1866:     bsr     hardware_exit ; Chama rotina de término
02:00001DE4 4E73            	  1867:     RTE                   ; Retorna da exceção (nunca executado)
                            	  1868: 
                            	  1869: ; --------------------------------
                            	  1870: ; hardware_exit - Terminar execução
                            	  1871: ; Entrada: D0.W - Código de saída
                            	  1872: ; --------------------------------
                            	  1873: hardware_exit:
                            	  1874:     ; >>> ADAPTE PARA SUA PLACA <<<
                            	  1875:     ; Exemplo: parar o processador
                            	  1876:     ; stop    #$2700
                            	  1877: 
                            	  1878:     ; Exemplo simples: loop infinito
02:00001DE6 60FE            	  1879:     BRA     hardware_exit
02:00001DE8 4E75            	  1880:     RTS
                            	  1881: 
                            	  1882:     ALIGN 2
                            	  1883: ; =====================================================================
                            	  1884: ; END XMODEM RECEIVER ROUTINE
                            	  1885: ; =====================================================================
                            	  1886: 
                            	  1887: ; ----------------------------------------------------------------------
                            	  1888: ; SECTION data
                            	  1889: ;-----------------------------------------------------------------------
                            	  1890:     SECTION .rodata
                            	  1891:     SECTION .data
04:00000000 56616C6F726573  	  1892:     DC.B "Valores",0
04:00000007 00
04:00000008 1B              	  1893: cls_str:   dc.b    27,'[2J',0   ; \x1b = 27 (ASCII para ESC)
04:00000009 5B324A
04:0000000C 00
                            	  1894:                         ; Array de valores
                            	  1895: 
                            	  1896: 
                            	  1897: ; ----------------------------------------------------------------------
                            	  1898: ; Strings do Sistema
                            	  1899: ; ----------------------------------------------------------------------
                            	  1900: DumpHeader:
04:0000000D 4D656D6F72792044	  1901:     DC.B    "Memory Dump from :",0
04:00000015 756D702066726F6D
04:0000001D 203A
04:0000001F 00
                            	  1902: DumpHeader1:
04:00000020 4164647265737320	  1903:     DC.B    "Address   00 01 02 03 04 05 06 07 08 09 0A 0B 0C 0D 0E 0F  ASCII",13,10
04:00000028 2020303020303120
04:00000030 3032203033203034
04:00000038 2030352030362030
04:00000040 3720303820303920
04:00000048 3041203042203043
04:00000050 2030442030452030
04:00000058 4620204153434949
04:00000060 0D
04:00000061 0A
04:00000062 2D2D2D2D2D2D2D2D	  1904:     DC.B    "--------  -----------------------------------------------  ----------------",13,10,0
04:0000006A 20202D2D2D2D2D2D
04:00000072 2D2D2D2D2D2D2D2D
04:0000007A 2D2D2D2D2D2D2D2D
04:00000082 2D2D2D2D2D2D2D2D
04:0000008A 2D2D2D2D2D2D2D2D
04:00000092 2D2D2D2D2D2D2D2D
04:0000009A 2D20202D2D2D2D2D
04:000000A2 2D2D2D2D2D2D2D2D
04:000000AA 2D2D2D
04:000000AD 0D
04:000000AE 0A
04:000000AF 00
                            	  1905: MSGINIT:
04:000000B0 0D              	  1906:     DC.B    13,10,"Tcpbox68k - copyright (C) pdsilva(pgordao).V1.0",13,10
04:000000B1 0A
04:000000B2 546370626F783638
04:000000BA 6B202D20636F7079
04:000000C2 7269676874202843
04:000000CA 2920706473696C76
04:000000D2 612870676F726461
04:000000DA 6F292E56312E30
04:000000E1 0D
04:000000E2 0A
04:000000E3 4D43363830303020	  1907:     DC.B    "MC68000 System Monitor",13,10
04:000000EB 53797374656D204D
04:000000F3 6F6E69746F72
04:000000F9 0D
04:000000FA 0A
                            	  1908:     INCLUDE "build_date.inc"

Source: "build_date.inc"
                            	     1: ;From here it is generated and pushed by update_build.sh
                            	     2: BUILD_DATE:
04:000000FB 4275696C642E3A20	     3:       DC.B "Build.: 2025-09-07",13,10
04:00000103 323032352D30392D
04:0000010B 3037
04:0000010D 0D
04:0000010E 0A
04:0000010F 53657269616C3A20	     4:       DC.B "Serial: 072041",13,10,0
04:00000117 303732303431
04:0000011D 0D
04:0000011E 0A
04:0000011F 00
                            	     5: ;End generated code
                            	     6: 

Source: "monitor.asm"
                            	  1909:     INCLUDE "build_counter.inc"

Source: "build_counter.inc"
04:00000120 436F6D70696C6174	     1:       DC.B "Compilation: #33",0
04:00000128 696F6E3A20233333
04:00000130 00
                            	     2: 

Source: "monitor.asm"
04:00000131 2D2D2D2D2D2D2D2D	  1910:     DC.B    "-------------------------------------------",13,10,13,10,0
04:00000139 2D2D2D2D2D2D2D2D
04:00000141 2D2D2D2D2D2D2D2D
04:00000149 2D2D2D2D2D2D2D2D
04:00000151 2D2D2D2D2D2D2D2D
04:00000159 2D2D2D
04:0000015C 0D
04:0000015D 0A
04:0000015E 0D
04:0000015F 0A
04:00000160 00
                            	  1911: MenuText:
04:00000161 312E2053656C6563	  1912:     DC.B    "1. Select UART",13,10
04:00000169 742055415254
04:0000016F 0D
04:00000170 0A
04:00000171 322E205365742042	  1913:     DC.B    "2. Set Baud Rate",13,10
04:00000179 6175642052617465
04:00000181 0D
04:00000182 0A
04:00000183 332E204C6F616420	  1914:     DC.B    "3. Load Program (PC)",13,10
04:0000018B 50726F6772616D20
04:00000193 28504329
04:00000197 0D
04:00000198 0A
04:00000199 342E205772697465	  1915:     DC.B    "4. Write Program (Hex)",13,10
04:000001A1 2050726F6772616D
04:000001A9 202848657829
04:000001AF 0D
04:000001B0 0A
04:000001B1 352E2052756E2050	  1916:     DC.B    "5. Run Program",13,10
04:000001B9 726F6772616D
04:000001BF 0D
04:000001C0 0A
04:000001C1 362E204163656E64	  1917:     DC.B    "6. Acendendo os LEDs",13,10
04:000001C9 656E646F206F7320
04:000001D1 4C454473
04:000001D5 0D
04:000001D6 0A
04:000001D7 372E204D656D6F72	  1918:     DC.B    "7. Memory dump from address buffer",13,10
04:000001DF 792064756D702066
04:000001E7 726F6D2061646472
04:000001EF 6573732062756666
04:000001F7 6572
04:000001F9 0D
04:000001FA 0A
04:000001FB 382E205265616420	  1919:     DC.B    "8. Read hexa value and put in address buffer",13,10
04:00000203 686578612076616C
04:0000020B 756520616E642070
04:00000213 757420696E206164
04:0000021B 6472657373206275
04:00000223 66666572
04:00000227 0D
04:00000228 0A
04:00000229 392E2046726F6D20	  1920:     DC.B    "9. From screen to buffer E from buffer to screen",13,10
04:00000231 73637265656E2074
04:00000239 6F20627566666572
04:00000241 20452066726F6D20
04:00000249 6275666665722074
04:00000251 6F2073637265656E
04:00000259 0D
04:0000025A 0A
04:0000025B 302E20446F206261	  1921:     DC.B    "0. Do baud divisor calculation",13,10
04:00000263 7564206469766973
04:0000026B 6F722063616C6375
04:00000273 6C6174696F6E
04:00000279 0D
04:0000027A 0A
04:0000027B 3E20            	  1922:     DC.B    "> ",0
04:0000027D 00
                            	  1923: UARTPrompt:
04:0000027E 5541525420416464	  1924:     DC.B    "UART Address (2000/2100/2200/2300): ",0
04:00000286 7265737320283230
04:0000028E 30302F323130302F
04:00000296 323230302F323330
04:0000029E 30293A20
04:000002A2 00
                            	  1925: BaudPrompt:
04:000002A3 0D              	  1926:     DC.B 13,10,"1 - 9600   ",13,10
04:000002A4 0A
04:000002A5 31202D2039363030
04:000002AD 202020
04:000002B0 0D
04:000002B1 0A
04:000002B2 32202D2031392E32	  1927:     DC.B "2 - 19.2K  ",13,10
04:000002BA 4B2020
04:000002BD 0D
04:000002BE 0A
04:000002BF 33202D2033382E34	  1928:     DC.B "3 - 38.4K  ",13,10
04:000002C7 4B2020
04:000002CA 0D
04:000002CB 0A
04:000002CC 34202D2035372E36	  1929:     DC.B "4 - 57.6K  ",13,10
04:000002D4 4B2020
04:000002D7 0D
04:000002D8 0A
04:000002D9 35202D203131352E	  1930:     DC.B "5 - 115.2K ",13,10
04:000002E1 324B20
04:000002E4 0D
04:000002E5 0A
04:000002E6 36202D203233302E	  1931:     DC.B "6 - 230.4K ",13,10
04:000002EE 344B20
04:000002F1 0D
04:000002F2 0A
04:000002F3 37202D203436302E	  1932:     DC.B "7 - 460.8K ",13,10
04:000002FB 384B20
04:000002FE 0D
04:000002FF 0A
04:00000300 38202D203932312E	  1933:     DC.B "8 - 921.6K ",13,10
04:00000308 364B20
04:0000030B 0D
04:0000030C 0A
04:0000030D 30202D205465726D	  1934:     DC.B "0 - Terminar ",13,10
04:00000315 696E617220
04:0000031A 0D
04:0000031B 0A
04:0000031C 53656C6563742042	  1935:     DC.B "Select Baud Rate Value: ",0
04:00000324 6175642052617465
04:0000032C 2056616C75653A20
04:00000334 00
                            	  1936: LoadPrompt:
04:00000335 416775617264616E	  1937:     DC.B    "Aguardando 68ksender to initiate: ",0
04:0000033D 646F2036386B7365
04:00000345 6E64657220746F20
04:0000034D 696E697469617465
04:00000355 3A20
04:00000357 00
                            	  1938: LoadPromptReady:
04:00000358 526561647920746F	  1939:     DC.B    "Ready to receive from PC!",0
04:00000360 2072656365697665
04:00000368 2066726F6D205043
04:00000370 21
04:00000371 00
                            	  1940: LoadDoneMsg:
04:00000372 50726F6772616D20	  1941:     DC.B    "Program loaded successfully!",13,10,0
04:0000037A 6C6F616465642073
04:00000382 7563636573736675
04:0000038A 6C6C7921
04:0000038E 0D
04:0000038F 0A
04:00000390 00
                            	  1942: WritePrompt:
04:00000391 5772697465204164	  1943:     DC.B    "Write Address: ",0
04:00000399 64726573733A20
04:000003A0 00
                            	  1944: WriteSizePrompt:
04:000003A1 577269746520796F	  1945:     DC.B    "Write your program or . to finish ",13,10,0
04:000003A9 75722070726F6772
04:000003B1 616D206F72202E20
04:000003B9 746F2066696E6973
04:000003C1 6820
04:000003C3 0D
04:000003C4 0A
04:000003C5 00
                            	  1946: WriteDoneMsg:
04:000003C6 0D              	  1947:     DC.B    13,10,"Data written to memory!",13,10,0
04:000003C7 0A
04:000003C8 4461746120777269
04:000003D0 7474656E20746F20
04:000003D8 6D656D6F727921
04:000003DF 0D
04:000003E0 0A
04:000003E1 00
                            	  1948: RunPrompt:
04:000003E2 0D              	  1949:     DC.B    13,10,"Running program...",13,10,0
04:000003E3 0A
04:000003E4 52756E6E696E6720
04:000003EC 70726F6772616D2E
04:000003F4 2E2E
04:000003F6 0D
04:000003F7 0A
04:000003F8 00
                            	  1950: NO_PROGRAM_TO_RUN:
04:000003F9 4E6F2070726F6772	  1951:     DC.B    "No program loaded to run",13,10,0
04:00000401 616D206C6F616465
04:00000409 6420746F2072756E
04:00000411 0D
04:00000412 0A
04:00000413 00
                            	  1952: PromptNotImplemented:
04:00000414 4E6F7420496D706C	  1953:     DC.B    "Not Implemented!",13,10,0
04:0000041C 656D656E74656421
04:00000424 0D
04:00000425 0A
04:00000426 00
                            	  1954: BufferEmpty:
04:00000427 4F6F6F7073204275	  1955:     DC.B    "Ooops Buffer Empty!",13,10,0
04:0000042F 6666657220456D70
04:00000437 747921
04:0000043A 0D
04:0000043B 0A
04:0000043C 00
                            	  1956: TestHexInput:
04:0000043D 0D              	  1957:     DC.B    13,10,"Digite um endereco de no maximo 4bytes 8 caracteres!",13,10
04:0000043E 0A
04:0000043F 4469676974652075
04:00000447 6D20656E64657265
04:0000044F 636F206465206E6F
04:00000457 206D6178696D6F20
04:0000045F 3462797465732038
04:00000467 2063617261637465
04:0000046F 72657321
04:00000473 0D
04:00000474 0A
04:00000475 6D61697320717565	  1958:     DC.B    "mais que isso sera descatado os excedentes...",13,10,0
04:0000047D 206973736F207365
04:00000485 7261206465736361
04:0000048D 7461646F206F7320
04:00000495 6578636564656E74
04:0000049D 65732E2E2E
04:000004A2 0D
04:000004A3 0A
04:000004A4 00
                            	  1959: HitAnyKey:
04:000004A5 0D              	  1960:     DC.B    13,10,"Hit any <ENTER> to continue <ESC> to terminate: ",0
04:000004A6 0A
04:000004A7 48697420616E7920
04:000004AF 3C454E5445523E20
04:000004B7 746F20636F6E7469
04:000004BF 6E7565203C455343
04:000004C7 3E20746F20746572
04:000004CF 6D696E6174653A20
04:000004D7 00
                            	  1961: XmodemInit:
04:000004D8 584D4F44454D2052	  1962:     DC.B    "XMODEM Receiver Initialized",13,10,0
04:000004E0 6563656976657220
04:000004E8 496E697469616C69
04:000004F0 7A6564
04:000004F3 0D
04:000004F4 0A
04:000004F5 00
                            	  1963: XmodemWaitingSoh:
04:000004F6 57616974696E6720	  1964:     DC.B    "Waiting for SOH (Start of Header)...",13,10,0
04:000004FE 666F7220534F4820
04:00000506 285374617274206F
04:0000050E 6620486561646572
04:00000516 292E2E2E
04:0000051A 0D
04:0000051B 0A
04:0000051C 00
                            	  1965: Msg_Cs:
04:0000051D 436865636B73756D	  1966:     DC.B    "Checksum ROM.: ",0
04:00000525 20524F4D2E3A20
04:0000052C 00
                            	  1967: Msg_Cscalc:
04:0000052D 202D20436865636B	  1968:     DC.B    " - Checksum CAL.: ",0
04:00000535 73756D2043414C2E
04:0000053D 3A20
04:0000053F 00
                            	  1969: Msg_default_handler:
04:00000540 2044656661756C74	  1970:     DC.B    " Default handler wrote UART ",13,10,0
04:00000548 2068616E646C6572
04:00000550 2077726F74652055
04:00000558 41525420
04:0000055C 0D
04:0000055D 0A
04:0000055E 00
                            	  1971: Msg_via_trap1:
04:0000055F 4D656E736167656D	  1972:     DC.B    "Mensagem via trap #1",13,10,0
04:00000567 2076696120747261
04:0000056F 70202331
04:00000573 0D
04:00000574 0A
04:00000575 00
                            	  1973: 
                            	  1974:     ALIGN   2
                            	  1975:     ;Isso preenche 762 com 00
                            	  1976:     ;DS.B    $00000762 - *, $00
04:00000578 524F4D76342E30  	  1977:     DC.B    "ROMv4.0",0   ; String de identificação
04:0000057F 00
                            	  1978:     ;DS.B    $00002968 - *, $00
                            	  1979:     ORG     $3FFC
                            	  1980: checksum_rom:
04:00003FFC 00000000        	  1981:     DC.L    0     ; Valor calculado
                            	  1982: 
                            	  1983: ; ----------------------------------------------------------------------
                            	  1984: ; SECTION bss
                            	  1985: ;-----------------------------------------------------------------------
                            	  1986:     SECTION .bss
                            	  1987:     ORG     RAMBASE               ; Área para variáveis
05:00080000 00000000        	  1988: RomBase:            DS.L 1
05:00080004 00000000        	  1989: RomSize:            DS.L 1
05:00080008 00000000        	  1990: RamBase:            DS.L 1
05:0008000C 00000000        	  1991: RamSize:            DS.L 1
05:00080010 00000000        	  1992: CurrentUART:        DS.L 1
05:00080014 0000            	  1993: CurrentBaudRate:    DS.W 1
05:00080016 0000            	  1994: BaudDivL:           DS.W 1
05:00080018 0000            	  1995: BaudDivH:           DS.W 1
05:0008001A 0000            	  1996: Baud1DivL:          DS.W 1
05:0008001C 0000            	  1997: Baud1DivH:          DS.W 1
05:0008001E 00000000        	  1998: CurrentTimer:       DS.L 1
                            	  1999: ; === Buffer circular for uart (256 bytes) ===
05:00080022 00000000        	  2000: addressInHex:       DS.L 1     ; ENDEREÇO LIDO
05:00080026 00000000        	  2001: BUFFER_HEAD:        DS.L 1     ; Ponteiro de escrita (próxima posição livre)
05:0008002A 00000000        	  2002: BUFFER_TAIL:        DS.L 1     ; Ponteiro de leitura (próximo dado a ler)
05:0008002E 0000            	  2003: BUFFER_COUNT:       DS.W 1     ; Contador de bytes no buffer
05:00080030 00              	  2004: BUFFER:             DS.B 256   ; Buffer de recepção
05:00080031 *
                            	  2005: ;=== System variables
05:00080130 00              	  2006: xmodem_buffer       DS.B   512        ; Buffer de dados
05:00080131 *
05:00080330 00              	  2007: block_number        DS.B   1           ; Número do bloco atual
05:00080331 00              	  2008: expected_block      DS.B   1           ; Próximo bloco esperado
05:00080332 00              	  2009: usr_buffer_addr     DS.B   512
05:00080333 *
05:00080532 00              	  2010: flag_pgm_loaded     DS.B   1
                            	  2011:         ALIGN 4
05:00080540 00000000        	  2012: checksum_calc       DS.L   1
05:00080544 00000000        	  2013: minhas_flags        DS.L   1
05:00080548 00000000        	  2014: monitor_stack       DS.L   1
05:0008054C 00000000        	  2015: system_tick         DS.L   1
                            	  2016: 
                            	  2017:         ORG $00082000
                            	  2018:         ALIGN 2
05:00082000 00              	  2019: pgm_buffer          DS.B   8192
05:00082001 *
                            	  2020:         END
                            	  2021: 
                            	  2022: 


Symbols by name:
ACK                              E:00000006
AsciiLoop                        A:00001552
BAUD_DIV_L                       E:00000008
BAUD_DIV_U                       E:00000000
BAUD_RATE                        E:00002580
BUFFER                           A:00080030
BUFFER_COUNT                     A:0008002E
BUFFER_HEAD                      A:00080026
BUFFER_TAIL                      A:0008002A
BUILD_DATE                      04:000000FB
Baud1DivH                        A:0008001C
Baud1DivL                        A:0008001A
BaudDivH                         A:00080018
BaudDivL                         A:00080016
BaudPrompt                      04:000002A3
BufferEmpty                     04:00000427
BufferGet                        A:0000184A
BufferPut                        A:00001812
CALCBAUDDIV                      A:000013A6
CLEARRAM                         A:00001004
CLEARRAM3                        A:000015DC
CONFIG_VALUE                     E:00000036
COUNT_VALUE                      E:000007D0
Calc_Checksum                    A:000019C6
ClearBufferPointers              A:0000189A
Copy_Data                        A:000019D8
CurrentBaudRate                  A:00080014
CurrentTimer                     A:0008001E
CurrentUART                      A:00080010
DEFAULT_HANDLER                  A:00001CE6
DELAY_MS                         A:0000129C
DESLIGA_INT                      A:00001288
DLL                              E:00000000
DLM                              E:00000002
DUMPLOOPMASTER                   A:000014FA
Div32x16                         A:00001448
DivLoop                          A:0000144C
DumpHeader                      04:0000000D
DumpHeader1                     04:00000020
DumpLoop                         A:00001504
EOT                              E:00000004
FBufferEmpty                     A:00001886
FCR                              E:00000004
FL_ESC                           E:00000000
F_CPU                            E:00F42400
HitAnyKey                       04:000004A5
INIT_8253                        A:000011F6
INT1_HANDLER                     A:00001B47
INT2_HANDLER                     A:00001B5A
INT3_HANDLER                     A:00001B6C
INT4_HANDLER                     A:00001B7E
INT5_HANDLER                     A:00001B90
INT6_HANDLER                     A:00001BA2
INT7_HANDLER                     A:00001BBA
ISR                              E:00000004
LCR                              E:00000006
LED_ADDRESS                      E:00004400
LED_INIT                         A:000012D8
LIGA_INT                         A:0000124E
LOADPROGRAM                      A:00001642
LSR                              E:0000000A
LoadDoneMsg                     04:00000372
LoadPrompt                      04:00000335
LoadPromptReady                 04:00000358
MEMDUMP                          A:000014D0
MSGINIT                         04:000000B0
MenuLoop                         A:000010CA
MenuText                        04:00000161
MontaAddress                     A:000018B8
MsgViaTrap1                      A:00001184
Msg_Cs                          04:0000051D
Msg_Cscalc                      04:0000052D
Msg_default_handler             04:00000540
Msg_via_trap1                   04:0000055F
NAK                              E:00000015
NO_PROGRAM_TO_RUN               04:000003F9
NextAscii                        A:0000156E
NoEndLine                        A:0000158A
NoNewLine                        A:00001524
NonPrintable                     A:00001566
PISCA_LED                        A:000012BA
PRINT_SR                         A:00001290
PrintByteHex                     A:000015C0
PrintHexAddress                  A:000015B0
PrintHexFast                     A:00001460
PrintHexPRECISA_DE_REVISAO       A:0000148A
PrintNibble                      A:000015CC
PrintWordHex                     A:000015B8
PromptNotImplemented            04:00000414
RAMBASE                          E:00080000
READ_8253                        A:0000121E
READ_IN_HEXA                     A:00001798
RHR                              E:00000000
ROM_END                          E:00003FFF
ROM_JUMPTABLE                    A:00000400
ROM_SIZE                         E:00004000
ROM_START                        E:00000000
RUNPROGRAM                       A:00001696
RamBase                          A:00080008
RamSize                          A:0008000C
RdViaTrap1                       A:00001166
Read_Loop                        A:00001990
Receive_Loop                     A:00001958
RomBase                          A:00080000
RomSize                          A:00080004
RunPrompt                       04:000003E2
SCR                              E:0000000E
SELECTUART                       A:000015FC
SERVICE_ADDR_ERR                 A:00001BD2
SERVICE_BUS_ERR                  A:00001BCA
SERVICE_CHECK                    A:00001C9C
SERVICE_DIV0                     A:00001C94
SERVICE_ILLEGAL                  A:00001C22
SERVICE_LINE_A                   A:00001CBC
SERVICE_LINE_F                   A:00001CC4
SERVICE_PRIV                     A:00001CAC
SERVICE_TRACE                    A:00001CB4
SERVICE_TRAPV                    A:00001CA4
SETBAUDRATE                      A:0000160A
SOH                              E:00000001
SPR                              E:0000000E
SPURIOUS_HANDLER                 A:00001CDE
SYSTEM_HALT                      A:00001A96
SafePrintHexAddress              A:00001634
Send_ACK                         A:000019F0
Send_NAK                         A:00001A04
StrViaTrap1                      A:00001174
THR                              E:00000000
TIMER0_COUNT                     E:00004600
TIMER_BASE                       E:00004600
TIMER_BINARY                     E:00000000
TIMER_CTRL                       E:00004606
TIMER_MODE3                      E:00000006
TIMER_RW_BOTH                    E:00000030
TIMER_SEL0                       E:00000000
TIMER_SET_10MS_TICK              A:0000120A
TRAP0_HANDLER                    A:00001CCC
TRAP1_HANDLER                    A:00001D9C
TRAP2_HANDLER                    A:00001D9A
TRAP3_HANDLER                    A:00001D9A
TRAP4_HANDLER                    A:00001D9A
TRAP5_HANDLER                    A:00001D9A
TRAP6_HANDLER                    A:00001D9A
TRAP7_HANDLER                    A:00001D9A
TRAP8_HANDLER                    A:00001D9A
TRAP9_HANDLER                    A:00001D9A
TRAPA_HANDLER                    A:00001D9A
TRAPB_HANDLER                    A:00001D9A
TRAPC_HANDLER                    A:00001D9A
TRAPD_HANDLER                    A:00001D9A
TRAPE_HANDLER                    A:00001D9A
TRAPF_HANDLER                    A:00001D9A
TestHexInput                    04:0000043D
Transfer_Complete                A:00001A18
UARTPrompt                      04:0000027E
UART_BASE                        E:00004000
UART_Get_Value                   A:000011A8
UART_INIT                        A:000012F4
UART_INIT1                       A:0000131C
UART_Init                        A:000012F4
UART_ReadByte                    A:000017BC
UART_ReadChar                    A:0000135C
UART_ReadCharNonEcho             A:0000137C
UART_ReadCharNonEchoTimeout      A:00001A3A
UART_ReadHex                     A:0000171C
UART_ReadHex1                    A:000016D0
UART_ReadHexNibble               A:000017EC
UART_ReadLong                    A:000017AA
UART_Select                      A:000015FC
UART_Setbaudrate                 A:0000160A
UART_WriteChar                   A:00001342
UART_WriteString                 A:00001392
USER_SP                          E:0009F000
VALIDATE_ROM                     A:00001A6C
WRITEPROGRAM                     A:00001656
WriteDoneMsg                    04:000003C6
WritePrompt                     04:00000391
WriteSizePrompt                 04:000003A1
XMODEM_Receive                   A:00001920
XmodemInit                      04:000004D8
XmodemWaitingSoh                04:000004F6
__write_leds                     A:000012B4
_start                           A:00001000
addressInHex                     A:00080022
address_error_msg                A:00001AFE
block_number                     A:00080330
bus_error_msg                    A:00001AF3
chamar_rotina                    A:000011CE
checksum_calc                    A:00080540
checksum_rom                     A:00003FFC
cls_str                         04:00000008
debug_msg                        A:00001A9C
expected_block                   A:00080331
flag_pgm_loaded                  A:00080532
hardware_exit                    A:00001DE6
illegal_msg                      A:00001B0D
indice_invalido                  A:000011E6
minhas_flags                     A:00080544
monitor_stack                    A:00080548
new_line                         A:00001432
pgm_buffer                       A:00082000
rotina1                          A:000011EA
rotina2                          A:000011EE
rotina3                          A:000011F2
sp_msg                           A:00001ABA
spu_msg                          A:00001AC6
sr_msg                           A:00001AAD
system_tick                      A:0008054C
tabela_rotinas                   A:000011C2
trap_cconin                      A:00001DB6
trap_cconout                     A:00001DC2
trap_msg                         A:00001B22
trap_pterm0                      A:00001DDE
trap_strout                      A:00001DD0
unknown_msg                      A:00001B34
usr_buffer_addr                  A:00080332
valores                          A:00001198
vector_msg                       A:00001AD3
vector_num_msg                   A:00001AE3
warm_start                       A:000010CA
xmodem_buffer                    A:00080130

Symbols by value:
00000000 BAUD_DIV_U
00000000 DLL
00000000 FL_ESC
00000000 RHR
00000000 ROM_START
00000000 THR
00000000 TIMER_BINARY
00000000 TIMER_SEL0
00000001 SOH
00000002 DLM
00000004 EOT
00000004 FCR
00000004 ISR
00000006 ACK
00000006 LCR
00000006 TIMER_MODE3
00000008 BAUD_DIV_L
00000008 cls_str
0000000A LSR
0000000D DumpHeader
0000000E SCR
0000000E SPR
00000015 NAK
00000020 DumpHeader1
00000030 TIMER_RW_BOTH
00000036 CONFIG_VALUE
000000B0 MSGINIT
000000FB BUILD_DATE
00000161 MenuText
0000027E UARTPrompt
000002A3 BaudPrompt
00000335 LoadPrompt
00000358 LoadPromptReady
00000372 LoadDoneMsg
00000391 WritePrompt
000003A1 WriteSizePrompt
000003C6 WriteDoneMsg
000003E2 RunPrompt
000003F9 NO_PROGRAM_TO_RUN
00000400 ROM_JUMPTABLE
00000414 PromptNotImplemented
00000427 BufferEmpty
0000043D TestHexInput
000004A5 HitAnyKey
000004D8 XmodemInit
000004F6 XmodemWaitingSoh
0000051D Msg_Cs
0000052D Msg_Cscalc
00000540 Msg_default_handler
0000055F Msg_via_trap1
000007D0 COUNT_VALUE
00001000 _start
00001004 CLEARRAM
000010CA MenuLoop
000010CA warm_start
00001166 RdViaTrap1
00001174 StrViaTrap1
00001184 MsgViaTrap1
00001198 valores
000011A8 UART_Get_Value
000011C2 tabela_rotinas
000011CE chamar_rotina
000011E6 indice_invalido
000011EA rotina1
000011EE rotina2
000011F2 rotina3
000011F6 INIT_8253
0000120A TIMER_SET_10MS_TICK
0000121E READ_8253
0000124E LIGA_INT
00001288 DESLIGA_INT
00001290 PRINT_SR
0000129C DELAY_MS
000012B4 __write_leds
000012BA PISCA_LED
000012D8 LED_INIT
000012F4 UART_INIT
000012F4 UART_Init
0000131C UART_INIT1
00001342 UART_WriteChar
0000135C UART_ReadChar
0000137C UART_ReadCharNonEcho
00001392 UART_WriteString
000013A6 CALCBAUDDIV
00001432 new_line
00001448 Div32x16
0000144C DivLoop
00001460 PrintHexFast
0000148A PrintHexPRECISA_DE_REVISAO
000014D0 MEMDUMP
000014FA DUMPLOOPMASTER
00001504 DumpLoop
00001524 NoNewLine
00001552 AsciiLoop
00001566 NonPrintable
0000156E NextAscii
0000158A NoEndLine
000015B0 PrintHexAddress
000015B8 PrintWordHex
000015C0 PrintByteHex
000015CC PrintNibble
000015DC CLEARRAM3
000015FC SELECTUART
000015FC UART_Select
0000160A SETBAUDRATE
0000160A UART_Setbaudrate
00001634 SafePrintHexAddress
00001642 LOADPROGRAM
00001656 WRITEPROGRAM
00001696 RUNPROGRAM
000016D0 UART_ReadHex1
0000171C UART_ReadHex
00001798 READ_IN_HEXA
000017AA UART_ReadLong
000017BC UART_ReadByte
000017EC UART_ReadHexNibble
00001812 BufferPut
0000184A BufferGet
00001886 FBufferEmpty
0000189A ClearBufferPointers
000018B8 MontaAddress
00001920 XMODEM_Receive
00001958 Receive_Loop
00001990 Read_Loop
000019C6 Calc_Checksum
000019D8 Copy_Data
000019F0 Send_ACK
00001A04 Send_NAK
00001A18 Transfer_Complete
00001A3A UART_ReadCharNonEchoTimeout
00001A6C VALIDATE_ROM
00001A96 SYSTEM_HALT
00001A9C debug_msg
00001AAD sr_msg
00001ABA sp_msg
00001AC6 spu_msg
00001AD3 vector_msg
00001AE3 vector_num_msg
00001AF3 bus_error_msg
00001AFE address_error_msg
00001B0D illegal_msg
00001B22 trap_msg
00001B34 unknown_msg
00001B47 INT1_HANDLER
00001B5A INT2_HANDLER
00001B6C INT3_HANDLER
00001B7E INT4_HANDLER
00001B90 INT5_HANDLER
00001BA2 INT6_HANDLER
00001BBA INT7_HANDLER
00001BCA SERVICE_BUS_ERR
00001BD2 SERVICE_ADDR_ERR
00001C22 SERVICE_ILLEGAL
00001C94 SERVICE_DIV0
00001C9C SERVICE_CHECK
00001CA4 SERVICE_TRAPV
00001CAC SERVICE_PRIV
00001CB4 SERVICE_TRACE
00001CBC SERVICE_LINE_A
00001CC4 SERVICE_LINE_F
00001CCC TRAP0_HANDLER
00001CDE SPURIOUS_HANDLER
00001CE6 DEFAULT_HANDLER
00001D9A TRAP2_HANDLER
00001D9A TRAP3_HANDLER
00001D9A TRAP4_HANDLER
00001D9A TRAP5_HANDLER
00001D9A TRAP6_HANDLER
00001D9A TRAP7_HANDLER
00001D9A TRAP8_HANDLER
00001D9A TRAP9_HANDLER
00001D9A TRAPA_HANDLER
00001D9A TRAPB_HANDLER
00001D9A TRAPC_HANDLER
00001D9A TRAPD_HANDLER
00001D9A TRAPE_HANDLER
00001D9A TRAPF_HANDLER
00001D9C TRAP1_HANDLER
00001DB6 trap_cconin
00001DC2 trap_cconout
00001DD0 trap_strout
00001DDE trap_pterm0
00001DE6 hardware_exit
00002580 BAUD_RATE
00003FFC checksum_rom
00003FFF ROM_END
00004000 ROM_SIZE
00004000 UART_BASE
00004400 LED_ADDRESS
00004600 TIMER0_COUNT
00004600 TIMER_BASE
00004606 TIMER_CTRL
00080000 RAMBASE
00080000 RomBase
00080004 RomSize
00080008 RamBase
0008000C RamSize
00080010 CurrentUART
00080014 CurrentBaudRate
00080016 BaudDivL
00080018 BaudDivH
0008001A Baud1DivL
0008001C Baud1DivH
0008001E CurrentTimer
00080022 addressInHex
00080026 BUFFER_HEAD
0008002A BUFFER_TAIL
0008002E BUFFER_COUNT
00080030 BUFFER
00080130 xmodem_buffer
00080330 block_number
00080331 expected_block
00080332 usr_buffer_addr
00080532 flag_pgm_loaded
00080540 checksum_calc
00080544 minhas_flags
00080548 monitor_stack
0008054C system_tick
00082000 pgm_buffer
0009F000 USER_SP
00F42400 F_CPU
