Sections:
00: "org0001:81000" (81000-81F34)
01: "org0002:82000" (82000-85530)


Source: "basic68k.asm"
                            	     1: *************************************************************************************
                            	     2: *										    *
                            	     3: *	Enhanced BASIC for the Motorola MC680xx					    *
                            	     4: *										    *
                            	     5: *	This version is for the TS2 single board computer.		            *
                            	     6: *	Jeff Tranter (tranter@pobox.com)					    *
                            	     7: *										    *
                            	     8: *************************************************************************************
                            	     9: *										    *
                            	    10: *	Copyright(C) 2002-12 by Lee Davison. This program may be freely distributed *
                            	    11: *	for personal use only. All commercial rights are reserved.		    *
                            	    12: *										    *
                            	    13: *	More 68000 and other projects can be found on my website at ..		    *
                            	    14: *										    *
                            	    15: *	 http://mycorner.no-ip.org/index.html					    *
                            	    16: *										    *
                            	    17: *	mail : leeedavison@googlemail.com					    *
                            	    18: *										    *
                            	    19: *************************************************************************************
                            	    20: 
                            	    21: * Ver 3.54
                            	    22: 
                            	    23: * Ver 3.54 adds experimental support for LOAD/SAVE using Hobbytronics
                            	    24: * USB Flash Drive Host Board
                            	    25: * Ver 3.53 fixes math error that affected exponentiation ("^") and
                            	    26: *  EXP() function. Thanks to joelang for fix.
                            	    27: * Ver 3.52 stops USING$() from reading beyond the end of the format string
                            	    28: * Ver 3.51 fixes the UCASE$() and LCASE$() functions for null strings
                            	    29: * Ver 3.50 unary minus in concatenate generates a type mismatch error
                            	    30: * Ver 3.49 doesn't tokenise 'DEF' or 'DEC' within a hex value
                            	    31: * Ver 3.48 allows scientific notation underflow in the USING$() function
                            	    32: * Ver 3.47 traps the use of array elements as the FOR loop variable
                            	    33: * Ver 3.46 updates function and function variable handling
                            	    34: 
                            	    35: *************************************************************************************
                            	    36: *
                            	    37: * Ver 3.45 makes the handling of non existant variables consistent and gives the
                            	    38: * option of not returning an error for a non existant variable. If this is the
                            	    39: * behaviour you want just change novar to some non zero value
                            	    40: 
                            	    41: novar		EQU	0				* non existant variables cause errors
                            	    42: 
                            	    43: * Set the symbol FLASH_SUPPORT to 1 if you want to enable experimental
                            	    44: * support for LOAD/SAVE using a Hobbytronics USB Flash Drive Host
                            	    45: * Board.
                            	    46: 
                            	    47: FLASH_SUPPORT   EQU     0
                            	    48: 
                            	    49: *************************************************************************************
                            	    50: 
                            	    51: * Ver 3.44 adds overflow indication to the USING$() function
                            	    52: * Ver 3.43 removes an undocumented feature of concatenating null strings
                            	    53: * Ver 3.42 reimplements backspace so that characters are overwritten with [SPACE]
                            	    54: * Ver 3.41 removes undocumented features of the USING$() function
                            	    55: * Ver 3.40 adds the USING$() function
                            	    56: * Ver 3.33 adds the file requester to LOAD and SAVE
                            	    57: * Ver 3.32 adds the optional ELSE clause to IF .. THEN
                            	    58: 
                            	    59: *************************************************************************************
                            	    60: *
                            	    61: * Version 3.25 adds the option to change the behaviour of INPUT so that a null
                            	    62: * response does not cause a program break. If this is the behaviour you want just
                            	    63: * change nobrk to some non zero value.
                            	    64: 
                            	    65: nobrk		EQU	0				* null response to INPUT causes a break
                            	    66: 
                            	    67: 
                            	    68: *************************************************************************************
                            	    69: *
                            	    70: * Version 3.xx replaces the fixed RAM addressing from previous versions with a RAM
                            	    71: * pointer in a3. this means that this could now be run as a task on a multitasking
                            	    72: * system where memory resources may change.
                            	    73: 
                            	    74: 
                            	    75: *************************************************************************************
                            	    76: 
                            	    77: 
                            	    78: 							* RAM offset definitions
                            	    79: 	INCLUDE	"basic68k.inc"

Source: "basic68k.inc"
                            	     1: 
                            	     2: * This lot is in RAM
                            	     3: 
                            	     4: 		ORG $00081000
                            	     5:  
00:00081000 00000000        	     6: ram_strt	ds.l	$100			* allow 1K for the stack, this should be plenty
00:00081004 *
                            	     7: 						* for any BASIC program that doesn't do something
                            	     8: 						* silly, it could even be much less.
                            	     9: ram_base:
00:00081400 0000            	    10: LAB_WARM	ds.w	1			* BASIC warm start entry point
00:00081402 00000000        	    11: Wrmjpv	ds.l	1			* BASIC warm start jump vector
                            	    12: 
00:00081406 0000            	    13: Usrjmp	ds.w	1			* USR function JMP address
00:00081408 00000000        	    14: Usrjpv	ds.l	1			* USR function JMP vector
                            	    15: 
                            	    16: * system dependant i/o vectors
                            	    17: * these are in RAM and are set at start-up
                            	    18: 
00:0008140C 0000            	    19: V_INPT	ds.w	1			* non halting scan input device entry point
00:0008140E 00000000        	    20: V_INPTv	ds.l	1			* non halting scan input device jump vector
                            	    21: 
00:00081412 0000            	    22: V_OUTP	ds.w	1			* send byte to output device entry point
00:00081414 00000000        	    23: V_OUTPv	ds.l	1			* send byte to output device jump vector
                            	    24: 
00:00081418 0000            	    25: V_LOAD	ds.w	1			* load BASIC program entry point
00:0008141A 00000000        	    26: V_LOADv	ds.l	1			* load BASIC program jump vector
                            	    27: 
00:0008141E 0000            	    28: V_SAVE	ds.w	1			* save BASIC program entry point
00:00081420 00000000        	    29: V_SAVEv	ds.l	1			* save BASIC program jump vector
                            	    30: 
00:00081424 0000            	    31: V_CTLC	ds.w	1			* save CTRL-C check entry point
00:00081426 00000000        	    32: V_CTLCv	ds.l	1			* save CTRL-C check jump vector
                            	    33: 
00:0008142A 00000000        	    34: Itemp		ds.l	1			* temporary integer	(for GOTO etc)
                            	    35: 
00:0008142E 00000000        	    36: Smeml		ds.l	1			* start of memory		(start of program)
                            	    37: 
                            	    38: * the program is stored as a series of lines each line having the following format
                            	    39: *
                            	    40: *		ds.l	1			* pointer to the next line or $00000000 if [EOT]
                            	    41: *		ds.l	1			* line number
                            	    42: *		ds.b	n			* program bytes
                            	    43: *		dc.b	$00			* [EOL] marker, there will be a second $00 byte, if
                            	    44: *						* needed, to pad the line to an even number of bytes
                            	    45: 
00:00081432 00000000        	    46: Sfncl		ds.l	1			* start of functions	(end of Program)
                            	    47: 
                            	    48: * the functions are stored as function name, function execute pointer and function
                            	    49: * variable name
                            	    50: *
                            	    51: *		ds.l	1			* name
                            	    52: *		ds.l	1			* execute pointer
                            	    53: *		ds.l	1			* function variable
                            	    54: 
00:00081436 00000000        	    55: Svarl		ds.l	1			* start of variables	(end of functions)
                            	    56: 
                            	    57: * the variables are stored as variable name, variable value
                            	    58: *
                            	    59: *		ds.l	1			* name
                            	    60: *		ds.l	1			* packed float or integer value
                            	    61: 
00:0008143A 00000000        	    62: Sstrl		ds.l	1			* start of strings	(end of variables)
                            	    63: 
                            	    64: * the strings are stored as string name, string pointer and string length
                            	    65: *
                            	    66: *		ds.l	1			* name
                            	    67: *		ds.l	1			* string pointer
                            	    68: *		ds.w	1			* string length
                            	    69: 
00:0008143E 00000000        	    70: Sarryl	ds.l	1			* start of arrays		(end of strings)
                            	    71: 
                            	    72: * the arrays are stored as array name, array size, array dimensions count, array
                            	    73: * dimensions upper bounds and array elements
                            	    74: *
                            	    75: *		ds.l	1			* name
                            	    76: *		ds.l	1			* size including this header
                            	    77: *		ds.w	1			* dimensions count
                            	    78: *		ds.w	1			* 1st dimension upper bound
                            	    79: *		ds.w	1			* 2nd dimension upper bound
                            	    80: *		...				* ...
                            	    81: *		ds.w	1			* nth dimension upper bound
                            	    82: *
                            	    83: * then (i1+1)*(i2+1)...*(in+1) of either ..
                            	    84: *
                            	    85: *		ds.l	1			* packed float or integer value
                            	    86: *
                            	    87: * .. if float or integer, or ..
                            	    88: *
                            	    89: *		ds.l	1			* string pointer
                            	    90: *		ds.w	1			* string length
                            	    91: *
                            	    92: * .. if string
                            	    93: 
00:00081442 00000000        	    94: Earryl	ds.l	1			* end of arrays		(start of free mem)
00:00081446 00000000        	    95: Sstorl	ds.l	1			* string storage		(moving down)
00:0008144A 00000000        	    96: Ememl		ds.l	1			* end of memory		(upper bound of RAM)
00:0008144E 00000000        	    97: Sutill	ds.l	1			* string utility ptr
00:00081452 00000000        	    98: Clinel	ds.l	1			* current line		(Basic line number)
00:00081456 00000000        	    99: Blinel	ds.l	1			* break line		(Basic line number)
                            	   100: 
00:0008145A 00000000        	   101: Cpntrl	ds.l	1			* continue pointer
00:0008145E 00000000        	   102: Dlinel	ds.l	1			* current DATA line
00:00081462 00000000        	   103: Dptrl		ds.l	1			* DATA pointer
00:00081466 00000000        	   104: Rdptrl	ds.l	1			* read pointer
00:0008146A 00000000        	   105: Varname	ds.l	1			* current var name
00:0008146E 00000000        	   106: Cvaral	ds.l	1			* current var address
00:00081472 00000000        	   107: Lvarpl	ds.l	1			* variable pointer for LET and FOR/NEXT
                            	   108: 
00:00081476 00000000        	   109: des_sk_e	ds.l	600			* descriptor stack end address
00:0008147A *
                            	   110: des_sk:					* descriptor stack start address
                            	   111: 						* use a4 for the descriptor pointer
00:00081DD6 0000            	   112: 		ds.w	1			
00:00081DD8 00000000        	   113: Ibuffs	ds.l	$40			* start of input buffer
00:00081DDC *
                            	   114: Ibuffe
                            	   115: 						* end of input buffer
                            	   116: 
00:00081ED8 00000000        	   117: FAC1_m	ds.l	1			* FAC1 mantissa1
00:00081EDC 0000            	   118: FAC1_e	ds.w	1			* FAC1 exponent
                            	   119: FAC1_s	EQU	FAC1_e+1		* FAC1 sign (b7)
00:00081EDE 0000            	   120: 		ds.w	1			
                            	   121: 
00:00081EE0 00000000        	   122: FAC2_m	ds.l	1			* FAC2 mantissa1
00:00081EE4 00000000        	   123: FAC2_e	ds.l	1			* FAC2 exponent
                            	   124: FAC2_s	EQU	FAC2_e+1		* FAC2 sign (b7)
                            	   125: FAC_sc	EQU	FAC2_e+2		* FAC sign comparison, Acc#1 vs #2
                            	   126: flag		EQU	FAC2_e+3		* flag byte for divide routine
                            	   127: 
00:00081EE8 00000000        	   128: PRNlword	ds.l	1			* PRNG seed long word
                            	   129: 
00:00081EEC 00000000        	   130: ut1_pl	ds.l	1			* utility pointer 1
                            	   131: 
00:00081EF0 00000000        	   132: Asptl		ds.l	1			* array size/pointer
00:00081EF4 00000000        	   133: Astrtl	ds.l	1			* array start pointer
                            	   134: 
                            	   135: numexp	EQU	Astrtl		* string to float number exponent count
                            	   136: expcnt	EQU	Astrtl+1		* string to float exponent count
                            	   137: 
                            	   138: expneg	EQU	Astrtl+3		* string to float eval exponent -ve flag
                            	   139: 
00:00081EF8 00000000        	   140: func_l	ds.l	1			* function pointer
                            	   141: 
                            	   142: 
                            	   143: 						* these two need to be a word aligned pair !
00:00081EFC 0000            	   144: Defdim	ds.w	1			* default DIM flag
                            	   145: cosout	EQU	Defdim		* flag which CORDIC output (re-use byte)
                            	   146: Dtypef	EQU	Defdim+1		* data type flag, $80=string, $40=integer, $00=float
                            	   147: 
                            	   148: 
00:00081EFE 00000000        	   149: Binss		ds.l	4			* number to bin string start (32 chrs)
00:00081F02 *
                            	   150: 
00:00081F0E 00000000        	   151: Decss		ds.l	1			* number to decimal string start (16 chrs)
00:00081F12 0000            	   152: 		ds.w	1			*
00:00081F14 0000            	   153: Usdss		ds.w	1			* unsigned decimal string start (10 chrs)
                            	   154: 
00:00081F16 00000000        	   155: Hexss		ds.l	2			* number to hex string start (8 chrs)
00:00081F1A *
                            	   156: 
00:00081F1E 0000            	   157: BHsend	ds.w	1			* bin/decimal/hex string end
                            	   158: 
                            	   159: 
00:00081F20 00              	   160: prstk		ds.b	1			* stacked function index
                            	   161: 
00:00081F21 00              	   162: tpower	ds.b	1			* remember CORDIC power
                            	   163: 
00:00081F22 00              	   164: Asrch		ds.b	1			* scan-between-quotes flag, alt search character
                            	   165: 
00:00081F23 00              	   166: Dimcnt	ds.b	1			* # of dimensions
                            	   167: 
00:00081F24 00              	   168: Breakf	ds.b	1			* break flag, $00=END else=break
00:00081F25 00              	   169: Oquote	ds.b	1			* open quote flag (Flag: DATA; LIST; memory)
00:00081F26 00              	   170: Gclctd	ds.b	1			* garbage collected flag
00:00081F27 00              	   171: Sufnxf	ds.b	1			* subscript/FNX flag, 1xxx xxx = FN(0xxx xxx)
00:00081F28 00              	   172: Imode		ds.b	1			* input mode flag, $00=INPUT, $98=READ
                            	   173: 
00:00081F29 00              	   174: Cflag		ds.b	1			* comparison evaluation flag
                            	   175: 
00:00081F2A 00              	   176: TabSiz	ds.b	1			* TAB step size
                            	   177: 
00:00081F2B 00              	   178: comp_f	ds.b	1			* compare function flag, bits 0,1 and 2 used
                            	   179: 						* bit 2 set if >
                            	   180: 						* bit 1 set if =
                            	   181: 						* bit 0 set if <
                            	   182: 
00:00081F2C 00              	   183: Nullct	ds.b	1			* nulls output after each line
00:00081F2D 00              	   184: TPos		ds.b	1			* BASIC terminal position byte
00:00081F2E 00              	   185: TWidth	ds.b	1			* BASIC terminal width byte
00:00081F2F 00              	   186: Iclim		ds.b	1			* input column limit
00:00081F30 00              	   187: ccflag	ds.b	1			* CTRL-C check flag
00:00081F31 00              	   188: ccbyte	ds.b	1			* CTRL-C last received byte
00:00081F32 00              	   189: ccnull	ds.b	1			* CTRL-C last received byte 'life' timer
                            	   190: 
                            	   191: * these variables for load/save routines
                            	   192: 
                            	   193:  ifne   FLASH_SUPPORT
                            	   194: 
                            	   195: load_first      ds.b    1               * Boolean indicating if first byte read
                            	   196: load_filename   ds.b    13              * Hold LOAD/SAVE filename (DOS 8.3 format plus terminating null)
                            	   197: 
                            	   198:  endc
                            	   199: 
                            	   200: 		even			* dummy even value and zero pad byte
                            	   201: 
                            	   202: prg_strt
                            	   203: 
                            	   204: * Use these two lines when running from ROM
                            	   205: ram_addr	EQU	$00086000		* RAM start address
                            	   206: ram_size	EQU	$8000			* RAM size
                            	   207: 
                            	   208: 

Source: "basic68k.asm"
                            	    80: 
                            	    81: * Use this value to run out of ROM
                            	    82: 	ORG		$00082000			* past the vectors in a real system
                            	    83: 
                            	    84: 
01:00082000 6026            	    85:          BRA    code_start       * For convenience, so you can start from first address
                            	    86: 
                            	    87: *************************************************************************************
                            	    88: *
                            	    89: * the following code is simulator specific, change to suit your system
                            	    90: 
                            	    91: * Output character to the console from register d0.b
                            	    92: 
                            	    93: UART_WriteChar          EQU $00000404
                            	    94: UART_ReadChar           EQU $00000408
                            	    95: 
                            	    96: 
                            	    97: VEC_OUT
01:00082002 4EB80404        	    98: 		JSR UART_WriteChar
01:00082006 4E75            	    99: 		RTS
                            	   100: 
                            	   101: * Output character to the second (aux) serial port from register d0.b
                            	   102: 
                            	   103:  ifne   FLASH_SUPPORT
                            	   104: 
                            	   105: VEC_OUT2
                            	   106:         MOVEM.L  A0/D1,-(A7)    * Save working registers
                            	   107:         LEA.L    ACIA_2,A0      * A0 points to console ACIA
                            	   108: TXNOTREADY1
                            	   109:         MOVE.B   (A0),D1        * Read ACIA status
                            	   110:         BTST     #1,D1          * Test TDRE bit
                            	   111:         BEQ.s    TXNOTREADY1    * Until ACIA Tx ready
                            	   112:         MOVE.B   D0,2(A0)       * Write character to send
                            	   113:         MOVEM.L  (A7)+,A0/D1    * Restore working registers
                            	   114:         RTS
                            	   115: 
                            	   116: * Output null terminated string pointed to by A0 to first serial port.
                            	   117: 
                            	   118: PRINTSTRING1
                            	   119:         MOVEM.L  A0/D0,-(A7)    * Save working registers
                            	   120: LP1     CMP.B    #0,(A0)        * Is it null?
                            	   121:         BEQ      RET1           * If so, return
                            	   122:         MOVE.B   (A0)+,D0       * Get character and advance pointer
                            	   123:         JSR      VEC_OUT        * Output it
                            	   124:         BRA      LP1            * Continue for rest of string
                            	   125: 
                            	   126: RET1    MOVEM.L  (A7)+,A0/D0    * Restore working registers
                            	   127:         RTS                     * Return
                            	   128: 
                            	   129: * Output null terminated string pointed to by A0 to second serial port.
                            	   130: 
                            	   131: PRINTSTRING2
                            	   132:         MOVEM.L  A0/D0,-(A7)    * Save working registers
                            	   133: LP2     CMP.B    #0,(A0)        * Is it null?
                            	   134:         BEQ      RET2           * If so, return
                            	   135:         MOVE.B   (A0)+,D0       * Get character and advance pointer
                            	   136:         JSR      VEC_OUT2       * Output it
                            	   137:         BRA      LP2            * Continue for rest of string
                            	   138: 
                            	   139: RET2    MOVEM.L  (A7)+,A0/D0    * Restore working registers
                            	   140:         RTS                     * Return
                            	   141: 
                            	   142:  endc
                            	   143: 
                            	   144: *************************************************************************************
                            	   145: *
                            	   146: * input a character from the console into register d0
                            	   147: * else return Cb=0 if there's no character available
                            	   148: 
                            	   149: VEC_IN
01:00082008 4EB80408        	   150: 		JSR		UART_ReadChar
01:0008200C 003C0001        	   151: 		ORI.B    #1,CCR         * Set the carry, flag we got a byte
01:00082010 4E75            	   152:         RTS                     * Return
                            	   153: RXNOTREADY
01:00082012 4CDF0102        	   154:         MOVEM.L  (A7)+,A0/D1    * Restore working registers
01:00082016 023C00FE        	   155:         ANDI.B   #$FE,CCR       * Clear the carry, flag character not available
01:0008201A 4E75            	   156:         RTS
                            	   157: 
                            	   158: * Input routine used in LOAD mode to read file from USB flash storage.
                            	   159: 
                            	   160:  ifne   FLASH_SUPPORT
                            	   161: 
                            	   162: VEC_IN2
                            	   163:         MOVEM.L  A0/D1,-(A7)    * Save working registers
                            	   164:         LEA.L    VEC_OUT2,A0    * Redirect output to aux. port.
                            	   165:         MOVE.L   A0,V_OUTPv(a3)
                            	   166: 
                            	   167: * The first time, send READ <filename> 1 1
                            	   168: * Subsequent times, send READ <filename> n 1
                            	   169: 
                            	   170:         LEA      LAB_READN,A0 * Send READ command string
                            	   171:         BSR      PRINTSTRING2   * Print null terminated string
                            	   172: 
                            	   173:         LEA      load_filename(A3),A0 * Send filename string
                            	   174:         BSR      PRINTSTRING2   * Print null terminated string
                            	   175: 
                            	   176:         MOVE.B   #' ',D0       * Send space
                            	   177:         JSR      VEC_OUT2
                            	   178: 
                            	   179:         CMP.B    #1,load_first(A3) * First time?
                            	   180:         BNE      NOTFIRST1
                            	   181:         MOVE.B   #'1',D0        * Send '1'
                            	   182:         CLR.B    load_first(A3) * Clear first flag
                            	   183:         BRA      SENDCMD1
                            	   184: NOTFIRST1
                            	   185:         MOVE.B   #'n',D0        * Send 'n'
                            	   186: SENDCMD1
                            	   187:         JSR      VEC_OUT2
                            	   188:         MOVE.B   #' ',D0        * Send space
                            	   189:         JSR      VEC_OUT2
                            	   190:         MOVE.B   #'1',D0        * Send '1'
                            	   191:         JSR      VEC_OUT2
                            	   192:         MOVE.B   #$0D,D0        * Send <Return>
                            	   193:         JSR      VEC_OUT2
                            	   194: 
                            	   195:         LEA.L    VEC_OUT,A0     * Redirect output back to console port.
                            	   196:         MOVE.L   A0,V_OUTPv(a3)
                            	   197: 
                            	   198: * Read one byte from USB host
                            	   199: 
                            	   200:         LEA.L    ACIA_2,A0      * A0 points to console ACIA
                            	   201: RXNOTREADY2
                            	   202:         MOVE.B   (A0),D1        * Read ACIA status
                            	   203:         BTST     #0,D1          * Test RDRF bit
                            	   204:         BEQ.S    RXNOTREADY2    * Branch if ACIA Rx not ready
                            	   205:         MOVE.B   2(A0),D0       * Read character received
                            	   206: 
                            	   207: * Check for end of file character ('~') and if found, redirect
                            	   208: * input back to console port.
                            	   209: 
                            	   210:         CMP.B    #'~',D0        * End of file marker?
                            	   211:         BNE      NOTEOF
                            	   212:         MOVE.B   #$0D,D0        * Convert '~' to a Return
                            	   213:         LEA.L    VEC_IN,A0      * Redirect input back to console port.
                            	   214:         MOVE.L   A0,V_INPTv(a3)
                            	   215: NOTEOF
                            	   216:         MOVEM.L  (A7)+,A0/D1    * Restore working registers
                            	   217:         ORI.b    #1,CCR         * Set the carry, flag we got a byte
                            	   218:         RTS                     * Return
                            	   219: 
                            	   220:  endc
                            	   221: 
                            	   222: *************************************************************************************
                            	   223: *
                            	   224: * LOAD routine for the TS2 computer (not implemented)
                            	   225: 
                            	   226:  ifeq   FLASH_SUPPORT
                            	   227: 
                            	   228: VEC_LD
01:0008201C 7E2E            	   229:        MOVEQ           #$2E,d7                         * error code $2E "Not implemented" error
01:0008201E 60000136        	   230:        BRA             LAB_XERR                        * do error #d7, then warm start
                            	   231: 
                            	   232:  endc
                            	   233: 
                            	   234: * LOAD routine for the TS2 computer. Supports a Hobbytronics USB Flash
                            	   235: * Drive Host Board connected to the auxiliary serial port.
                            	   236: 
                            	   237:  ifne   FLASH_SUPPORT
                            	   238: 
                            	   239: VEC_LD  LEA             LAB_FILENAME(PC),A0             * Prompt for filename.
                            	   240:         BSR             PRINTSTRING1                    * Print null terminated string
                            	   241:         MOVE.L          A3,A2                           * Save pointer to RAM variables
                            	   242: GETFN1  JSR             VEC_IN                          * Get character
                            	   243:         BCC             GETFN1                          * Go back if carry clear, indicating no key pressed
                            	   244:         JSR             VEC_OUT                         * Echo the character
                            	   245:         CMP.B           #$0D,D0                         * Was it <Return>?
                            	   246:         BEQ             ENDLN1                          * If so, branch
                            	   247:         CMP.B           #$7F,D0                         * Was it <Delete>?
                            	   248:         BEQ             DELETE1                         * If so, handle delete
                            	   249:         CMP.B           #$08,D0                         * Was it <Backspace?
                            	   250:         BEQ             DELETE1                         * If so, handle as delete
                            	   251:         MOVE.B          D0,load_filename(A2)            * Save in buffer
                            	   252:         ADDQ.L          #1,A2                           * Advance string pointer
                            	   253:         BRA             GETFN1                          * Go back and get next character
                            	   254: DELETE1 SUBQ.L          #1,A2                           * Delete last character entered
                            	   255:         BRA             GETFN1                          * Go back and get next character
                            	   256: 
                            	   257: ENDLN1  MOVE.B          #0,load_filename(A2)            * Add terminating null to filename
                            	   258:         LEA.L           VEC_IN2,A0                      * Redirect input from aux. port.
                            	   259:         MOVE.L          A0,V_INPTv(a3)
                            	   260:         MOVE.B          #1,load_first(A3)               * Set load_first flag
                            	   261: 
                            	   262: * Input routine will detect end of file and redirect input back to
                            	   263: * console port.
                            	   264: 
                            	   265:         RTS
                            	   266: 
                            	   267:  endc
                            	   268: 
                            	   269: *************************************************************************************
                            	   270: *
                            	   271: * SAVE routine for the TS2 computer (not implemented)
                            	   272: 
                            	   273:  ifeq   FLASH_SUPPORT
                            	   274: VEC_SV
01:00082022 7E2E            	   275:        MOVEQ           #$2E,d7                         * error code $2E "Not implemented" error
01:00082024 60000130        	   276:        BRA             LAB_XERR                        * do error #d7, then warm start
                            	   277:  endc
                            	   278: 
                            	   279:  ifne   FLASH_SUPPORT
                            	   280: 
                            	   281: * SAVE routine for the TS2 computer. Supports a Hobbytronics USB Flash
                            	   282: * Drive Host Board connected to the auxiliary serial port.
                            	   283: 
                            	   284: * TODO: Make configurable at build time
                            	   285: 
                            	   286: VEC_SV  LEA             LAB_FILENAME(PC),A0             * Prompt for filename.
                            	   287:         BSR             PRINTSTRING1                    * Print null terminated string
                            	   288:         MOVE.L          A3,A2                           * Save pointer to RAM variables
                            	   289: GETFN   JSR             VEC_IN                          * Get character
                            	   290:         BCC             GETFN                           * Go back if carry clear, indicating no key pressed
                            	   291:         JSR             VEC_OUT                         * Echo the character
                            	   292:         CMP.B           #$0D,D0                         * Was it <Return>?
                            	   293:         BEQ             ENDLN                           * If so, branch
                            	   294:         CMP.B           #$7F,D0                         * Was it <Delete>?
                            	   295:         BEQ             DELETE                          * If so, handle delete
                            	   296:         CMP.B           #$08,D0                         * Was it <Backspace?
                            	   297:         BEQ             DELETE                          * If so, handle as delete
                            	   298:         MOVE.B          D0,load_filename(A2)            * Save in buffer
                            	   299:         ADDQ.L          #1,A2                           * Advance string pointer
                            	   300:         BRA             GETFN                           * Go back and get next character
                            	   301: DELETE  SUBQ.L          #1,A2                           * Delete last character entered
                            	   302:         BRA             GETFN                           * Go back and get next character
                            	   303: 
                            	   304: ENDLN   MOVE.B          #0,load_filename(A2)            * Add terminating null to filename
                            	   305: 
                            	   306:         LEA.L           VEC_OUT2,A0                     * Redirect output to aux. port.
                            	   307:         MOVE.L          A0,V_OUTPv(a3)
                            	   308: 
                            	   309:         LEA             LAB_WRITE,A0                * Send WRITE command string
                            	   310:         BSR             PRINTSTRING2                    * Print null terminated string
                            	   311: 
                            	   312:         LEA             load_filename(A3),A0            * Send filename string
                            	   313:         BSR             PRINTSTRING2                    * Print null terminated string
                            	   314: 
                            	   315:         MOVE.B          #$0D,D0                         * Send <Return>
                            	   316:         JSR             VEC_OUT2
                            	   317: 
                            	   318:         MOVE.l          #356000,d0                      * Delay approx. 1 second to allow USB to create file
                            	   319: DELAY   SUBQ.l          #1,d0
                            	   320:         BNE             DELAY
                            	   321: 
                            	   322:         MOVEQ           #0,d0                           * Tells LIST no arguments
                            	   323:         ANDI.b          #$FE,CCR                        * Clear carry
                            	   324:         BSR             LAB_LIST                        * Call LIST routine
                            	   325: 
                            	   326:         MOVEQ           #'~',d0                         * Send tilde symbol indicate end of file (used when loading)
                            	   327:         BSR             LAB_PRNA
                            	   328: 
                            	   329:         MOVEQ           #26,d0                          * Send Control-Z to indicate end of file save operation
                            	   330:         BSR             LAB_PRNA
                            	   331: 
                            	   332:         LEA.L           VEC_OUT,A0                      * Redirect output back to console port.
                            	   333:         MOVE.L          A0,V_OUTPv(a3)
                            	   334:         RTS                                             * Return
                            	   335: 
                            	   336: LAB_WRITE
                            	   337:         dc.b            '$WRITE ',$00
                            	   338: 
                            	   339: LAB_READN
                            	   340:         dc.b            '$READ ',$00
                            	   341: 
                            	   342: LAB_FILENAME
                            	   343:         dc.b            'Filename? ',$00
                            	   344: 
                            	   345:  endc
                            	   346:         even
                            	   347: 
                            	   348: *************************************************************************************
                            	   349: 
                            	   350: code_start
                            	   351: 
                            	   352: * to tell EhBASIC where and how much RAM it has pass the address in a0 and the size
                            	   353: * in d0. these values are at the end of the .inc file
                            	   354: 
01:00082028 207C00086000    	   355: 	MOVEA.l	#ram_addr,a0		* tell BASIC where RAM starts
01:0008202E 203C00008000    	   356: 	MOVE.l	#ram_size,d0		* tell BASIC how big RAM is
                            	   357: 
                            	   358: * end of simulator specific code
                            	   359: 
                            	   360: 
                            	   361: ****************************************************************************************
                            	   362: ****************************************************************************************
                            	   363: ****************************************************************************************
                            	   364: ****************************************************************************************
                            	   365: *
                            	   366: * Register use :- (must improve this !!)
                            	   367: *
                            	   368: *	a6 -	temp Bpntr				* temporary BASIC execute pointer
                            	   369: *	a5 -	Bpntr					* BASIC execute (get byte) pointer
                            	   370: *	a4 -	des_sk				        * descriptor stack pointer
                            	   371: *	a3 -	ram_strt				* start of RAM. all RAM references are offsets
                            	   372: *							* from this value
                            	   373: *
                            	   374: 
                            	   375: *************************************************************************************
                            	   376: *
                            	   377: * BASIC cold start entry point. assume entry with RAM address in a0 and RAM length
                            	   378: * in d0
                            	   379: 
                            	   380: LAB_COLD
01:00082034 B0BC00004000    	   381: 	CMP.l		#$4000,d0			* compare size with 16k
01:0008203A 6C08            	   382: 	BGE.s		LAB_sizok			* branch if >= 16k
                            	   383: 
01:0008203C 7005            	   384: 	MOVEQ		#5,d0				* error 5 - not enough RAM
01:0008203E 1E3C00E4        	   385:     move.b      #228,D7                         * Go to TUTOR function
01:00082042 4E40            	   386:     trap        #0                            * Call TRAP0 handler
                            	   387: 
                            	   388: LAB_sizok
01:00082044 2648            	   389: 	MOVEA.l	a0,a3				* copy RAM base to a3
01:00082046 D1C0            	   390: 	ADDA.l	d0,a0				* a0 is top of RAM
01:00082048 2748144A        	   391: 	MOVE.l	a0,Ememl(a3)		* set end of mem
01:0008204C 4FFA3FB2        	   392: 	LEA	    $86000,sp		* set stack to RAM start + 1k
                            	   393: 	;LEA		ram_base(a3),sp		* set stack to RAM start + 1k
                            	   394: 
01:00082050 303C4EF9        	   395: 	MOVE.w	#$4EF9,d0			* JMP opcode
01:00082054 41FA2DEC        	   396: 	LEA	    LAB_CTBL,a0				* point to start of vector table
                            	   397: 
01:00082058 30C0            	   398: 	MOVE.w	d0,(a0)+			* LAB_WARM
01:0008205A 43FAFFD8        	   399: 	LEA		LAB_COLD,a1		* initial warm start vector
01:0008205E 20C9            	   400: 	MOVE.l	a1,(a0)+			* set vector
                            	   401: 
01:00082060 30C0            	   402: 	MOVE.w	d0,(a0)+			* Usrjmp
01:00082062 43FA00E0        	   403: 	LEA		LAB_FCER,a1		* initial user function vector
                            	   404: 								* "Function call" error
01:00082066 20C9            	   405: 	MOVE.l	a1,(a0)+			* set vector
                            	   406: 
01:00082068 30C0            	   407: 	MOVE.w	d0,(a0)+			* V_INPT JMP opcode
01:0008206A 43F80408        	   408: 	LEA		UART_ReadChar,a1		* get byte from input device vector
01:0008206E 20C9            	   409: 	MOVE.l	a1,(a0)+			* set vector
                            	   410: 
01:00082070 30C0            	   411: 	MOVE.w	d0,(a0)+			* V_OUTP JMP opcode
01:00082072 43F80404        	   412: 	LEA		UART_WriteChar,a1		* send byte to output device vector
01:00082076 20C9            	   413: 	MOVE.l	a1,(a0)+			* set vector
                            	   414: 
01:00082078 30C0            	   415: 	MOVE.w	d0,(a0)+			* V_LOAD JMP opcode
01:0008207A 43FAFFA0        	   416: 	LEA		VEC_LD,a1		* load BASIC program vector
01:0008207E 20C9            	   417: 	MOVE.l	a1,(a0)+			* set vector
                            	   418: 
01:00082080 30C0            	   419: 	MOVE.w	d0,(a0)+			* V_SAVE JMP opcode
01:00082082 43FAFF9E        	   420: 	LEA		VEC_SV,a1		* save BASIC program vector
01:00082086 20C9            	   421: 	MOVE.l	a1,(a0)+			* set vector
                            	   422: 
01:00082088 30C0            	   423: 	MOVE.w	d0,(a0)+			* V_CTLC JMP opcode
01:0008208A 43FA2654        	   424: 	LEA		VEC_CC,a1		* save CTRL-C check vector
01:0008208E 20C9            	   425: 	MOVE.l	a1,(a0)+			* set vector
                            	   426: 
                            	   427: * set-up start values
                            	   428: 
                            	   429: *##LAB_GMEM
01:00082090 7000            	   430: 	MOVEQ		#$00,d0			* clear d0
01:00082092 17401F2C        	   431: 	MOVE.b	d0,Nullct(a3)		* default NULL count
01:00082096 17401F2D        	   432: 	MOVE.b	d0,TPos(a3)			* clear terminal position
01:0008209A 17401F30        	   433: 	MOVE.b	d0,ccflag(a3)		* allow CTRL-C check
01:0008209E 37401F32        	   434: 	MOVE.w	d0,prg_strt-2(a3)		* clear start word
01:000820A2 37401F1E        	   435: 	MOVE.w	d0,BHsend(a3)		* clear value to string end word
                            	   436: 
01:000820A6 177C00501F2E    	   437: 	MOVE.b	#$50,TWidth(a3)		* default terminal width byte for simulator
01:000820AC 177C000E1F2A    	   438: 	MOVE.b	#$0E,TabSiz(a3)		* save default tab size = 14
                            	   439: 
01:000820B2 177C00381F2F    	   440: 	MOVE.b	#$38,Iclim(a3)		* default limit for TAB = 14 for simulator
                            	   441: 
                            	   442: 	;LEA		des_sk(a3),a4	* set descriptor stack start
01:000820B8 49FAFD1C        	   443: 	LEA		des_sk,a4			* set descriptor stack start
                            	   444: 
01:000820BC 204BD1FC00081F34	   445: 	LEA		prg_strt(a3),a0		* get start of mem
01:000820C4 2748142E        	   446: 	MOVE.l	a0,Smeml(a3)		* save start of mem
                            	   447: 
01:000820C8 6100032E        	   448: 	BSR		LAB_1463			* do "NEW" and "CLEAR"
01:000820CC 610008A6        	   449: 	BSR		LAB_CRLF			* print CR/LF
01:000820D0 202B144A        	   450: 	MOVE.l	Ememl(a3),d0		* get end of mem
01:000820D4 90AB142E        	   451: 	SUB.l		Smeml(a3),d0		* subtract start of mem
                            	   452: 
01:000820D8 61001BE2        	   453: 	BSR		LAB_295E			* print d0 as unsigned integer (bytes free)
01:000820DC 41FA3422        	   454: 	LEA		LAB_SMSG,a0		* point to start message
01:000820E0 610008F0        	   455: 	BSR		LAB_18C3			* print null terminated string from memory
                            	   456: 
01:000820E4 41FA2A06        	   457: 	LEA		LAB_RSED,a0		* get pointer to value
01:000820E8 61001A7E        	   458: 	BSR		LAB_UFAC			* unpack memory (a0) into FAC1
                            	   459: 
01:000820EC 41FA0092        	   460: 	LEA		LAB_1274,a0		* get warm start vector
01:000820F0 27481402        	   461: 	MOVE.l	a0,Wrmjpv(a3)		* set warm start vector
01:000820F4 61001FF8        	   462: 	BSR		LAB_RND			* initialise
01:000820F8 4EEB1400        	   463: 	JMP		LAB_WARM(a3)		* go do warm start
                            	   464: 
                            	   465: 
                            	   466: *************************************************************************************
                            	   467: *
                            	   468: * do format error
                            	   469: 
                            	   470: LAB_FOER
01:000820FC 7E2C            	   471: 	MOVEQ		#$2C,d7			* error code $2C "Format" error
01:000820FE 6056            	   472: 	BRA.s		LAB_XERR			* do error #d7, then warm start
                            	   473: 
                            	   474: 
                            	   475: *************************************************************************************
                            	   476: *
                            	   477: * do address error
                            	   478: 
                            	   479: LAB_ADER
01:00082100 7E2A            	   480: 	MOVEQ		#$2A,d7			* error code $2A "Address" error
01:00082102 6052            	   481: 	BRA.s		LAB_XERR			* do error #d7, then warm start
                            	   482: 
                            	   483: 
                            	   484: *************************************************************************************
                            	   485: *
                            	   486: * do wrong dimensions error
                            	   487: 
                            	   488: LAB_WDER
01:00082104 7E28            	   489: 	MOVEQ		#$28,d7			* error code $28 "Wrong dimensions" error
01:00082106 604E            	   490: 	BRA.s		LAB_XERR			* do error #d7, then warm start
                            	   491: 
                            	   492: 
                            	   493: *************************************************************************************
                            	   494: *
                            	   495: * do undimensioned array error
                            	   496: 
                            	   497: LAB_UDER
01:00082108 7E26            	   498: 	MOVEQ		#$26,d7			* error code $26 "undimensioned array" error
01:0008210A 604A            	   499: 	BRA.s		LAB_XERR			* do error #d7, then warm start
                            	   500: 
                            	   501: 
                            	   502: *************************************************************************************
                            	   503: *
                            	   504: * do undefined variable error
                            	   505: 
                            	   506: LAB_UVER
                            	   507: 
                            	   508: * if you do want a non existant variable to return an error then leave the novar
                            	   509: * value at the top of this file set to zero
                            	   510: 
                            	   511:  ifeq	novar
                            	   512: 
01:0008210C 7E24            	   513: 	MOVEQ		#$24,d7			* error code $24 "undefined variable" error
01:0008210E 6046            	   514: 	BRA.s		LAB_XERR			* do error #d7, then warm start
                            	   515: 
                            	   516:  endc
                            	   517: 
                            	   518: * if you want a non existant variable to return a null value then set the novar
                            	   519: * value at the top of this file to some non zero value
                            	   520: 
                            	   521:  ifne	novar
                            	   522: 
                            	   523: 	ADD.l		d0,d0				* .......$ .......& ........ .......0
                            	   524: 	SWAP		d0				* ........ .......0 .......$ .......&
                            	   525: 	ROR.b		#1,d0				* ........ .......0 .......$ &.......
                            	   526: 	LSR.w		#1,d0				* ........ .......0 0....... $&.....­.
                            	   527: 	AND.b		#$C0,d0			* mask the type bits
                            	   528: 	MOVE.b	d0,Dtypef(a3)		* save the data type
                            	   529: 
                            	   530: 	MOVEQ		#0,d0				* clear d0 and set the zero flag
                            	   531: 	MOVEA.l	d0,a0				* return a null address
                            	   532: 	RTS
                            	   533: 
                            	   534:  endc
                            	   535: 
                            	   536: 
                            	   537: *************************************************************************************
                            	   538: *
                            	   539: * do loop without do error
                            	   540: 
                            	   541: LAB_LDER
01:00082110 7E22            	   542: 	MOVEQ		#$22,d7			* error code $22 "LOOP without DO" error
01:00082112 6042            	   543: 	BRA.s		LAB_XERR			* do error #d7, then warm start
                            	   544: 
                            	   545: 
                            	   546: *************************************************************************************
                            	   547: *
                            	   548: * do undefined function error
                            	   549: 
                            	   550: LAB_UFER
01:00082114 7E20            	   551: 	MOVEQ		#$20,d7			* error code $20 "Undefined function" error
01:00082116 603E            	   552: 	BRA.s		LAB_XERR			* do error #d7, then warm start
                            	   553: 
                            	   554: 
                            	   555: *************************************************************************************
                            	   556: *
                            	   557: * do can't continue error
                            	   558: 
                            	   559: LAB_CCER
01:00082118 7E1E            	   560: 	MOVEQ		#$1E,d7			* error code $1E "Can't continue" error
01:0008211A 603A            	   561: 	BRA.s		LAB_XERR			* do error #d7, then warm start
                            	   562: 
                            	   563: 
                            	   564: *************************************************************************************
                            	   565: *
                            	   566: * do string too complex error
                            	   567: 
                            	   568: LAB_SCER
01:0008211C 7E1C            	   569: 	MOVEQ		#$1C,d7			* error code $1C "String too complex" error
01:0008211E 6036            	   570: 	BRA.s		LAB_XERR			* do error #d7, then warm start
                            	   571: 
                            	   572: 
                            	   573: *************************************************************************************
                            	   574: *
                            	   575: * do string too long error
                            	   576: 
                            	   577: LAB_SLER
01:00082120 7E1A            	   578: 	MOVEQ		#$1A,d7			* error code $1A "String too long" error
01:00082122 6032            	   579: 	BRA.s		LAB_XERR			* do error #d7, then warm start
                            	   580: 
                            	   581: 
                            	   582: *************************************************************************************
                            	   583: *
                            	   584: * do type missmatch error
                            	   585: 
                            	   586: LAB_TMER
01:00082124 7E18            	   587: 	MOVEQ		#$18,d7			* error code $18 "Type mismatch" error
01:00082126 602E            	   588: 	BRA.s		LAB_XERR			* do error #d7, then warm start
                            	   589: 
                            	   590: 
                            	   591: *************************************************************************************
                            	   592: *
                            	   593: * do illegal direct error
                            	   594: 
                            	   595: LAB_IDER
01:00082128 7E16            	   596: 	MOVEQ		#$16,d7			* error code $16 "Illegal direct" error
01:0008212A 602A            	   597: 	BRA.s		LAB_XERR			* do error #d7, then warm start
                            	   598: 
                            	   599: 
                            	   600: *************************************************************************************
                            	   601: *
                            	   602: * do divide by zero error
                            	   603: 
                            	   604: LAB_DZER
01:0008212C 7E14            	   605: 	MOVEQ		#$14,d7			* error code $14 "Divide by zero" error
01:0008212E 6026            	   606: 	BRA.s		LAB_XERR			* do error #d7, then warm start
                            	   607: 
                            	   608: 
                            	   609: *************************************************************************************
                            	   610: *
                            	   611: * do double dimension error
                            	   612: 
                            	   613: LAB_DDER
01:00082130 7E12            	   614: 	MOVEQ		#$12,d7			* error code $12 "Double dimension" error
01:00082132 6022            	   615: 	BRA.s		LAB_XERR			* do error #d7, then warm start
                            	   616: 
                            	   617: 
                            	   618: *************************************************************************************
                            	   619: *
                            	   620: * do array bounds error
                            	   621: 
                            	   622: LAB_ABER
01:00082134 7E10            	   623: 	MOVEQ		#$10,d7			* error code $10 "Array bounds" error
01:00082136 601E            	   624: 	BRA.s		LAB_XERR			* do error #d7, then warm start
                            	   625: 
                            	   626: 
                            	   627: *************************************************************************************
                            	   628: *
                            	   629: * do undefined satement error
                            	   630: 
                            	   631: LAB_USER
01:00082138 7E0E            	   632: 	MOVEQ		#$0E,d7			* error code $0E "Undefined statement" error
01:0008213A 601A            	   633: 	BRA.s		LAB_XERR			* do error #d7, then warm start
                            	   634: 
                            	   635: 
                            	   636: *************************************************************************************
                            	   637: *
                            	   638: * do out of memory error
                            	   639: 
                            	   640: LAB_OMER
01:0008213C 7E0C            	   641: 	MOVEQ		#$0C,d7			* error code $0C "Out of memory" error
01:0008213E 6016            	   642: 	BRA.s		LAB_XERR			* do error #d7, then warm start
                            	   643: 
                            	   644: 
                            	   645: *************************************************************************************
                            	   646: *
                            	   647: * do overflow error
                            	   648: 
                            	   649: LAB_OFER
01:00082140 7E0A            	   650: 	MOVEQ		#$0A,d7			* error code $0A "Overflow" error
01:00082142 6012            	   651: 	BRA.s		LAB_XERR			* do error #d7, then warm start
                            	   652: 
                            	   653: 
                            	   654: *************************************************************************************
                            	   655: *
                            	   656: * do function call error
                            	   657: 
                            	   658: LAB_FCER
01:00082144 7E08            	   659: 	MOVEQ		#$08,d7			* error code $08 "Function call" error
01:00082146 600E            	   660: 	BRA.s		LAB_XERR			* do error #d7, then warm start
                            	   661: 
                            	   662: 
                            	   663: *************************************************************************************
                            	   664: *
                            	   665: * do out of data error
                            	   666: 
                            	   667: LAB_ODER
01:00082148 7E06            	   668: 	MOVEQ		#$06,d7			* error code $06 "Out of DATA" error
01:0008214A 600A            	   669: 	BRA.s		LAB_XERR			* do error #d7, then warm start
                            	   670: 
                            	   671: 
                            	   672: *************************************************************************************
                            	   673: *
                            	   674: * do return without gosub error
                            	   675: 
                            	   676: LAB_RGER
01:0008214C 7E04            	   677: 	MOVEQ		#$04,d7			* error code $04 "RETURN without GOSUB" error
01:0008214E 6006            	   678: 	BRA.s		LAB_XERR			* do error #d7, then warm start
                            	   679: 
                            	   680: 
                            	   681: *************************************************************************************
                            	   682: *
                            	   683: * do syntax error
                            	   684: 
                            	   685: LAB_SNER
01:00082150 7E02            	   686: 	MOVEQ		#$02,d7			* error code $02 "Syntax" error
01:00082152 6002            	   687: 	BRA.s		LAB_XERR			* do error #d7, then warm start
                            	   688: 
                            	   689: 
                            	   690: *************************************************************************************
                            	   691: *
                            	   692: * do next without for error
                            	   693: 
                            	   694: LAB_NFER
01:00082154 7E00            	   695: 	MOVEQ		#$00,d7			* error code $00 "NEXT without FOR" error
                            	   696: 
                            	   697: 
                            	   698: *************************************************************************************
                            	   699: *
                            	   700: * do error #d7, then warm start
                            	   701: 
                            	   702: LAB_XERR
01:00082156 610002D6        	   703: 	BSR		LAB_1491			* flush stack & clear continue flag
01:0008215A 61000818        	   704: 	BSR		LAB_CRLF			* print CR/LF
01:0008215E 43FA3018        	   705: 	LEA		LAB_BAER,a1		* start of error message pointer table
01:00082162 3E317000        	   706: 	MOVE.w	(a1,d7.w),d7		* get error message offset
01:00082166 41F17000        	   707: 	LEA		(a1,d7.w),a0		* get error message address
01:0008216A 61000866        	   708: 	BSR		LAB_18C3			* print null terminated string from memory
01:0008216E 41FA3353        	   709: 	LEA		LAB_EMSG,a0		* point to " Error" message
                            	   710: LAB_1269
01:00082172 6100085E        	   711: 	BSR		LAB_18C3			* print null terminated string from memory
01:00082176 202B1452        	   712: 	MOVE.l	Clinel(a3),d0		* get current line
01:0008217A 6B04            	   713: 	BMI.s		LAB_1274			* go do warm start if -ve # (was immediate mode)
                            	   714: 
                            	   715: 							* else print line number
01:0008217C 61001B32        	   716: 	BSR		LAB_2953			* print " in line [LINE #]"
                            	   717: 
                            	   718: * BASIC warm start entry point, wait for Basic command
                            	   719: 
                            	   720: LAB_1274
01:00082180 41FA3374        	   721: 	LEA		LAB_RMSG,a0		* point to "Ready" message
01:00082184 6100084C        	   722: 	BSR		LAB_18C3			* go do print string
                            	   723: 
                            	   724: * wait for Basic command - no "Ready"
                            	   725: 
                            	   726: LAB_127D
01:00082188 72FF            	   727: 	MOVEQ		#-1,d1			* set to -1
01:0008218A 27411452        	   728: 	MOVE.l	d1,Clinel(a3)		* set current line #
01:0008218E 17411F24        	   729: 	MOVE.b	d1,Breakf(a3)		* set break flag
01:00082192 2A4BDBFC00081DD8	   730: 	LEA		Ibuffs(a3),a5		* set basic execute pointer ready for new line
                            	   731: LAB_127E
01:0008219A 610000F0        	   732: 	BSR		LAB_1357			* call for BASIC input
01:0008219E 61000BFE        	   733: 	BSR		LAB_GBYT			* scan memory
01:000821A2 67F6            	   734: 	BEQ.s		LAB_127E			* loop while null
                            	   735: 
                            	   736: * got to interpret input line now ....
                            	   737: 
01:000821A4 6508            	   738: 	BCS.s		LAB_1295			* branch if numeric character, handle new
                            	   739: 							* BASIC line
                            	   740: 
                            	   741: 							* no line number so do immediate mode, a5
                            	   742: 							* points to the buffer start
01:000821A6 6100015E        	   743: 	BSR		LAB_13A6			* crunch keywords into Basic tokens
                            	   744: 							* crunch from (a5), output to (a0)
                            	   745: 							* returns ..
                            	   746: 							* d2 is length, d1 trashed, d0 trashed,
                            	   747: 							* a1 trashed
01:000821AA 600003CA        	   748: 	BRA		LAB_15F6			* go scan & interpret code
                            	   749: 
                            	   750: 
                            	   751: *************************************************************************************
                            	   752: *
                            	   753: * handle a new BASIC line
                            	   754: 
                            	   755: LAB_1295
01:000821AE 61000644        	   756: 	BSR		LAB_GFPN			* get fixed-point number into temp integer & d1
01:000821B2 61000152        	   757: 	BSR		LAB_13A6			* crunch keywords into Basic tokens
                            	   758: 							* crunch from (a5), output to (a0)
                            	   759: 							* returns .. d2 is length,
                            	   760: 							* d1 trashed, d0 trashed, a1 trashed
01:000821B6 222B142A        	   761: 	MOVE.l	Itemp(a3),d1		* get required line #
01:000821BA 61000220        	   762: 	BSR		LAB_SSLN			* search BASIC for d1 line number
                            	   763: 							* returns pointer in a0
01:000821BE 6532            	   764: 	BCS.s		LAB_12E6			* branch if not found
                            	   765: 
                            	   766: 							* aroooogah! line # already exists! delete it
01:000821C0 2250            	   767: 	MOVEA.l	(a0),a1			* get start of block (next line pointer)
01:000821C2 202B1432        	   768: 	MOVE.l	Sfncl(a3),d0		* get end of block (start of functions)
01:000821C6 9089            	   769: 	SUB.l		a1,d0				* subtract start of block ( = bytes to move)
01:000821C8 E288            	   770: 	LSR.l		#1,d0				* /2 (word move)
01:000821CA 5380            	   771: 	SUBQ.l	#1,d0				* adjust for DBF loop
01:000821CC 4840            	   772: 	SWAP		d0				* swap high word to low word
01:000821CE 2448            	   773: 	MOVEA.l	a0,a2				* copy destination
                            	   774: LAB_12AE
01:000821D0 4840            	   775: 	SWAP		d0				* swap high word to low word
                            	   776: LAB_12B0
01:000821D2 34D9            	   777: 	MOVE.w	(a1)+,(a2)+			* copy word
01:000821D4 51C8FFFC        	   778: 	DBF		d0,LAB_12B0			* decrement low count and loop until done
                            	   779: 
01:000821D8 4840            	   780: 	SWAP		d0				* swap high word to low word
01:000821DA 51C8FFF4        	   781: 	DBF		d0,LAB_12AE			* decrement high count and loop until done
                            	   782: 
01:000821DE 274A1432        	   783: 	MOVE.l	a2,Sfncl(a3)		* start of functions
01:000821E2 274A1436        	   784: 	MOVE.l	a2,Svarl(a3)		* save start of variables
01:000821E6 274A143A        	   785: 	MOVE.l	a2,Sstrl(a3)		* start of strings
01:000821EA 274A143E        	   786: 	MOVE.l	a2,Sarryl(a3)		* save start of arrays
01:000821EE 274A1442        	   787: 	MOVE.l	a2,Earryl(a3)		* save end of arrays
                            	   788: 
                            	   789: 							* got new line in buffer and no existing same #
                            	   790: LAB_12E6
01:000821F2 102B1DD8        	   791: 	MOVE.b	Ibuffs(a3),d0		* get byte from start of input buffer
01:000821F6 6768            	   792: 	BEQ.s		LAB_1325			* if null line go do line chaining
                            	   793: 
                            	   794: 							* got new line and it isn't empty line
01:000821F8 226B1432        	   795: 	MOVEA.l	Sfncl(a3),a1		* get start of functions (end of block to move)
01:000821FC 45F12008        	   796: 	LEA		8(a1,d2),a2			* copy it, add line length and add room for
                            	   797: 							* pointer and line number
                            	   798: 
01:00082200 274A1432        	   799: 	MOVE.l	a2,Sfncl(a3)		* start of functions
01:00082204 274A1436        	   800: 	MOVE.l	a2,Svarl(a3)		* save start of variables
01:00082208 274A143A        	   801: 	MOVE.l	a2,Sstrl(a3)		* start of strings
01:0008220C 274A143E        	   802: 	MOVE.l	a2,Sarryl(a3)		* save start of arrays
01:00082210 274A1442        	   803: 	MOVE.l	a2,Earryl(a3)		* save end of arrays
01:00082214 276B144A1446    	   804: 	MOVE.l	Ememl(a3),Sstorl(a3)	* copy end of mem to start of strings, clear
                            	   805: 							* strings
                            	   806: 
01:0008221A 2209            	   807: 	MOVE.l	a1,d1				* copy end of block to move
01:0008221C 9288            	   808: 	SUB.l		a0,d1				* subtract start of block to move
01:0008221E E289            	   809: 	LSR.l		#1,d1				* /2 (word copy)
01:00082220 5381            	   810: 	SUBQ.l	#1,d1				* correct for loop end on -1
01:00082222 4841            	   811: 	SWAP		d1				* swap high word to low word
                            	   812: LAB_12FF
01:00082224 4841            	   813: 	SWAP		d1				* swap high word to low word
                            	   814: LAB_1301
01:00082226 3521            	   815: 	MOVE.w	-(a1),-(a2)			* decrement pointers and copy word
01:00082228 51C9FFFC        	   816: 	DBF		d1,LAB_1301			* decrement & loop
                            	   817: 
01:0008222C 4841            	   818: 	SWAP		d1				* swap high word to low word
01:0008222E 51C9FFF4        	   819: 	DBF		d1,LAB_12FF			* decrement high count and loop until done
                            	   820: 
                            	   821: * space is opened up, now copy the crunched line from the input buffer into the space
                            	   822: 
01:00082232 224BD3FC00081DD8	   823: 	LEA		Ibuffs(a3),a1		* source is input buffer
01:0008223A 2448            	   824: 	MOVEA.l	a0,a2				* copy destination
01:0008223C 72FF            	   825: 	MOVEQ		#-1,d1			* set to allow re-chaining
01:0008223E 24C1            	   826: 	MOVE.l	d1,(a2)+			* set next line pointer (allow re-chaining)
01:00082240 24EB142A        	   827: 	MOVE.l	Itemp(a3),(a2)+		* save line number
01:00082244 E24A            	   828: 	LSR.w		#1,d2				* /2 (word copy)
01:00082246 5342            	   829: 	SUBQ.w	#1,d2				* correct for loop end on -1
                            	   830: LAB_1303
01:00082248 34D9            	   831: 	MOVE.w	(a1)+,(a2)+			* copy word
01:0008224A 51CAFFFC        	   832: 	DBF		d2,LAB_1303			* decrement & loop
                            	   833: 
01:0008224E 6010            	   834: 	BRA.s		LAB_1325			* go test for end of prog
                            	   835: 
                            	   836: * rebuild chaining of BASIC lines
                            	   837: 
                            	   838: LAB_132E
01:00082250 5048            	   839: 	ADDQ.w	#8,a0				* point to first code byte of line, there is
                            	   840: 							* always 1 byte + [EOL] as null entries are
                            	   841: 							* deleted
                            	   842: LAB_1330
01:00082252 4A18            	   843: 	TST.b		(a0)+				* test byte	
01:00082254 66FC            	   844: 	BNE.s		LAB_1330			* loop if not [EOL]
                            	   845: 
                            	   846: 							* was [EOL] so get next line start
01:00082256 3208            	   847: 	MOVE.w	a0,d1				* past pad byte(s)
01:00082258 02410001        	   848: 	ANDI.w	#1,d1				* mask odd bit
01:0008225C D0C1            	   849: 	ADD.w		d1,a0				* add back to ensure even
01:0008225E 2288            	   850: 	MOVE.l	a0,(a1)			* save next line pointer to current line
                            	   851: LAB_1325
01:00082260 2248            	   852: 	MOVEA.l	a0,a1				* copy pointer for this line
01:00082262 4A90            	   853: 	TST.l		(a0)				* test pointer to next line
01:00082264 66EA            	   854: 	BNE.s		LAB_132E			* not end of program yet so we must
                            	   855: 							* go and fix the pointers
                            	   856: 
01:00082266 6100019C        	   857: 	BSR		LAB_1477			* reset execution to start, clear variables
                            	   858: 							* and flush stack
01:0008226A 6000FF1C        	   859: 	BRA		LAB_127D			* now we just wait for Basic command, no "Ready"
                            	   860: 
                            	   861: 
                            	   862: *************************************************************************************
                            	   863: *
                            	   864: * receive a line from the keyboard
                            	   865: 							* character $08 as delete key, BACKSPACE on
                            	   866: 							* standard keyboard
                            	   867: LAB_134B
01:0008226E 6100077C        	   868: 	BSR		LAB_PRNA			* go print the character
01:00082272 7020            	   869: 	MOVEQ		#' ',d0			* load [SPACE]
01:00082274 61000776        	   870: 	BSR		LAB_PRNA			* go print
01:00082278 7008            	   871: 	MOVEQ		#$08,d0			* load [BACKSPACE]
01:0008227A 61000770        	   872: 	BSR		LAB_PRNA			* go print
01:0008227E 5341            	   873: 	SUBQ.w	#$01,d1			* decrement the buffer index (delete)
01:00082280 6014            	   874: 	BRA.s		LAB_1359			* re-enter loop
                            	   875: 
                            	   876: * print "? " and get BASIC input
                            	   877: * return a0 pointing to the buffer start
                            	   878: 
                            	   879: LAB_INLN
01:00082282 61000766        	   880: 	BSR		LAB_18E3			* print "?" character
01:00082286 7020            	   881: 	MOVEQ		#' ',d0			* load " "
01:00082288 61000762        	   882: 	BSR		LAB_PRNA			* go print
                            	   883: 
                            	   884: * call for BASIC input (main entry point)
                            	   885: * return a0 pointing to the buffer start
                            	   886: 
                            	   887: LAB_1357
01:0008228C 7200            	   888: 	MOVEQ		#$00,d1			* clear buffer index
01:0008228E 204BD1FC00081DD8	   889: 	LEA		Ibuffs(a3),a0		* set buffer base pointer
                            	   890: LAB_1359
01:00082296 4EAB140C        	   891: 	JSR		V_INPT(a3)			* call scan input device
01:0008229A 64FA            	   892: 	BCC.s		LAB_1359			* loop if no byte
                            	   893: 
01:0008229C 67F8            	   894: 	BEQ.s		LAB_1359			* loop if null byte
                            	   895: 
01:0008229E B03C0007        	   896: 	CMP.b		#$07,d0			* compare with [BELL]
01:000822A2 6718            	   897: 	BEQ.s		LAB_1378			* branch if [BELL]
                            	   898: 
01:000822A4 B03C000D        	   899: 	CMP.b		#$0D,d0			* compare with [CR]
01:000822A8 670006C4        	   900: 	BEQ		LAB_1866			* do CR/LF exit if [CR]
                            	   901: 
01:000822AC 4A41            	   902: 	TST.w		d1				* set flags on buffer index
01:000822AE 6606            	   903: 	BNE.s		LAB_1374			* branch if not empty
                            	   904: 
                            	   905: * the next two lines ignore any non printing character and [SPACE] if the input buffer
                            	   906: * is empty
                            	   907: 
01:000822B0 B03C0020        	   908: 	CMP.b		#' ',d0			* compare with [SP]+1
01:000822B4 63E0            	   909: 	BLS.s		LAB_1359			* if < ignore character
                            	   910: 
                            	   911: *##	CMP.b		#' '+1,d0			* compare with [SP]+1
                            	   912: *##	BCS.s		LAB_1359			* if < ignore character
                            	   913: 
                            	   914: LAB_1374
01:000822B6 B03C0008        	   915: 	CMP.b		#$08,d0			* compare with [BACKSPACE]
01:000822BA 67B2            	   916: 	BEQ.s		LAB_134B			* go delete last character
                            	   917: 
                            	   918: LAB_1378
01:000822BC B27C00FF        	   919: 	CMP.w		#(Ibuffe-Ibuffs-1),d1	* compare character count with max-1
01:000822C0 640C            	   920: 	BCC.s		LAB_138E			* skip store & do [BELL] if buffer full
                            	   921: 
01:000822C2 11801000        	   922: 	MOVE.b	d0,(a0,d1.w)		* else store in buffer
01:000822C6 5241            	   923: 	ADDQ.w	#$01,d1			* increment index
                            	   924: LAB_137F
01:000822C8 61000722        	   925: 	BSR		LAB_PRNA			* go print the character
01:000822CC 60C8            	   926: 	BRA.s		LAB_1359			* always loop for next character
                            	   927: 
                            	   928: * announce buffer full
                            	   929: 
                            	   930: LAB_138E
01:000822CE 7007            	   931: 	MOVEQ		#$07,d0			* [BELL] character into d0
01:000822D0 60F6            	   932: 	BRA.s		LAB_137F			* go print the [BELL] but ignore input character
                            	   933: 
                            	   934: 
                            	   935: *************************************************************************************
                            	   936: *
                            	   937: * copy a hex value without crunching
                            	   938: 
                            	   939: LAB_1392
01:000822D2 11802000        	   940: 	MOVE.b	d0,(a0,d2.w)		* save the byte to the output
01:000822D6 5242            	   941: 	ADDQ.w	#1,d2				* increment the buffer save index
                            	   942: 
01:000822D8 5241            	   943: 	ADDQ.w	#1,d1				* increment the buffer read index
01:000822DA 10351000        	   944: 	MOVE.b	(a5,d1.w),d0		* get a byte from the input buffer
01:000822DE 67000094        	   945: 	BEQ		LAB_13EC			* if [EOL] go save it without crunching
                            	   946: 
01:000822E2 B03C0020        	   947: 	CMP.b		#' ',d0			* compare the character with " "
01:000822E6 67EA            	   948: 	BEQ.s		LAB_1392			* if [SPACE] just go save it and get another
                            	   949: 
01:000822E8 B03C0030        	   950: 	CMP.b		#'0',d0			* compare the character with "0"
01:000822EC 654A            	   951: 	BCS.s		LAB_13C6			* if < "0" quit the hex save loop
                            	   952: 
01:000822EE B03C0039        	   953: 	CMP.b		#'9',d0			* compare with "9"
01:000822F2 63DE            	   954: 	BLS.s		LAB_1392			* if it is "0" to "9" save it and get another
                            	   955: 
01:000822F4 7ADF            	   956: 	MOVEQ		#-33,d5			* mask xx0x xxxx, ASCII upper case
01:000822F6 CA00            	   957: 	AND.b		d0,d5				* mask the character
                            	   958: 
01:000822F8 BA3C0041        	   959: 	CMP.b		#'A',d5			* compare with "A"
01:000822FC 6540            	   960: 	BCS.s		LAB_13CC			* if < "A" quit the hex save loop
                            	   961: 
01:000822FE BA3C0046        	   962: 	CMP.b		#'F',d5			* compare with "F"
01:00082302 63CE            	   963: 	BLS.s		LAB_1392			* if it is "A" to "F" save it and get another
                            	   964: 
01:00082304 6038            	   965: 	BRA.s		LAB_13CC			* else continue crunching
                            	   966: 
                            	   967: * crunch keywords into Basic tokens
                            	   968: * crunch from (a5), output to (a0)
                            	   969: * returns ..
                            	   970: * d4 trashed
                            	   971: * d3 trashed
                            	   972: * d2 is length
                            	   973: * d1 trashed
                            	   974: * d0 trashed
                            	   975: * a1 trashed
                            	   976: 
                            	   977: * this is the improved BASIC crunch routine and is 10 to 100 times faster than the
                            	   978: * old list search
                            	   979: 
                            	   980: LAB_13A6
01:00082306 7200            	   981: 	MOVEQ		#0,d1				* clear the read index
01:00082308 2401            	   982: 	MOVE.l	d1,d2				* clear the save index
01:0008230A 17411F25        	   983: 	MOVE.b	d1,Oquote(a3)		* clear the open quote/DATA flag
                            	   984: LAB_13AC
01:0008230E 7000            	   985: 	MOVEQ		#0,d0				* clear word
01:00082310 10351000        	   986: 	MOVE.b	(a5,d1.w),d0		* get byte from input buffer
01:00082314 675E            	   987: 	BEQ.s		LAB_13EC			* if null save byte then continue crunching
                            	   988: 
01:00082316 B03C005F        	   989: 	CMP.b		#'_',d0			* compare with "_"
01:0008231A 6458            	   990: 	BCC.s		LAB_13EC			* if >= "_" save byte then continue crunching
                            	   991: 
01:0008231C B03C003C        	   992: 	CMP.b		#'<',d0			* compare with "<"
01:00082320 641C            	   993: 	BCC.s		LAB_13CC			* if >= "<" go crunch
                            	   994: 
01:00082322 B03C0030        	   995: 	CMP.b		#'0',d0			* compare with "0"
01:00082326 644C            	   996: 	BCC.s		LAB_13EC			* if >= "0" save byte then continue crunching
                            	   997: 
01:00082328 17401F22        	   998: 	MOVE.b	d0,Asrch(a3)		* save buffer byte as search character
01:0008232C B03C0022        	   999: 	CMP.b		#$22,d0			* is it quote character?
01:00082330 6776            	  1000: 	BEQ.s		LAB_1410			* branch if so (copy quoted string)
                            	  1001: 
01:00082332 B03C0024        	  1002: 	CMP.b		#'$',d0			* is it the hex value character?
01:00082336 679A            	  1003: 	BEQ.s		LAB_1392			* if so go copy a hex value
                            	  1004: 
                            	  1005: LAB_13C6
01:00082338 B03C002A        	  1006: 	CMP.b		#'*',d0			* compare with "*"
01:0008233C 6536            	  1007: 	BCS.s		LAB_13EC			* if <= "*" save byte then continue crunching
                            	  1008: 
                            	  1009: 							* crunch rest
                            	  1010: LAB_13CC
01:0008233E 082B00061F25    	  1011: 	BTST.b	#6,Oquote(a3)		* test open quote/DATA token flag
01:00082344 662E            	  1012: 	BNE.s		LAB_13EC			* branch if b6 of Oquote set (was DATA)
                            	  1013: 							* go save byte then continue crunching
                            	  1014: 
01:00082346 903C002A        	  1015: 	SUB.b		#$2A,d0			* normalise byte
01:0008234A D040            	  1016: 	ADD.w		d0,d0				* *2 makes word offset (high byte=$00)
01:0008234C 43FA2C2C        	  1017: 	LEA		TAB_CHRT,a1		* get keyword offset table address
01:00082350 30310000        	  1018: 	MOVE.w	(a1,d0.w),d0		* get offset into keyword table
01:00082354 6B6E            	  1019: 	BMI.s		LAB_141F			* branch if no keywords for character
                            	  1020: 
01:00082356 43FA2FB8        	  1021: 	LEA		TAB_STAR,a1		* get keyword table address
01:0008235A D2C0            	  1022: 	ADDA.w	d0,a1				* add keyword offset
01:0008235C 76FF            	  1023: 	MOVEQ		#-1,d3			* clear index
01:0008235E 3801            	  1024: 	MOVE.w	d1,d4				* copy read index
                            	  1025: LAB_13D6
01:00082360 5243            	  1026: 	ADDQ.w	#1,d3				* increment table index
01:00082362 10313000        	  1027: 	MOVE.b	(a1,d3.w),d0		* get byte from table
                            	  1028: LAB_13D8
01:00082366 6B0A            	  1029: 	BMI.s		LAB_13EA			* branch if token, save token and continue
                            	  1030: 							* crunching
                            	  1031: 
01:00082368 5244            	  1032: 	ADDQ.w	#1,d4				* increment read index
01:0008236A B0354000        	  1033: 	CMP.b		(a5,d4.w),d0		* compare byte from input buffer
01:0008236E 67F0            	  1034: 	BEQ.s		LAB_13D6			* loop if character match
                            	  1035: 
01:00082370 6040            	  1036: 	BRA.s		LAB_1417			* branch if no match
                            	  1037: 
                            	  1038: LAB_13EA
01:00082372 3204            	  1039: 	MOVE.w	d4,d1				* update read index
                            	  1040: LAB_13EC
01:00082374 11802000        	  1041: 	MOVE.b	d0,(a0,d2.w)		* save byte to output
01:00082378 5242            	  1042: 	ADDQ.w	#1,d2				* increment buffer save index
01:0008237A 5241            	  1043: 	ADDQ.w	#1,d1				* increment buffer read index
01:0008237C 4A00            	  1044: 	TST.b		d0				* set flags
01:0008237E 674A            	  1045: 	BEQ.s		LAB_142A			* branch if was null [EOL]
                            	  1046: 
                            	  1047: 							* d0 holds token or byte here
01:00082380 903C003A        	  1048: 	SUB.b		#$3A,d0			* subtract ":"
01:00082384 6706            	  1049: 	BEQ.s		LAB_13FF			* branch if it was ":" (is now $00)
                            	  1050: 
                            	  1051: 							* d0 now holds token-$3A
01:00082386 B03C0049        	  1052: 	CMP.b		#(TK_DATA-$3A),d0		* compare with DATA token - $3A
01:0008238A 6604            	  1053: 	BNE.s		LAB_1401			* branch if not DATA
                            	  1054: 
                            	  1055: 							* token was : or DATA
                            	  1056: LAB_13FF
01:0008238C 17401F25        	  1057: 	MOVE.b	d0,Oquote(a3)		* save token-$3A ($00 for ":", TK_DATA-$3A for
                            	  1058: 							* DATA)
                            	  1059: LAB_1401
01:00082390 903C0055        	  1060: 	SUB.b		#(TK_REM-$3A),d0		* subtract REM token offset
01:00082394 6600FF78        	  1061: 	BNE		LAB_13AC			* If wasn't REM then go crunch rest of line
                            	  1062: 
01:00082398 17401F22        	  1063: 	MOVE.b	d0,Asrch(a3)		* else was REM so set search for [EOL]
                            	  1064: 
                            	  1065: 							* loop for REM, "..." etc.
                            	  1066: LAB_1408
01:0008239C 10351000        	  1067: 	MOVE.b	(a5,d1.w),d0		* get byte from input buffer
01:000823A0 67D2            	  1068: 	BEQ.s		LAB_13EC			* branch if null [EOL]
                            	  1069: 
01:000823A2 B02B1F22        	  1070: 	CMP.b		Asrch(a3),d0		* compare with stored character
01:000823A6 67CC            	  1071: 	BEQ.s		LAB_13EC			* branch if match (end quote, REM, :, or DATA)
                            	  1072: 
                            	  1073: 							* entry for copy string in quotes, don't crunch
                            	  1074: LAB_1410
01:000823A8 11802000        	  1075: 	MOVE.b	d0,(a0,d2.w)		* save byte to output
01:000823AC 5242            	  1076: 	ADDQ.w	#1,d2				* increment buffer save index
01:000823AE 5241            	  1077: 	ADDQ.w	#1,d1				* increment buffer read index
01:000823B0 60EA            	  1078: 	BRA.s		LAB_1408			* loop
                            	  1079: 
                            	  1080: * not found keyword this go so find the end of this word in the table
                            	  1081: 
                            	  1082: LAB_1417
01:000823B2 3801            	  1083: 	MOVE.w	d1,d4				* reset read pointer
                            	  1084: LAB_141B
01:000823B4 5243            	  1085: 	ADDQ.w	#1,d3				* increment keyword table pointer, flag
                            	  1086: 							* unchanged
01:000823B6 10313000        	  1087: 	MOVE.b	(a1,d3.w),d0		* get keyword table byte
01:000823BA 6AF8            	  1088: 	BPL.s		LAB_141B			* if not end of keyword go do next byte
                            	  1089: 
01:000823BC 5243            	  1090: 	ADDQ.w	#1,d3				* increment keyword table pointer flag
                            	  1091: 							* unchanged
01:000823BE 10313000        	  1092: 	MOVE.b	(a1,d3.w),d0		* get keyword table byte
01:000823C2 66A2            	  1093: 	BNE.s		LAB_13D8			* go test next word if not zero byte (table end)
                            	  1094: 
                            	  1095: 							* reached end of table with no match
                            	  1096: LAB_141F
01:000823C4 10351000        	  1097: 	MOVE.b	(a5,d1.w),d0		* restore byte from input buffer
01:000823C8 60AA            	  1098: 	BRA.s		LAB_13EC			* go save byte in output and continue crunching
                            	  1099: 
                            	  1100: 							* reached [EOL]
                            	  1101: LAB_142A
01:000823CA 7000            	  1102: 	MOVEQ		#0,d0				* ensure longword clear
01:000823CC 0102            	  1103: 	BTST		d0,d2				* test odd bit (fastest)
01:000823CE 6706            	  1104: 	BEQ.s		LAB_142C			* branch if no bytes to fill
                            	  1105: 
01:000823D0 11802000        	  1106: 	MOVE.b	d0,(a0,d2.w)		* clear next byte
01:000823D4 5242            	  1107: 	ADDQ.w	#1,d2				* increment buffer save index
                            	  1108: LAB_142C
01:000823D6 21802000        	  1109: 	MOVE.l	d0,(a0,d2.w)		* clear next line pointer, EOT in immediate mode
01:000823DA 4E75            	  1110: 	RTS
                            	  1111: 
                            	  1112: 
                            	  1113: *************************************************************************************
                            	  1114: *
                            	  1115: * search Basic for d1 line number from start of mem
                            	  1116: 
                            	  1117: LAB_SSLN
01:000823DC 206B142E        	  1118: 	MOVEA.l	Smeml(a3),a0		* get start of program mem
01:000823E0 6002            	  1119: 	BRA.s		LAB_SCLN			* go search for required line from a0
                            	  1120: 
                            	  1121: LAB_145F
01:000823E2 2040            	  1122: 	MOVEA.l	d0,a0				* copy next line pointer
                            	  1123: 
                            	  1124: * search Basic for d1 line number from a0
                            	  1125: * returns Cb=0 if found
                            	  1126: * returns a0 pointer to found or next higher (not found) line
                            	  1127: 
                            	  1128: LAB_SCLN
01:000823E4 2018            	  1129: 	MOVE.l	(a0)+,d0			* get next line pointer and point to line #
01:000823E6 6708            	  1130: 	BEQ.s		LAB_145E			* is end marker so we're done, do 'no line' exit
                            	  1131: 
01:000823E8 B290            	  1132: 	CMP.l		(a0),d1			* compare this line # with required line #
01:000823EA 6EF6            	  1133: 	BGT.s		LAB_145F			* loop if required # > this #
                            	  1134: 
01:000823EC 5948            	  1135: 	SUBQ.w	#4,a0				* adjust pointer, flags not changed
01:000823EE 4E75            	  1136: 	RTS
                            	  1137: 
                            	  1138: LAB_145E
01:000823F0 5948            	  1139: 	SUBQ.w	#4,a0				* adjust pointer, flags not changed
01:000823F2 5380            	  1140: 	SUBQ.l	#1,d0				* make end program found = -1, set carry
01:000823F4 4E75            	  1141: 	RTS
                            	  1142: 
                            	  1143: 
                            	  1144: *************************************************************************************
                            	  1145: *
                            	  1146: * perform NEW
                            	  1147: 
                            	  1148: LAB_NEW
01:000823F6 664C            	  1149: 	BNE.s		RTS_005			* exit if not end of statement (do syntax error)
                            	  1150: 
                            	  1151: LAB_1463
01:000823F8 206B142E        	  1152: 	MOVEA.l	Smeml(a3),a0		* point to start of program memory
01:000823FC 7000            	  1153: 	MOVEQ		#0,d0				* clear longword
01:000823FE 20C0            	  1154: 	MOVE.l	d0,(a0)+			* clear first line, next line pointer
01:00082400 27481432        	  1155: 	MOVE.l	a0,Sfncl(a3)		* set start of functions
                            	  1156: 
                            	  1157: * reset execution to start, clear variables and flush stack
                            	  1158: 
                            	  1159: LAB_1477
01:00082404 2A6B142E        	  1160: 	MOVEA.l	Smeml(a3),a5		* reset BASIC execute pointer
01:00082408 534D            	  1161: 	SUBQ.w	#1,a5				* -1 (as end of previous line)
                            	  1162: 
                            	  1163: * "CLEAR" command gets here
                            	  1164: 
                            	  1165: LAB_147A
01:0008240A 276B144A1446    	  1166: 	MOVE.l	Ememl(a3),Sstorl(a3)	* save end of mem as bottom of string space
01:00082410 202B1432        	  1167: 	MOVE.l	Sfncl(a3),d0		* get start of functions
01:00082414 27401436        	  1168: 	MOVE.l	d0,Svarl(a3)		* start of variables
01:00082418 2740143A        	  1169: 	MOVE.l	d0,Sstrl(a3)		* start of strings
01:0008241C 2740143E        	  1170: 	MOVE.l	d0,Sarryl(a3)		* set start of arrays
01:00082420 27401442        	  1171: 	MOVE.l	d0,Earryl(a3)		* set end of arrays
                            	  1172: LAB_1480
01:00082424 7000            	  1173: 	MOVEQ		#0,d0				* set Zb
01:00082426 17401F32        	  1174: 	MOVE.b	d0,ccnull(a3)		* clear get byte countdown
01:0008242A 610001D0        	  1175: 	BSR		LAB_RESTORE			* perform RESTORE command
                            	  1176: 
                            	  1177: * flush stack & clear continue flag
                            	  1178: 
                            	  1179: LAB_1491
01:0008242E 49FAF9A6        	  1180: 	LEA		des_sk,a4		* reset descriptor stack pointer
                            	  1181: 
01:00082432 201F            	  1182: 	MOVE.l	(sp)+,d0			* pull return address
01:00082434 4FFA3BCA        	  1183: 	LEA		$86000,sp		* set stack to RAM start + 1k, flush stack
01:00082438 2F00            	  1184: 	MOVE.l	d0,-(sp)			* restore return address
                            	  1185: 
01:0008243A 7000            	  1186: 	MOVEQ		#0,d0				* clear longword
01:0008243C 2740145A        	  1187: 	MOVE.l	d0,Cpntrl(a3)		* clear continue pointer
01:00082440 17401F27        	  1188: 	MOVE.b	d0,Sufnxf(a3)		* clear subscript/FNX flag
                            	  1189: RTS_005
01:00082444 4E75            	  1190: 	RTS
                            	  1191: 
                            	  1192: 
                            	  1193: *************************************************************************************
                            	  1194: *
                            	  1195: * perform CLEAR
                            	  1196: 
                            	  1197: LAB_CLEAR
01:00082446 67C2            	  1198: 	BEQ.s		LAB_147A			* if no following byte go do "CLEAR"
                            	  1199: 
01:00082448 4E75            	  1200: 	RTS						* was following byte (go do syntax error)
                            	  1201: 
                            	  1202: 
                            	  1203: *************************************************************************************
                            	  1204: *
                            	  1205: * perform LIST [n][-m]
                            	  1206: 
                            	  1207: LAB_LIST
01:0008244A 6512            	  1208: 	BCS.s		LAB_14BD			* branch if next character numeric (LIST n...)
                            	  1209: 
01:0008244C 72FF            	  1210: 	MOVEQ		#-1,d1			* set end to $FFFFFFFF
01:0008244E 2741142A        	  1211: 	MOVE.l	d1,Itemp(a3)		* save to Itemp
                            	  1212: 
01:00082452 7200            	  1213: 	MOVEQ		#0,d1				* set start to $00000000
01:00082454 4A00            	  1214: 	TST.b		d0				* test next byte
01:00082456 670A            	  1215: 	BEQ.s		LAB_14C0			* branch if next character [NULL] (LIST)
                            	  1216: 
01:00082458 B03C00B3        	  1217: 	CMP.b		#TK_MINUS,d0		* compare with token for -
01:0008245C 66E6            	  1218: 	BNE.s		RTS_005			* exit if not - (LIST -m)
                            	  1219: 
                            	  1220: 							* LIST [[n]-[m]] this sets the n, if present,
                            	  1221: 							* as the start and end
                            	  1222: LAB_14BD
01:0008245E 61000394        	  1223: 	BSR		LAB_GFPN			* get fixed-point number into temp integer & d1
                            	  1224: LAB_14C0
01:00082462 6100FF78        	  1225: 	BSR		LAB_SSLN			* search BASIC for d1 line number
                            	  1226: 							* (pointer in a0)
01:00082466 61000936        	  1227: 	BSR		LAB_GBYT			* scan memory
01:0008246A 6716            	  1228: 	BEQ.s		LAB_14D4			* branch if no more characters
                            	  1229: 
                            	  1230: 							* this bit checks the - is present
01:0008246C B03C00B3        	  1231: 	CMP.b		#TK_MINUS,d0		* compare with token for -
01:00082470 66D2            	  1232: 	BNE.s		RTS_005			* return if not "-" (will be Syntax error)
                            	  1233: 
01:00082472 72FF            	  1234: 	MOVEQ		#-1,d1			* set end to $FFFFFFFF
01:00082474 2741142A        	  1235: 	MOVE.l	d1,Itemp(a3)		* save Itemp
                            	  1236: 
                            	  1237: 							* LIST [n]-[m] the - was there so see if
                            	  1238: 							* there is an m to set as the end value
01:00082478 61000922        	  1239: 	BSR		LAB_IGBY			* increment & scan memory
01:0008247C 6704            	  1240: 	BEQ.s		LAB_14D4			* branch if was [NULL] (LIST n-)
                            	  1241: 
01:0008247E 61000374        	  1242: 	BSR		LAB_GFPN			* get fixed-point number into temp integer & d1
                            	  1243: LAB_14D4
01:00082482 177C00001F25    	  1244: 	MOVE.b	#$00,Oquote(a3)		* clear open quote flag
01:00082488 610004EA        	  1245: 	BSR		LAB_CRLF			* print CR/LF
01:0008248C 2018            	  1246: 	MOVE.l	(a0)+,d0			* get next line pointer
01:0008248E 67B4            	  1247: 	BEQ.s		RTS_005			* if null all done so exit
                            	  1248: 
01:00082490 2240            	  1249: 	MOVEA.l	d0,a1				* copy next line pointer
01:00082492 6100012A        	  1250: 	BSR		LAB_1629			* do CRTL-C check vector
                            	  1251: 
01:00082496 2018            	  1252: 	MOVE.l	(a0)+,d0			* get this line #
01:00082498 B0AB142A        	  1253: 	CMP.l		Itemp(a3),d0		* compare end line # with this line #
01:0008249C 62A6            	  1254: 	BHI.s		RTS_005			* if this line greater all done so exit
                            	  1255: 
                            	  1256: LAB_14E2
01:0008249E 48E700C0        	  1257: 	MOVEM.l	a0-a1,-(sp)			* save registers
01:000824A2 61001818        	  1258: 	BSR		LAB_295E			* print d0 as unsigned integer
01:000824A6 205F225F        	  1259: 	MOVEM.l	(sp)+,a0-a1			* restore registers
01:000824AA 7020            	  1260: 	MOVEQ		#$20,d0			* space is the next character
                            	  1261: LAB_150C
01:000824AC 6100053E        	  1262: 	BSR		LAB_PRNA			* go print the character
01:000824B0 B03C0022        	  1263: 	CMP.b		#$22,d0			* was it " character
01:000824B4 6604            	  1264: 	BNE.s		LAB_1519			* branch if not
                            	  1265: 
                            	  1266: 							* we're either entering or leaving quotes
01:000824B6 462B1F25        	  1267: 	EOR.b		#$FF,Oquote(a3)		* toggle open quote flag
                            	  1268: LAB_1519
01:000824BA 1018            	  1269: 	MOVE.b	(a0)+,d0			* get byte and increment pointer
01:000824BC 6608            	  1270: 	BNE.s		LAB_152E			* branch if not [EOL] (go print)
                            	  1271: 
                            	  1272: 							* was [EOL]
01:000824BE 2049            	  1273: 	MOVEA.l	a1,a0				* copy next line pointer
01:000824C0 2008            	  1274: 	MOVE.l	a0,d0				* copy to set flags
01:000824C2 66BE            	  1275: 	BNE.s		LAB_14D4			* go do next line if not [EOT]
                            	  1276: 
01:000824C4 4E75            	  1277: 	RTS
                            	  1278: 
                            	  1279: LAB_152E
01:000824C6 6AE4            	  1280: 	BPL.s		LAB_150C			* just go print it if not token byte
                            	  1281: 
                            	  1282: 							* else it was a token byte so maybe uncrunch it
01:000824C8 4A2B1F25        	  1283: 	TST.b		Oquote(a3)			* test the open quote flag
01:000824CC 6BDE            	  1284: 	BMI.s		LAB_150C			* just go print character if open quote set
                            	  1285: 
                            	  1286: 							* else uncrunch BASIC token
01:000824CE 45FA2B14        	  1287: 	LEA		LAB_KEYT,a2		* get keyword table address
01:000824D2 727F            	  1288: 	MOVEQ		#$7F,d1			* mask into d1
01:000824D4 C200            	  1289: 	AND.b		d0,d1				* copy and mask token
01:000824D6 E549            	  1290: 	LSL.w		#2,d1				* *4
01:000824D8 45F21000        	  1291: 	LEA		(a2,d1.w),a2		* get keyword entry address
01:000824DC 101A            	  1292: 	MOVE.b	(a2)+,d0			* get byte from keyword table
01:000824DE 6100050C        	  1293: 	BSR		LAB_PRNA			* go print the first character
01:000824E2 7200            	  1294: 	MOVEQ		#0,d1				* clear d1
01:000824E4 121A            	  1295: 	MOVE.b	(a2)+,d1			* get remaining length byte from keyword table
01:000824E6 6BD2            	  1296: 	BMI.s		LAB_1519			* if -ve done so go get next byte
                            	  1297: 
01:000824E8 3012            	  1298: 	MOVE.w	(a2),d0			* get offset to rest
01:000824EA 45FA2E24        	  1299: 	LEA		TAB_STAR,a2		* get keyword table address
01:000824EE 45F20000        	  1300: 	LEA		(a2,d0.w),a2		* get address of rest
                            	  1301: LAB_1540
01:000824F2 101A            	  1302: 	MOVE.b	(a2)+,d0			* get byte from keyword table
01:000824F4 610004F6        	  1303: 	BSR		LAB_PRNA			* go print the character
01:000824F8 51C9FFF8        	  1304: 	DBF		d1,LAB_1540			* decrement and loop if more to do
                            	  1305: 
01:000824FC 60BC            	  1306: 	BRA.s		LAB_1519			* go get next byte
                            	  1307: 
                            	  1308: 
                            	  1309: *************************************************************************************
                            	  1310: *
                            	  1311: * perform FOR
                            	  1312: 
                            	  1313: LAB_FOR
01:000824FE 61000394        	  1314: 	BSR		LAB_LET			* go do LET
                            	  1315: 
01:00082502 202B1472        	  1316: 	MOVE.l	Lvarpl(a3),d0		* get the loop variable pointer
01:00082506 B0AB143A        	  1317: 	CMP.l		Sstrl(a3),d0		* compare it with the end of vars memory
01:0008250A 6C00FC18        	  1318: 	BGE		LAB_TMER			* if greater go do type mismatch error
                            	  1319: 
                            	  1320: * test for not less than the start of variables memory if needed
                            	  1321: *
                            	  1322: *	CMP.l		Svarl(a3),d0		* compare it with the start of variables memory
                            	  1323: *	BLT		LAB_TMER			* if not variables memory do type mismatch error
                            	  1324: 
                            	  1325: *	MOVEQ		#28,d0			* we need 28 bytes !
                            	  1326: *	BSR.s		LAB_1212			* check room on stack for d0 bytes
                            	  1327: 
01:0008250E 61000218        	  1328: 	BSR		LAB_SNBS			* scan for next BASIC statement ([:] or [EOL])
                            	  1329: 							* returns a0 as pointer to [:] or [EOL]
01:00082512 2F08            	  1330: 	MOVE.l	a0,-(sp)			* push onto stack (and dump the return address)
01:00082514 2F2B1452        	  1331: 	MOVE.l	Clinel(a3),-(sp)		* push current line onto stack
                            	  1332: 
01:00082518 70AA            	  1333: 	MOVEQ		#TK_TO-$100,d0		* set "TO" token
01:0008251A 61000878        	  1334: 	BSR		LAB_SCCA			* scan for CHR$(d0) else syntax error/warm start
01:0008251E 61000706        	  1335: 	BSR		LAB_CTNM			* check if source is numeric, else type mismatch
01:00082522 1F2B1EFD        	  1336: 	MOVE.b	Dtypef(a3),-(sp)		* push the FOR variable data type onto stack
01:00082526 610006FC        	  1337: 	BSR		LAB_EVNM			* evaluate expression and check is numeric else
                            	  1338: 							* do type mismatch
                            	  1339: 
01:0008252A 2F2B1ED8        	  1340: 	MOVE.l	FAC1_m(a3),-(sp)		* push TO value mantissa
01:0008252E 3F2B1EDC        	  1341: 	MOVE.w	FAC1_e(a3),-(sp)		* push TO value exponent and sign
                            	  1342: 
01:00082532 277C800000001ED8	  1343: 	MOVE.l	#$80000000,FAC1_m(a3)	* set default STEP size mantissa
01:0008253A 377C81001EDC    	  1344: 	MOVE.w	#$8100,FAC1_e(a3)		* set default STEP size exponent and sign
                            	  1345: 
01:00082540 6100085C        	  1346: 	BSR		LAB_GBYT			* scan memory
01:00082544 B03C00AF        	  1347: 	CMP.b		#TK_STEP,d0			* compare with STEP token
01:00082548 6608            	  1348: 	BNE.s		LAB_15B3			* jump if not "STEP"
                            	  1349: 
                            	  1350: 							* was STEP token so ....
01:0008254A 61000850        	  1351: 	BSR		LAB_IGBY			* increment & scan memory
01:0008254E 610006D4        	  1352: 	BSR		LAB_EVNM			* evaluate expression & check is numeric
                            	  1353: 							* else do type mismatch
                            	  1354: LAB_15B3
01:00082552 2F2B1ED8        	  1355: 	MOVE.l	FAC1_m(a3),-(sp)		* push STEP value mantissa
01:00082556 3F2B1EDC        	  1356: 	MOVE.w	FAC1_e(a3),-(sp)		* push STEP value exponent and sign
                            	  1357: 
01:0008255A 2F2B1472        	  1358: 	MOVE.l	Lvarpl(a3),-(sp)		* push variable pointer for FOR/NEXT
01:0008255E 3F3C0081        	  1359: 	MOVE.w	#TK_FOR,-(sp)		* push FOR token on stack
                            	  1360: 
01:00082562 6018            	  1361: 	BRA.s		LAB_15C2			* go do interpreter inner loop
                            	  1362: 
                            	  1363: LAB_15DC						* have reached [EOL]+1
01:00082564 300D            	  1364: 	MOVE.w	a5,d0				* copy BASIC execute pointer
01:00082566 C07C0001        	  1365: 	AND.w		#1,d0				* and make line start address even
01:0008256A DAC0            	  1366: 	ADD.w		d0,a5				* add to BASIC execute pointer
01:0008256C 201D            	  1367: 	MOVE.l	(a5)+,d0			* get next line pointer
01:0008256E 6700FC10        	  1368: 	BEQ		LAB_1274			* if null go to immediate mode, no "BREAK"
                            	  1369: 							* message (was immediate or [EOT] marker)
                            	  1370: 
01:00082572 275D1452        	  1371: 	MOVE.l	(a5)+,Clinel(a3)		* save (new) current line #
                            	  1372: LAB_15F6
01:00082576 61000826        	  1373: 	BSR		LAB_GBYT			* get BASIC byte
01:0008257A 611A            	  1374: 	BSR.s		LAB_15FF			* go interpret BASIC code from (a5)
                            	  1375: 
                            	  1376: * interpreter inner loop (re)entry point
                            	  1377: 
                            	  1378: LAB_15C2
01:0008257C 6140            	  1379: 	BSR.s		LAB_1629			* do CRTL-C check vector
01:0008257E 4A2B1452        	  1380: 	TST.b		Clinel(a3)			* test current line #, is -ve for immediate mode
01:00082582 6B04            	  1381: 	BMI.s		LAB_15D1			* branch if immediate mode
                            	  1382: 
01:00082584 274D145A        	  1383: 	MOVE.l	a5,Cpntrl(a3)		* save BASIC execute pointer as continue pointer
                            	  1384: LAB_15D1
01:00082588 101D            	  1385: 	MOVE.b	(a5)+,d0			* get this byte & increment pointer
01:0008258A 67D8            	  1386: 	BEQ.s		LAB_15DC			* loop if [EOL]
                            	  1387: 
01:0008258C B03C003A        	  1388: 	CMP.b		#$3A,d0			* compare with ":"
01:00082590 67E4            	  1389: 	BEQ.s		LAB_15F6			* loop if was statement separator
                            	  1390: 
01:00082592 6000FBBC        	  1391: 	BRA		LAB_SNER			* else syntax error, then warm start
                            	  1392: 
                            	  1393: 
                            	  1394: *************************************************************************************
                            	  1395: *
                            	  1396: * interpret BASIC code from (a5)
                            	  1397: 
                            	  1398: LAB_15FF
01:00082596 67000090        	  1399: 	BEQ		RTS_006			* exit if zero [EOL]
                            	  1400: 
                            	  1401: LAB_1602
01:0008259A 0A000080        	  1402: 	EORI.b	#$80,d0			* normalise token
01:0008259E 6B0002F4        	  1403: 	BMI		LAB_LET			* if not token, go do implied LET
                            	  1404: 
01:000825A2 B03C0028        	  1405: 	CMP.b		#(TK_TAB-$80),d0		* compare normalised token with TAB
01:000825A6 6400FBA8        	  1406: 	BCC		LAB_SNER			* branch if d0>=TAB, syntax error/warm start
                            	  1407: 							* only tokens before TAB can start a statement
                            	  1408: 
01:000825AA 4880            	  1409: 	EXT.w		d0				* byte to word (clear high byte)
01:000825AC D040            	  1410: 	ADD.w		d0,d0				* *2
01:000825AE 41FA2892        	  1411: 	LEA		LAB_CTBL,a0		* get vector table base address
01:000825B2 30300000        	  1412: 	MOVE.w	(a0,d0.w),d0		* get offset to vector
01:000825B6 48700000        	  1413: 	PEA		(a0,d0.w)			* push vector
01:000825BA 600007E0        	  1414: 	BRA		LAB_IGBY			* get following byte & execute vector
                            	  1415: 
                            	  1416: 
                            	  1417: *************************************************************************************
                            	  1418: *
                            	  1419: * CTRL-C check jump. this is called as a subroutine but exits back via a jump if a
                            	  1420: * key press is detected.
                            	  1421: 
                            	  1422: LAB_1629
01:000825BE 4EEB1424        	  1423: 	JMP		V_CTLC(a3)			* ctrl c check vector
                            	  1424: 
                            	  1425: * if there was a key press it gets back here .....
                            	  1426: 
                            	  1427: LAB_1636
01:000825C2 B03C0003        	  1428: 	CMP.b		#$03,d0			* compare with CTRL-C
01:000825C6 670C            	  1429: 	BEQ.s		LAB_163B			* STOP if was CTRL-C
                            	  1430: 
                            	  1431: LAB_1639
01:000825C8 4E75            	  1432: 	RTS						*
                            	  1433: 
                            	  1434: 
                            	  1435: *************************************************************************************
                            	  1436: *
                            	  1437: * perform END
                            	  1438: 
                            	  1439: LAB_END
01:000825CA 66FC            	  1440: 	BNE.s		LAB_1639			* exit if something follows STOP
01:000825CC 177C00001F24    	  1441: 	MOVE.b	#0,Breakf(a3)		* clear break flag, indicate program end
                            	  1442: 
                            	  1443: 
                            	  1444: *************************************************************************************
                            	  1445: *
                            	  1446: * perform STOP
                            	  1447: 
                            	  1448: LAB_STOP
01:000825D2 66F4            	  1449: 	BNE.s		LAB_1639			* exit if something follows STOP
                            	  1450: 
                            	  1451: LAB_163B
01:000825D4 224BD3FC00081ED8	  1452: 	LEA		Ibuffe(a3),a1		* get buffer end
01:000825DC BBC9            	  1453: 	CMPA.l	a1,a5				* compare execute address with buffer end
01:000825DE 650A            	  1454: 	BCS.s		LAB_164F			* branch if BASIC pointer is in buffer
                            	  1455: 							* can't continue in immediate mode
                            	  1456: 
                            	  1457: 							* else...
01:000825E0 274D145A        	  1458: 	MOVE.l	a5,Cpntrl(a3)		* save BASIC execute pointer as continue pointer
                            	  1459: LAB_1647
01:000825E4 276B14521456    	  1460: 	MOVE.l	Clinel(a3),Blinel(a3)	* save break line
                            	  1461: LAB_164F
01:000825EA 584F            	  1462: 	ADDQ.w	#4,sp				* dump return address, don't return to execute
                            	  1463: 							* loop
01:000825EC 102B1F24        	  1464: 	MOVE.b	Breakf(a3),d0		* get break flag
01:000825F0 6700FB8E        	  1465: 	BEQ		LAB_1274			* go do warm start if was program end
                            	  1466: 
01:000825F4 41FA2EC5        	  1467: 	LEA		LAB_BMSG,a0		* point to "Break"
01:000825F8 6000FB78        	  1468: 	BRA		LAB_1269			* print "Break" and do warm start
                            	  1469: 
                            	  1470: 
                            	  1471: *************************************************************************************
                            	  1472: *
                            	  1473: * perform RESTORE
                            	  1474: 
                            	  1475: LAB_RESTORE
01:000825FC 206B142E        	  1476: 	MOVEA.l	Smeml(a3),a0		* copy start of memory
01:00082600 6720            	  1477: 	BEQ.s		LAB_1624			* branch if next character null (RESTORE)
                            	  1478: 
01:00082602 610001F0        	  1479: 	BSR		LAB_GFPN			* get fixed-point number into temp integer & d1
01:00082606 B2AB1452        	  1480: 	CMP.l		Clinel(a3),d1		* compare current line # with required line #
01:0008260A 630E            	  1481: 	BLS.s		LAB_GSCH			* branch if >= (start search from beginning)
                            	  1482: 
01:0008260C 204D            	  1483: 	MOVEA.l	a5,a0				* copy BASIC execute pointer
                            	  1484: LAB_RESs
01:0008260E 4A18            	  1485: 	TST.b		(a0)+				* test next byte & increment pointer
01:00082610 66FC            	  1486: 	BNE.s		LAB_RESs			* loop if not EOL
                            	  1487: 
01:00082612 3008            	  1488: 	MOVE.w	a0,d0				* copy pointer
01:00082614 C07C0001        	  1489: 	AND.w		#1,d0				* mask odd bit
01:00082618 D0C0            	  1490: 	ADD.w		d0,a0				* add pointer
                            	  1491: 							* search for line in Itemp from (a0)
                            	  1492: LAB_GSCH
01:0008261A 6100FDC8        	  1493: 	BSR		LAB_SCLN			* search for d1 line number from a0
                            	  1494: 							* returns Cb=0 if found
01:0008261E 6500FB18        	  1495: 	BCS		LAB_USER			* go do "Undefined statement" error if not found
                            	  1496: 
                            	  1497: LAB_1624
01:00082622 4A20            	  1498: 	TST.b		-(a0)				* decrement pointer (faster)
01:00082624 27481462        	  1499: 	MOVE.l	a0,Dptrl(a3)		* save DATA pointer
                            	  1500: RTS_006
01:00082628 4E75            	  1501: 	RTS
                            	  1502: 
                            	  1503: 
                            	  1504: *************************************************************************************
                            	  1505: *
                            	  1506: * perform NULL
                            	  1507: 
                            	  1508: LAB_NULL
01:0008262A 610010DC        	  1509: 	BSR		LAB_GTBY			* get byte parameter, result in d0 and Itemp
01:0008262E 17401F2C        	  1510: 	MOVE.b	d0,Nullct(a3)		* save new NULL count
01:00082632 4E75            	  1511: 	RTS
                            	  1512: 
                            	  1513: 
                            	  1514: *************************************************************************************
                            	  1515: *
                            	  1516: * perform CONT
                            	  1517: 
                            	  1518: LAB_CONT
01:00082634 6600FB1A        	  1519: 	BNE		LAB_SNER			* if following byte exit to do syntax error
                            	  1520: 
01:00082638 4A2B1452        	  1521: 	TST.b		Clinel(a3)			* test current line #, is -ve for immediate mode
01:0008263C 6A00FADA        	  1522: 	BPL		LAB_CCER			* if running go do can't continue error
                            	  1523: 
01:00082640 202B145A        	  1524: 	MOVE.l	Cpntrl(a3),d0		* get continue pointer
01:00082644 6700FAD2        	  1525: 	BEQ		LAB_CCER			* go do can't continue error if we can't
                            	  1526: 
                            	  1527: 							* we can continue so ...
01:00082648 2A40            	  1528: 	MOVEA.l	d0,a5				* save continue pointer as BASIC execute pointer
01:0008264A 276B14561452    	  1529: 	MOVE.l	Blinel(a3),Clinel(a3)	* set break line as current line
01:00082650 4E75            	  1530: 	RTS
                            	  1531: 
                            	  1532: 
                            	  1533: *************************************************************************************
                            	  1534: *
                            	  1535: * perform RUN
                            	  1536: 
                            	  1537: LAB_RUN
01:00082652 660C            	  1538: 	BNE.s		LAB_RUNn			* if following byte do RUN n
                            	  1539: 
01:00082654 6100FDAE        	  1540: 	BSR		LAB_1477			* execution to start, clear vars & flush stack
01:00082658 274D145A        	  1541: 	MOVE.l	a5,Cpntrl(a3)		* save as continue pointer
01:0008265C 6000FF1E        	  1542: 	BRA		LAB_15C2			* go do interpreter inner loop
                            	  1543: 							* (can't RTS, we flushed the stack!)
                            	  1544: 
                            	  1545: LAB_RUNn
01:00082660 6100FDA8        	  1546: 	BSR		LAB_147A			* go do "CLEAR"
01:00082664 601C            	  1547: 	BRA.s		LAB_16B0			* get n and do GOTO n
                            	  1548: 
                            	  1549: 
                            	  1550: *************************************************************************************
                            	  1551: *
                            	  1552: * perform DO
                            	  1553: 
                            	  1554: LAB_DO
                            	  1555: *	MOVE.l	#$05,d0			* need 5 bytes for DO
                            	  1556: *	BSR.s		LAB_1212			* check room on stack for A bytes
01:00082666 2F0D            	  1557: 	MOVE.l	a5,-(sp)			* push BASIC execute pointer on stack
01:00082668 2F2B1452        	  1558: 	MOVE.l	Clinel(a3),-(sp)		* push current line on stack
01:0008266C 3F3C009C        	  1559: 	MOVE.w	#TK_DO,-(sp)		* push token for DO on stack
01:00082670 487AFF0A        	  1560: 	PEA		LAB_15C2		* set return address
01:00082674 60000728        	  1561: 	BRA		LAB_GBYT			* scan memory & return to interpreter inner loop
                            	  1562: 
                            	  1563: 
                            	  1564: *************************************************************************************
                            	  1565: *
                            	  1566: * perform GOSUB
                            	  1567: 
                            	  1568: LAB_GOSUB
                            	  1569: *	MOVE.l	#10,d0			* need 10 bytes for GOSUB
                            	  1570: *	BSR.s		LAB_1212			* check room on stack for d0 bytes
01:00082678 2F0D            	  1571: 	MOVE.l	a5,-(sp)			* push BASIC execute pointer
01:0008267A 2F2B1452        	  1572: 	MOVE.l	Clinel(a3),-(sp)		* push current line
01:0008267E 3F3C008D        	  1573: 	MOVE.w	#TK_GOSUB,-(sp)		* push token for GOSUB
                            	  1574: LAB_16B0
01:00082682 6100071A        	  1575: 	BSR		LAB_GBYT			* scan memory
01:00082686 487AFEF4        	  1576: 	PEA		LAB_15C2		* return to interpreter inner loop after GOTO n
                            	  1577: 
                            	  1578: * this PEA is needed because either we just cleared the stack and have nowhere to return
                            	  1579: * to or, in the case of GOSUB, we have just dropped a load on the stack and the address
                            	  1580: * we whould have returned to is buried. This burried return address will be unstacked by
                            	  1581: * the corresponding RETURN command
                            	  1582: 
                            	  1583: 
                            	  1584: *************************************************************************************
                            	  1585: *
                            	  1586: * perform GOTO
                            	  1587: 
                            	  1588: LAB_GOTO
01:0008268A 61000168        	  1589: 	BSR		LAB_GFPN			* get fixed-point number into temp integer & d1
01:0008268E 206B142E        	  1590: 	MOVEA.l	Smeml(a3),a0		* get start of memory
01:00082692 B2AB1452        	  1591: 	CMP.l		Clinel(a3),d1		* compare current line with wanted #
01:00082696 630E            	  1592: 	BLS.s		LAB_16D0			* branch if current # => wanted #
                            	  1593: 
01:00082698 204D            	  1594: 	MOVEA.l	a5,a0				* copy BASIC execute pointer
                            	  1595: LAB_GOTs
01:0008269A 4A18            	  1596: 	TST.b		(a0)+				* test next byte & increment pointer
01:0008269C 66FC            	  1597: 	BNE.s		LAB_GOTs			* loop if not EOL
                            	  1598: 
01:0008269E 3008            	  1599: 	MOVE.w	a0,d0				* past pad byte(s)
01:000826A0 C07C0001        	  1600: 	AND.w		#1,d0				* mask odd bit
01:000826A4 D0C0            	  1601: 	ADD.w		d0,a0				* add to pointer
                            	  1602: 
                            	  1603: LAB_16D0
01:000826A6 6100FD3C        	  1604: 	BSR		LAB_SCLN			* search for d1 line number from a0
                            	  1605: 							* returns Cb=0 if found
01:000826AA 6500FA8C        	  1606: 	BCS		LAB_USER			* if carry set go do "Undefined statement" error
                            	  1607: 
01:000826AE 2A48            	  1608: 	MOVEA.l	a0,a5				* copy to basic execute pointer
01:000826B0 534D            	  1609: 	SUBQ.w	#1,a5				* decrement pointer
01:000826B2 274D145A        	  1610: 	MOVE.l	a5,Cpntrl(a3)		* save as continue pointer
01:000826B6 4E75            	  1611: 	RTS
                            	  1612: 
                            	  1613: 
                            	  1614: *************************************************************************************
                            	  1615: *
                            	  1616: * perform LOOP
                            	  1617: 
                            	  1618: LAB_LOOP
01:000826B8 0C6F009C0004    	  1619: 	CMP.w		#TK_DO,4(sp)		* compare token on stack with DO token
01:000826BE 6600FA50        	  1620: 	BNE		LAB_LDER			* branch if no matching DO
                            	  1621: 
01:000826C2 1E00            	  1622: 	MOVE.b	d0,d7				* copy following token (byte)
01:000826C4 672E            	  1623: 	BEQ.s		LoopAlways			* if no following token loop forever
                            	  1624: 
01:000826C6 BE3C003A        	  1625: 	CMP.b		#':',d7			* compare with ":"
01:000826CA 6728            	  1626: 	BEQ.s		LoopAlways			* if no following token loop forever
                            	  1627: 
01:000826CC 9E3C00B0        	  1628: 	SUB.b		#TK_UNTIL,d7		* subtract token for UNTIL
01:000826D0 6708            	  1629: 	BEQ.s		DoRest			* branch if was UNTIL
                            	  1630: 
01:000826D2 5307            	  1631: 	SUBQ.b	#1,d7				* decrement result
01:000826D4 6600FA7A        	  1632: 	BNE		LAB_SNER			* if not WHILE go do syntax error & warm start
                            	  1633: 							* only if the token was WHILE will this fail
                            	  1634: 
01:000826D8 7EFF            	  1635: 	MOVEQ		#-1,d7			* set invert result longword
                            	  1636: DoRest
01:000826DA 610006C0        	  1637: 	BSR		LAB_IGBY			* increment & scan memory
01:000826DE 6100055C        	  1638: 	BSR		LAB_EVEX			* evaluate expression
01:000826E2 4A2B1EDC        	  1639: 	TST.b		FAC1_e(a3)			* test FAC1 exponent
01:000826E6 6706            	  1640: 	BEQ.s		DoCmp				* if = 0 go do straight compare
                            	  1641: 
01:000826E8 177C00FF1EDC    	  1642: 	MOVE.b	#$FF,FAC1_e(a3)		* else set all bits
                            	  1643: DoCmp
01:000826EE BF2B1EDC        	  1644: 	EOR.b		d7,FAC1_e(a3)		* EOR with invert byte
01:000826F2 6614            	  1645: 	BNE.s		LoopDone			* if <> 0 clear stack & back to interpreter loop
                            	  1646: 
                            	  1647: 							* loop condition wasn't met so do it again
                            	  1648: LoopAlways
01:000826F4 276F00061452    	  1649: 	MOVE.l	6(sp),Clinel(a3)		* copy DO current line
01:000826FA 2A6F000A        	  1650: 	MOVE.l	10(sp),a5			* save BASIC execute pointer
                            	  1651: 
01:000826FE 41FAFE7C        	  1652: 	LEA		LAB_15C2,a0		* get return address
01:00082702 2E88            	  1653: 	MOVE.l	a0,(sp)			* dump the call to this routine and set the
                            	  1654: 							* return address
01:00082704 60000698        	  1655: 	BRA		LAB_GBYT			* scan memory and return to interpreter inner
                            	  1656: 							* loop
                            	  1657: 
                            	  1658: 							* clear stack & back to interpreter loop
                            	  1659: LoopDone
01:00082708 4FEF000E        	  1660: 	LEA		14(sp),sp			* dump structure and call from stack
01:0008270C 6014            	  1661: 	BRA.s		LAB_DATA			* go perform DATA (find : or [EOL])
                            	  1662: 
                            	  1663: 
                            	  1664: *************************************************************************************
                            	  1665: *
                            	  1666: * perform RETURN
                            	  1667: 
                            	  1668: LAB_RETURN
01:0008270E 6616            	  1669: 	BNE.s		RTS_007			* exit if following token to allow syntax error
                            	  1670: 
01:00082710 0C6F008D0004    	  1671: 	CMP.w		#TK_GOSUB,4(sp)		* compare token from stack with GOSUB
01:00082716 6600FA34        	  1672: 	BNE		LAB_RGER			* do RETURN without GOSUB error if no matching
                            	  1673: 							* GOSUB
                            	  1674: 
01:0008271A 5C4F            	  1675: 	ADDQ.w	#6,sp				* dump calling address & token
01:0008271C 275F1452        	  1676: 	MOVE.l	(sp)+,Clinel(a3)		* pull current line
01:00082720 2A5F            	  1677: 	MOVE.l	(sp)+,a5			* pull BASIC execute pointer
                            	  1678: 							* now do perform "DATA" statement as we could be
                            	  1679: 							* returning into the middle of an ON <var> GOSUB
                            	  1680: 							* n,m,p,q line (the return address used by the
                            	  1681: 							* DATA statement is the one pushed before the
                            	  1682: 							* GOSUB was executed!)
                            	  1683: 
                            	  1684: 
                            	  1685: *************************************************************************************
                            	  1686: *
                            	  1687: * perform DATA
                            	  1688: 
                            	  1689: LAB_DATA
01:00082722 6104            	  1690: 	BSR.s		LAB_SNBS			* scan for next BASIC statement ([:] or [EOL])
                            	  1691: 							* returns a0 as pointer to [:] or [EOL]
01:00082724 2A48            	  1692: 	MOVEA.l	a0,a5				* skip rest of statement
                            	  1693: RTS_007
01:00082726 4E75            	  1694: 	RTS
                            	  1695: 
                            	  1696: 
                            	  1697: *************************************************************************************
                            	  1698: *
                            	  1699: * scan for next BASIC statement ([:] or [EOL])
                            	  1700: * returns a0 as pointer to [:] or [EOL]
                            	  1701: 
                            	  1702: LAB_SNBS
01:00082728 204D            	  1703: 	MOVEA.l	a5,a0				* copy BASIC execute pointer
01:0008272A 7222            	  1704: 	MOVEQ		#$22,d1			* set string quote character
01:0008272C 743A            	  1705: 	MOVEQ		#$3A,d2			* set look for character = ":"
01:0008272E 6008            	  1706: 	BRA.s		LAB_172D			* go do search
                            	  1707: 
                            	  1708: LAB_172C
01:00082730 B400            	  1709: 	CMP.b		d0,d2				* compare with ":"
01:00082732 6708            	  1710: 	BEQ.s		RTS_007a			* exit if found
                            	  1711: 
01:00082734 B200            	  1712: 	CMP.b		d0,d1				* compare with '"'
01:00082736 670C            	  1713: 	BEQ.s		LAB_1725			* if found go search for [EOL]
                            	  1714: 
                            	  1715: LAB_172D
01:00082738 1018            	  1716: 	MOVE.b	(a0)+,d0			* get next byte
01:0008273A 66F4            	  1717: 	BNE.s		LAB_172C			* loop if not null [EOL]
                            	  1718: 
                            	  1719: RTS_007a
01:0008273C 5348            	  1720: 	SUBQ.w	#1,a0				* correct pointer
01:0008273E 4E75            	  1721: 	RTS
                            	  1722: 
                            	  1723: LAB_1723
01:00082740 B200            	  1724: 	CMP.b		d0,d1				* compare with '"'
01:00082742 67F4            	  1725: 	BEQ.s		LAB_172D			* if found go search for ":" or [EOL]
                            	  1726: 
                            	  1727: LAB_1725
01:00082744 1018            	  1728: 	MOVE.b	(a0)+,d0			* get next byte
01:00082746 66F8            	  1729: 	BNE.s		LAB_1723			* loop if not null [EOL]
                            	  1730: 
01:00082748 60F2            	  1731: 	BRA.s		RTS_007a			* correct pointer & return
                            	  1732: 
                            	  1733: 
                            	  1734: *************************************************************************************
                            	  1735: *
                            	  1736: * perform IF
                            	  1737: 
                            	  1738: LAB_IF
01:0008274A 610004F0        	  1739: 	BSR		LAB_EVEX			* evaluate expression
01:0008274E 6100064E        	  1740: 	BSR		LAB_GBYT			* scan memory
01:00082752 B03C00AD        	  1741: 	CMP.b		#TK_THEN,d0			* compare with THEN token
01:00082756 6714            	  1742: 	BEQ.s		LAB_174B			* if it was THEN then continue
                            	  1743: 
                            	  1744: 							* wasn't IF .. THEN so must be IF .. GOTO
01:00082758 B03C0089        	  1745: 	CMP.b		#TK_GOTO,d0			* compare with GOTO token
01:0008275C 6600F9F2        	  1746: 	BNE		LAB_SNER			* if not GOTO token do syntax error/warm start
                            	  1747: 
                            	  1748: 							* was GOTO so check for GOTO <n>
01:00082760 204D            	  1749: 	MOVE.l	a5,a0				* save the execute pointer
01:00082762 61000638        	  1750: 	BSR		LAB_IGBY			* scan memory, test for a numeric character
01:00082766 2A48            	  1751: 	MOVE.l	a0,a5				* restore the execute pointer
01:00082768 6400F9E6        	  1752: 	BCC		LAB_SNER			* if not numeric do syntax error/warm start
                            	  1753: 
                            	  1754: LAB_174B
01:0008276C 102B1EDC        	  1755: 	MOVE.b	FAC1_e(a3),d0		* get FAC1 exponent
01:00082770 671E            	  1756: 	BEQ.s		LAB_174E			* if result was zero go look for an ELSE
                            	  1757: 
01:00082772 61000628        	  1758: 	BSR		LAB_IGBY			* increment & scan memory
01:00082776 6500FF12        	  1759: 	BCS		LAB_GOTO			* if numeric do GOTO n
                            	  1760: 							* a GOTO <n> will never return to the IF
                            	  1761: 							* statement so there is no need to return
                            	  1762: 							* to this code
                            	  1763: 
01:0008277A B03C008E        	  1764: 	CMP.b		#TK_RETURN,d0		* compare with RETURN token
01:0008277E 6700FE1A        	  1765: 	BEQ		LAB_1602			* if RETURN then interpret BASIC code from (a5)
                            	  1766: 							* and don't return here
                            	  1767: 
01:00082782 6100FE12        	  1768: 	BSR		LAB_15FF			* else interpret BASIC code from (a5)
                            	  1769: 
                            	  1770: * the IF was executed and there may be a following ELSE so the code needs to return
                            	  1771: * here to check and ignore the ELSE if present
                            	  1772: 
01:00082786 1015            	  1773: 	MOVE.b	(a5),d0			* get the next basic byte
01:00082788 B03C00A9        	  1774: 	CMP.b		#TK_ELSE,d0			* compare it with the token for ELSE
01:0008278C 6794            	  1775: 	BEQ		LAB_DATA			* if ELSE ignore the following statement
                            	  1776: 
                            	  1777: * there was no ELSE so continue execution of IF <expr> THEN <stat> [: <stat>]. any
                            	  1778: * following ELSE will, correctly, cause a syntax error
                            	  1779: 
01:0008278E 4E75            	  1780: 	RTS						* else return to interpreter inner loop
                            	  1781: 
                            	  1782: * perform ELSE after IF
                            	  1783: 
                            	  1784: LAB_174E
01:00082790 101D            	  1785: 	MOVE.b	(a5)+,d0			* faster increment past THEN
01:00082792 76A9            	  1786: 	MOVEQ		#TK_ELSE,d3			* set search for ELSE token
01:00082794 788B            	  1787: 	MOVEQ		#TK_IF,d4			* set search for IF token
01:00082796 7A00            	  1788: 	MOVEQ		#0,d5				* clear the nesting depth
                            	  1789: LAB_1750
01:00082798 101D            	  1790: 	MOVE.b	(a5)+,d0			* get next BASIC byte & increment ptr
01:0008279A 6720            	  1791: 	BEQ.s		LAB_1754			* if EOL correct the pointer and return
                            	  1792: 
01:0008279C B004            	  1793: 	CMP.b		d4,d0				* compare with "IF" token
01:0008279E 6604            	  1794: 	BNE.s		LAB_1752			* skip if not nested IF
                            	  1795: 
01:000827A0 5245            	  1796: 	ADDQ.w	#1,d5				* else increment the nesting depth ..
01:000827A2 60F4            	  1797: 	BRA.s		LAB_1750			* .. and continue looking
                            	  1798: 
                            	  1799: LAB_1752
01:000827A4 B003            	  1800: 	CMP.b		d3,d0				* compare with ELSE token
01:000827A6 66F0            	  1801: 	BNE.s		LAB_1750			* if not ELSE continue looking
                            	  1802: 
                            	  1803: LAB_1756
01:000827A8 51CDFFEE        	  1804: 	DBF		d5,LAB_1750			* loop if still nested
                            	  1805: 
                            	  1806: * found the matching ELSE, now do <{n|statement}>
                            	  1807: 
01:000827AC 610005F0        	  1808: 	BSR		LAB_GBYT			* scan memory
01:000827B0 6500FED8        	  1809: 	BCS		LAB_GOTO			* if numeric do GOTO n
                            	  1810: 							* code will return to the interpreter loop
                            	  1811: 							* at the tail end of the GOTO <n>
                            	  1812: 
01:000827B4 6000FDE0        	  1813: 	BRA		LAB_15FF			* else interpret BASIC code from (a5)
                            	  1814: 							* code will return to the interpreter loop
                            	  1815: 							* at the tail end of the <statement>
                            	  1816: 
                            	  1817: 
                            	  1818: *************************************************************************************
                            	  1819: *
                            	  1820: * perform REM, skip (rest of) line
                            	  1821: 
                            	  1822: LAB_REM
01:000827B8 4A1D            	  1823: 	TST.b		(a5)+				* test byte & increment pointer
01:000827BA 66FC            	  1824: 	BNE.s		LAB_REM			* loop if not EOL
                            	  1825: 
                            	  1826: LAB_1754
01:000827BC 534D            	  1827: 	SUBQ.w	#1,a5				* correct the execute pointer
01:000827BE 4E75            	  1828: 	RTS
                            	  1829: 
                            	  1830: 
                            	  1831: *************************************************************************************
                            	  1832: *
                            	  1833: * perform ON
                            	  1834: 
                            	  1835: LAB_ON
01:000827C0 61000F46        	  1836: 	BSR		LAB_GTBY			* get byte parameter, result in d0 and Itemp
01:000827C4 1400            	  1837: 	MOVE.b	d0,d2				* copy byte
01:000827C6 610005D6        	  1838: 	BSR		LAB_GBYT			* restore BASIC byte
01:000827CA 3F00            	  1839: 	MOVE.w	d0,-(sp)			* push GOTO/GOSUB token
01:000827CC B03C008D        	  1840: 	CMP.b		#TK_GOSUB,d0		* compare with GOSUB token
01:000827D0 6708            	  1841: 	BEQ.s		LAB_176C			* branch if GOSUB
                            	  1842: 
01:000827D2 B03C0089        	  1843: 	CMP.b		#TK_GOTO,d0			* compare with GOTO token
01:000827D6 6600F978        	  1844: 	BNE		LAB_SNER			* if not GOTO do syntax error, then warm start
                            	  1845: 
                            	  1846: * next character was GOTO or GOSUB
                            	  1847: 
                            	  1848: LAB_176C
01:000827DA 5302            	  1849: 	SUBQ.b	#1,d2				* decrement index (byte value)
01:000827DC 6606            	  1850: 	BNE.s		LAB_1773			* branch if not zero
                            	  1851: 
01:000827DE 301F            	  1852: 	MOVE.w	(sp)+,d0			* pull GOTO/GOSUB token
01:000827E0 6000FDB8        	  1853: 	BRA		LAB_1602			* go execute it
                            	  1854: 
                            	  1855: LAB_1773
01:000827E4 610005B6        	  1856: 	BSR		LAB_IGBY			* increment & scan memory
01:000827E8 610A            	  1857: 	BSR.s		LAB_GFPN			* get fixed-point number into temp integer & d1
                            	  1858: 							* (skip this n)
01:000827EA B03C002C        	  1859: 	CMP.b		#$2C,d0			* compare next character with ","
01:000827EE 67EA            	  1860: 	BEQ.s		LAB_176C			* loop if ","
                            	  1861: 
01:000827F0 301F            	  1862: 	MOVE.w	(sp)+,d0			* pull GOTO/GOSUB token (run out of options)
01:000827F2 4E75            	  1863: 	RTS						* and exit
                            	  1864: 
                            	  1865: 
                            	  1866: *************************************************************************************
                            	  1867: *
                            	  1868: * get fixed-point number into temp integer & d1
                            	  1869: * interpret number from (a5), leave (a5) pointing to byte after #
                            	  1870: 
                            	  1871: LAB_GFPN
01:000827F4 7200            	  1872: 	MOVEQ		#$00,d1			* clear integer register
01:000827F6 2001            	  1873: 	MOVE.l	d1,d0				* clear d0
01:000827F8 610005A4        	  1874: 	BSR		LAB_GBYT			* scan memory, Cb=1 if "0"-"9", & get byte
01:000827FC 642E            	  1875: 	BCC.s		LAB_1786			* return if carry clear, chr was not "0"-"9"
                            	  1876: 
01:000827FE 2F02            	  1877: 	MOVE.l	d2,-(sp)			* save d2
                            	  1878: LAB_1785
01:00082800 2401            	  1879: 	MOVE.l	d1,d2				* copy integer register
01:00082802 D281            	  1880: 	ADD.l		d1,d1				* *2
01:00082804 6500F94A        	  1881: 	BCS		LAB_SNER			* if overflow do syntax error, then warm start
                            	  1882: 
01:00082808 D281            	  1883: 	ADD.l		d1,d1				* *4
01:0008280A 6500F944        	  1884: 	BCS		LAB_SNER			* if overflow do syntax error, then warm start
                            	  1885: 
01:0008280E D282            	  1886: 	ADD.l		d2,d1				* *1 + *4
01:00082810 6500F93E        	  1887: 	BCS		LAB_SNER			* if overflow do syntax error, then warm start
                            	  1888: 
01:00082814 D281            	  1889: 	ADD.l		d1,d1				* *10
01:00082816 6500F938        	  1890: 	BCS		LAB_SNER			* if overflow do syntax error, then warm start
                            	  1891: 
01:0008281A 903C0030        	  1892: 	SUB.b		#$30,d0			* subtract $30 from byte
01:0008281E D280            	  1893: 	ADD.l		d0,d1				* add to integer register, the top 24 bits are
                            	  1894: 							* always clear
01:00082820 6900F92E        	  1895: 	BVS		LAB_SNER			* if overflow do syntax error, then warm start
                            	  1896: 							* this makes the maximum line number 2147483647
01:00082824 61000576        	  1897: 	BSR		LAB_IGBY			* increment & scan memory
01:00082828 65D6            	  1898: 	BCS.s		LAB_1785			* loop for next character if "0"-"9"
                            	  1899: 
01:0008282A 241F            	  1900: 	MOVE.l	(sp)+,d2			* restore d2
                            	  1901: LAB_1786
01:0008282C 2741142A        	  1902: 	MOVE.l	d1,Itemp(a3)		* save Itemp
01:00082830 4E75            	  1903: 	RTS
                            	  1904: 
                            	  1905: 
                            	  1906: *************************************************************************************
                            	  1907: *
                            	  1908: * perform DEC
                            	  1909: 
                            	  1910: LAB_DEC
01:00082832 3F3C8180        	  1911: 	MOVE.w	#$8180,-(sp)		* set -1 sign/exponent
01:00082836 600A            	  1912: 	BRA.s		LAB_17B7			* go do DEC
                            	  1913: 
                            	  1914: 
                            	  1915: *************************************************************************************
                            	  1916: *
                            	  1917: * perform INC
                            	  1918: 
                            	  1919: LAB_INC
01:00082838 3F3C8100        	  1920: 	MOVE.w	#$8100,-(sp)		* set 1 sign/exponent
01:0008283C 6004            	  1921: 	BRA.s		LAB_17B7			* go do INC
                            	  1922: 
                            	  1923: 							* was "," so another INCR variable to do
                            	  1924: LAB_17B8
01:0008283E 6100055C        	  1925: 	BSR		LAB_IGBY			* increment and scan memory
                            	  1926: LAB_17B7
01:00082842 61000766        	  1927: 	BSR		LAB_GVAR			* get variable address in a0
                            	  1928: 
                            	  1929: * if you want a non existant variable to return a null value then set the novar
                            	  1930: * value at the top of this file to some non zero value
                            	  1931: 
                            	  1932:  ifne	novar
                            	  1933: 
                            	  1934: 	BEQ.s		LAB_INCT			* if variable not found skip the inc/dec
                            	  1935: 
                            	  1936:  endc
                            	  1937: 
01:00082846 4A2B1EFD        	  1938: 	TST.b		Dtypef(a3)			* test data type, $80=string, $40=integer,
                            	  1939: 							* $00=float
01:0008284A 6B00F8D8        	  1940: 	BMI		LAB_TMER			* if string do "Type mismatch" error/warm start
                            	  1941: 
01:0008284E 6636            	  1942: 	BNE.s		LAB_INCI			* go do integer INC/DEC
                            	  1943: 
01:00082850 27481472        	  1944: 	MOVE.l	a0,Lvarpl(a3)		* save var address
01:00082854 61001312        	  1945: 	BSR		LAB_UFAC			* unpack memory (a0) into FAC1
01:00082858 277C800000001EE0	  1946: 	MOVE.l	#$80000000,FAC2_m(a3)	* set FAC2 mantissa for 1
01:00082860 3017            	  1947: 	MOVE.w	(sp),d0			* move exponent & sign to d0
01:00082862 37401EE4        	  1948: 	MOVE.w	d0,FAC2_e(a3)		* move exponent & sign to FAC2
01:00082866 176B1EDD1EE6    	  1949: 	MOVE.b	FAC1_s(a3),FAC_sc(a3)	* make sign compare = FAC1 sign
01:0008286C B12B1EE6        	  1950: 	EOR.b		d0,FAC_sc(a3)		* make sign compare (FAC1_s EOR FAC2_s)
01:00082870 6100100C        	  1951: 	BSR		LAB_ADD			* add FAC2 to FAC1
01:00082874 6100130E        	  1952: 	BSR		LAB_PFAC			* pack FAC1 into variable (Lvarpl)
                            	  1953: LAB_INCT
01:00082878 61000524        	  1954: 	BSR		LAB_GBYT			* scan memory
01:0008287C 0C00002C        	  1955: 	CMPI.b	#$2C,d0			* compare with ","
01:00082880 67BC            	  1956: 	BEQ.s		LAB_17B8			* continue if "," (another variable to do)
                            	  1957: 
01:00082882 544F            	  1958: 	ADDQ.w	#2,sp				* else dump sign & exponent
01:00082884 4E75            	  1959: 	RTS
                            	  1960: 
                            	  1961: LAB_INCI
01:00082886 4A2F0001        	  1962: 	TST.b		1(sp)				* test sign
01:0008288A 6604            	  1963: 	BNE.s		LAB_DECI			* branch if DEC
                            	  1964: 
01:0008288C 5290            	  1965: 	ADDQ.l	#1,(a0)			* increment variable
01:0008288E 60E8            	  1966: 	BRA.s		LAB_INCT			* go scan for more
                            	  1967: 
                            	  1968: LAB_DECI
01:00082890 5390            	  1969: 	SUBQ.l	#1,(a0)			* decrement variable
01:00082892 60E4            	  1970: 	BRA.s		LAB_INCT			* go scan for more
                            	  1971: 
                            	  1972: 
                            	  1973: *************************************************************************************
                            	  1974: *
                            	  1975: * perform LET
                            	  1976: 
                            	  1977: LAB_LET
01:00082894 61000710        	  1978: 	BSR		LAB_SVAR			* search for or create a variable
                            	  1979: 							* return the variable address in a0
01:00082898 27481472        	  1980: 	MOVE.l	a0,Lvarpl(a3)		* save variable address
01:0008289C 1F2B1EFD        	  1981: 	MOVE.b	Dtypef(a3),-(sp)		* push var data type, $80=string, $40=integer,
                            	  1982: 							* $00=float
01:000828A0 70BD            	  1983: 	MOVEQ		#TK_EQUAL-$100,d0		* get = token
01:000828A2 610004F0        	  1984: 	BSR		LAB_SCCA			* scan for CHR$(d0), else do syntax error/warm
                            	  1985: 							* start
01:000828A6 61000394        	  1986: 	BSR		LAB_EVEX			* evaluate expression
01:000828AA 102B1EFD        	  1987: 	MOVE.b	Dtypef(a3),d0		* copy expression data type
01:000828AE 175F1EFD        	  1988: 	MOVE.b	(sp)+,Dtypef(a3)		* pop variable data type
01:000828B2 E318            	  1989: 	ROL.b		#1,d0				* set carry if expression type = string
01:000828B4 61000372        	  1990: 	BSR		LAB_CKTM			* type match check, set C for string
01:000828B8 670012CA        	  1991: 	BEQ		LAB_PFAC			* if number pack FAC1 into variable Lvarpl & RET
                            	  1992: 
                            	  1993: * string LET
                            	  1994: 
                            	  1995: LAB_17D5
01:000828BC 246B1472        	  1996: 	MOVEA.l	Lvarpl(a3),a2		* get pointer to variable
                            	  1997: LAB_17D6
01:000828C0 206B1ED8        	  1998: 	MOVEA.l	FAC1_m(a3),a0		* get descriptor pointer
01:000828C4 2250            	  1999: 	MOVEA.l	(a0),a1			* get string pointer
01:000828C6 B3EB1446        	  2000: 	CMP.l		Sstorl(a3),a1		* compare string memory start with string
                            	  2001: 							* pointer
01:000828CA 6516            	  2002: 	BCS.s		LAB_1811			* if it was in program memory assign the value
                            	  2003: 							* and exit
                            	  2004: 
01:000828CC B1EB1432        	  2005: 	CMPA.l	Sfncl(a3),a0		* compare functions start with descriptor
                            	  2006: 							* pointer
01:000828D0 6510            	  2007: 	BCS.s		LAB_1811			* branch if >= (string is on stack)
                            	  2008: 
                            	  2009: 							* string is variable$ make space and copy string
                            	  2010: LAB_1810
01:000828D2 7200            	  2011: 	MOVEQ		#0,d1				* clear length
01:000828D4 32280004        	  2012: 	MOVE.w	4(a0),d1			* get string length
01:000828D8 2050            	  2013: 	MOVEA.l	(a0),a0			* get string pointer
01:000828DA 61000B0E        	  2014: 	BSR		LAB_20C9			* copy string
01:000828DE 206B1ED8        	  2015: 	MOVEA.l	FAC1_m(a3),a0		* get descriptor pointer back
                            	  2016: 							* clean stack & assign value to string variable
                            	  2017: LAB_1811
01:000828E2 B9C8            	  2018: 	CMPA.l	a0,a4				* is string on the descriptor stack
01:000828E4 6602            	  2019: 	BNE.s		LAB_1813			* skip pop if not
                            	  2020: 
01:000828E6 5C4C            	  2021: 	ADDQ.w	#$06,a4			* else update stack pointer
                            	  2022: LAB_1813
01:000828E8 24D8            	  2023: 	MOVE.l	(a0)+,(a2)+			* save pointer to variable
01:000828EA 3490            	  2024: 	MOVE.w	(a0),(a2)			* save length to variable
                            	  2025: RTS_008
01:000828EC 4E75            	  2026: 	RTS
                            	  2027: 
                            	  2028: 
                            	  2029: *************************************************************************************
                            	  2030: *
                            	  2031: * perform GET
                            	  2032: 
                            	  2033: LAB_GET
01:000828EE 610006B6        	  2034: 	BSR		LAB_SVAR			* search for or create a variable
                            	  2035: 							* return the variable address in a0
01:000828F2 27481472        	  2036: 	MOVE.l	a0,Lvarpl(a3)		* save variable address as GET variable
01:000828F6 4A2B1EFD        	  2037: 	TST.b		Dtypef(a3)			* test data type, $80=string, $40=integer,
                            	  2038: 							* $00=float
01:000828FA 6B0C            	  2039: 	BMI.s		LAB_GETS			* go get string character
                            	  2040: 
                            	  2041: 							* was numeric get
01:000828FC 61001E08        	  2042: 	BSR		INGET				* get input byte
01:00082900 610009C4        	  2043: 	BSR		LAB_1FD0			* convert d0 to unsigned byte in FAC1
01:00082904 6000127E        	  2044: 	BRA		LAB_PFAC			* pack FAC1 into variable (Lvarpl) & return
                            	  2045: 
                            	  2046: LAB_GETS
01:00082908 7200            	  2047: 	MOVEQ		#$00,d1			* assume no byte
01:0008290A 2041            	  2048: 	MOVE.l	d1,a0				* assume null string
01:0008290C 61001DF8        	  2049: 	BSR		INGET				* get input byte
01:00082910 6408            	  2050: 	BCC.s		LAB_NoSt			* branch if no byte received
                            	  2051: 
01:00082912 7201            	  2052: 	MOVEQ		#$01,d1			* string is single byte
01:00082914 61000B06        	  2053: 	BSR		LAB_2115			* make string space d1 bytes long
                            	  2054: 							* return a0 = pointer, other registers unchanged
                            	  2055: 
01:00082918 1080            	  2056: 	MOVE.b	d0,(a0)			* save byte in string (byte IS string!)
                            	  2057: LAB_NoSt
01:0008291A 61000AE6        	  2058: 	BSR		LAB_RTST			* push string on descriptor stack
                            	  2059: 							* a0 = pointer, d1 = length
                            	  2060: 
01:0008291E 609C            	  2061: 	BRA.s		LAB_17D5			* do string LET & return
                            	  2062: 
                            	  2063: 
                            	  2064: *************************************************************************************
                            	  2065: *
                            	  2066: * PRINT
                            	  2067: 
                            	  2068: LAB_1829
01:00082920 610000B4        	  2069: 	BSR		LAB_18C6			* print string from stack
                            	  2070: LAB_182C
01:00082924 61000478        	  2071: 	BSR		LAB_GBYT			* scan memory
                            	  2072: 
                            	  2073: * perform PRINT
                            	  2074: 
                            	  2075: LAB_PRINT
01:00082928 674A            	  2076: 	BEQ.s		LAB_CRLF			* if nothing following just print CR/LF
                            	  2077: 
                            	  2078: LAB_1831
01:0008292A B03C00A8        	  2079: 	CMP.b		#TK_TAB,d0			* compare with TAB( token
01:0008292E 6764            	  2080: 	BEQ.s		LAB_18A2			* go do TAB/SPC
                            	  2081: 
01:00082930 B03C00AC        	  2082: 	CMP.b		#TK_SPC,d0			* compare with SPC( token
01:00082934 675E            	  2083: 	BEQ.s		LAB_18A2			* go do TAB/SPC
                            	  2084: 
01:00082936 B03C002C        	  2085: 	CMP.b		#',',d0			* compare with ","
01:0008293A 6740            	  2086: 	BEQ.s		LAB_188B			* go do move to next TAB mark
                            	  2087: 
01:0008293C B03C003B        	  2088: 	CMP.b		#';',d0			* compare with ";"
01:00082940 67000086        	  2089: 	BEQ		LAB_18BD			* if ";" continue with PRINT processing
                            	  2090: 
01:00082944 610002F6        	  2091: 	BSR		LAB_EVEX			* evaluate expression
01:00082948 4A2B1EFD        	  2092: 	TST.b		Dtypef(a3)			* test data type, $80=string, $40=integer,
                            	  2093: 							* $00=float
01:0008294C 6BD2            	  2094: 	BMI.s		LAB_1829			* branch if string
                            	  2095: 
                            	  2096: ** replace the two lines above with this code
                            	  2097: 
                            	  2098: **	MOVE.b	Dtypef(a3),d0		* get data type flag, $80=string, $00=numeric
                            	  2099: **	BMI.s		LAB_1829			* branch if string
                            	  2100: 
01:0008294E 610013BA        	  2101: 	BSR		LAB_2970			* convert FAC1 to string
01:00082952 61000A68        	  2102: 	BSR		LAB_20AE			* print " terminated string to FAC1 stack
                            	  2103: 
                            	  2104: * don't check fit if terminal width byte is zero
                            	  2105: 
01:00082956 7000            	  2106: 	MOVEQ		#0,d0				* clear d0
01:00082958 102B1F2E        	  2107: 	MOVE.b	TWidth(a3),d0		* get terminal width byte
01:0008295C 670C            	  2108: 	BEQ.s		LAB_185E			* skip check if zero
                            	  2109: 
01:0008295E 902C0007        	  2110: 	SUB.b		7(a4),d0			* subtract string length
01:00082962 902B1F2D        	  2111: 	SUB.b		TPos(a3),d0			* subtract terminal position
01:00082966 6402            	  2112: 	BCC.s		LAB_185E			* branch if less than terminal width
                            	  2113: 
01:00082968 610A            	  2114: 	BSR.s		LAB_CRLF			* else print CR/LF
                            	  2115: LAB_185E
01:0008296A 616A            	  2116: 	BSR.s		LAB_18C6			* print string from stack
01:0008296C 60B6            	  2117: 	BRA.s		LAB_182C			* always go continue processing line
                            	  2118: 
                            	  2119: 
                            	  2120: *************************************************************************************
                            	  2121: *
                            	  2122: * CR/LF return to BASIC from BASIC input handler
                            	  2123: * leaves a0 pointing to the buffer start
                            	  2124: 
                            	  2125: LAB_1866
01:0008296E 11BC00001000    	  2126: 	MOVE.b	#$00,(a0,d1.w)		* null terminate input
                            	  2127: 
                            	  2128: * print CR/LF
                            	  2129: 
                            	  2130: LAB_CRLF
01:00082974 700D            	  2131: 	MOVEQ		#$0D,d0			* load [CR]
01:00082976 6174            	  2132: 	BSR.s		LAB_PRNA			* go print the character
01:00082978 700A            	  2133: 	MOVEQ		#$0A,d0			* load [LF]
01:0008297A 6070            	  2134: 	BRA.s		LAB_PRNA			* go print the character & return
                            	  2135: 
                            	  2136: LAB_188B
01:0008297C 142B1F2D        	  2137: 	MOVE.b	TPos(a3),d2			* get terminal position
01:00082980 B42B1F2F        	  2138: 	CMP.b		Iclim(a3),d2		* compare with input column limit
01:00082984 6504            	  2139: 	BCS.s		LAB_1898			* branch if less than Iclim
                            	  2140: 
01:00082986 61EC            	  2141: 	BSR.s		LAB_CRLF			* else print CR/LF (next line)
01:00082988 603E            	  2142: 	BRA.s		LAB_18BD			* continue with PRINT processing
                            	  2143: 
                            	  2144: LAB_1898
01:0008298A 942B1F2A        	  2145: 	SUB.b		TabSiz(a3),d2		* subtract TAB size
01:0008298E 64FA            	  2146: 	BCC.s		LAB_1898			* loop if result was >= 0
                            	  2147: 
01:00082990 4402            	  2148: 	NEG.b		d2				* twos complement it
01:00082992 6022            	  2149: 	BRA.s		LAB_18B7			* print d2 spaces
                            	  2150: 
                            	  2151: 							* do TAB/SPC
                            	  2152: LAB_18A2
01:00082994 3F00            	  2153: 	MOVE.w	d0,-(sp)			* save token
01:00082996 61000D6C        	  2154: 	BSR		LAB_SGBY			* increment and get byte, result in d0 and Itemp
01:0008299A 3400            	  2155: 	MOVE.w	d0,d2				* copy byte
01:0008299C 61000400        	  2156: 	BSR		LAB_GBYT			* get basic byte back
01:000829A0 B03C0029        	  2157: 	CMP.b		#$29,d0			* is next character ")"
01:000829A4 6600F7AA        	  2158: 	BNE		LAB_SNER			* if not do syntax error, then warm start
                            	  2159: 
01:000829A8 301F            	  2160: 	MOVE.w	(sp)+,d0			* get token back
01:000829AA B03C00A8        	  2161: 	CMP.b		#TK_TAB,d0			* was it TAB ?
01:000829AE 6606            	  2162: 	BNE.s		LAB_18B7			* branch if not (was SPC)
                            	  2163: 
                            	  2164: 							* calculate TAB offset
01:000829B0 942B1F2D        	  2165: 	SUB.b		TPos(a3),d2			* subtract terminal position
01:000829B4 6312            	  2166: 	BLS.s		LAB_18BD			* branch if result was <= 0
                            	  2167: 							* can't TAB backwards or already there
                            	  2168: 
                            	  2169: 							* print d2.b spaces
                            	  2170: LAB_18B7
01:000829B6 7000            	  2171: 	MOVEQ		#0,d0				* clear longword
01:000829B8 5300            	  2172: 	SUBQ.b	#1,d0				* make d0 = $FF
01:000829BA C480            	  2173: 	AND.l		d0,d2				* mask for byte only
01:000829BC 670A            	  2174: 	BEQ.s		LAB_18BD			* branch if zero
                            	  2175: 
01:000829BE 7020            	  2176: 	MOVEQ		#$20,d0			* load " "
01:000829C0 5302            	  2177: 	SUBQ.b	#1,d2				* adjust for DBF loop
                            	  2178: LAB_18B8
01:000829C2 6128            	  2179: 	BSR.s		LAB_PRNA			* go print
01:000829C4 51CAFFFC        	  2180: 	DBF		d2,LAB_18B8			* decrement count and loop if not all done
                            	  2181: 
                            	  2182: 							* continue with PRINT processing
                            	  2183: LAB_18BD
01:000829C8 610003D2        	  2184: 	BSR		LAB_IGBY			* increment & scan memory
01:000829CC 6600FF5C        	  2185: 	BNE		LAB_1831			* if byte continue executing PRINT
                            	  2186: 
01:000829D0 4E75            	  2187: 	RTS						* exit if nothing more to print
                            	  2188: 
                            	  2189: 
                            	  2190: *************************************************************************************
                            	  2191: *
                            	  2192: * print null terminated string from a0
                            	  2193: 
                            	  2194: LAB_18C3
01:000829D2 610009E8        	  2195: 	BSR		LAB_20AE			* print terminated string to FAC1/stack
                            	  2196: 
                            	  2197: * print string from stack
                            	  2198: 
                            	  2199: LAB_18C6
01:000829D6 61000BD0        	  2200: 	BSR		LAB_22B6			* pop string off descriptor stack or from memory
                            	  2201: 							* returns with d0 = length, a0 = pointer
01:000829DA 670C            	  2202: 	BEQ.s		RTS_009			* exit (RTS) if null string
                            	  2203: 
01:000829DC 3200            	  2204: 	MOVE.w	d0,d1				* copy length & set Z flag
01:000829DE 5341            	  2205: 	SUBQ.w	#1,d1				* -1 for BF loop
                            	  2206: LAB_18CD
01:000829E0 1018            	  2207: 	MOVE.b	(a0)+,d0			* get byte from string
01:000829E2 6108            	  2208: 	BSR.s		LAB_PRNA			* go print the character
01:000829E4 51C9FFFA        	  2209: 	DBF		d1,LAB_18CD			* decrement count and loop if not done yet
                            	  2210: 
                            	  2211: RTS_009
01:000829E8 4E75            	  2212: 	RTS
                            	  2213: 
                            	  2214: 
                            	  2215: *************************************************************************************
                            	  2216: *
                            	  2217: * print "?" character
                            	  2218: 
                            	  2219: LAB_18E3
01:000829EA 703F            	  2220: 	MOVEQ		#$3F,d0			* load "?" character
                            	  2221: 
                            	  2222: 
                            	  2223: *************************************************************************************
                            	  2224: *
                            	  2225: * print character in d0, includes the null handler and infinite line length code
                            	  2226: * changes no registers
                            	  2227: 
                            	  2228: LAB_PRNA
01:000829EC 2F01            	  2229: 	MOVE.l	d1,-(sp)			* save d1
01:000829EE B03C0020        	  2230: 	CMP.b		#$20,d0			* compare with " "
01:000829F2 6528            	  2231: 	BCS.s		LAB_18F9			* branch if less, non printing character
                            	  2232: 
                            	  2233: 							* don't check fit if terminal width byte is zero
01:000829F4 122B1F2E        	  2234: 	MOVE.b	TWidth(a3),d1		* get terminal width
01:000829F8 6610            	  2235: 	BNE.s		LAB_18F0			* branch if not zero (not infinite length)
                            	  2236: 
                            	  2237: 							* is "infinite line" so check TAB position
01:000829FA 122B1F2D        	  2238: 	MOVE.b	TPos(a3),d1			* get position
01:000829FE 922B1F2A        	  2239: 	SUB.b		TabSiz(a3),d1		* subtract TAB size
01:00082A02 6614            	  2240: 	BNE.s		LAB_18F7			* skip reset if different
                            	  2241: 
01:00082A04 17411F2D        	  2242: 	MOVE.b	d1,TPos(a3)			* else reset position
01:00082A08 600E            	  2243: 	BRA.s		LAB_18F7			* go print character
                            	  2244: 
                            	  2245: LAB_18F0
01:00082A0A B22B1F2D        	  2246: 	CMP.b		TPos(a3),d1			* compare with terminal character position
01:00082A0E 6608            	  2247: 	BNE.s		LAB_18F7			* branch if not at end of line
                            	  2248: 
01:00082A10 2F00            	  2249: 	MOVE.l	d0,-(sp)			* save d0
01:00082A12 6100FF60        	  2250: 	BSR		LAB_CRLF			* else print CR/LF
01:00082A16 201F            	  2251: 	MOVE.l	(sp)+,d0			* restore d0
                            	  2252: LAB_18F7
01:00082A18 522B1F2D        	  2253: 	ADDQ.b	#$01,TPos(a3)		* increment terminal position
                            	  2254: LAB_18F9
01:00082A1C 4EAB1412        	  2255: 	JSR		V_OUTP(a3)			* output byte via output vector
01:00082A20 B03C000D        	  2256: 	CMP.b		#$0D,d0			* compare with [CR]
01:00082A24 6618            	  2257: 	BNE.s		LAB_188A			* branch if not [CR]
                            	  2258: 
                            	  2259: 							* else print nullct nulls after the [CR]
01:00082A26 7200            	  2260: 	MOVEQ		#$00,d1			* clear d1
01:00082A28 122B1F2C        	  2261: 	MOVE.b	Nullct(a3),d1		* get null count
01:00082A2C 670C            	  2262: 	BEQ.s		LAB_1886			* branch if no nulls
                            	  2263: 
01:00082A2E 7000            	  2264: 	MOVEQ		#$00,d0			* load [NULL]
                            	  2265: LAB_1880
01:00082A30 4EAB1412        	  2266: 	JSR		V_OUTP(a3)			* go print the character
01:00082A34 51C9FFFA        	  2267: 	DBF		d1,LAB_1880			* decrement count and loop if not all done
                            	  2268: 
01:00082A38 700D            	  2269: 	MOVEQ		#$0D,d0			* restore the character
                            	  2270: LAB_1886
01:00082A3A 17411F2D        	  2271: 	MOVE.b	d1,TPos(a3)			* clear terminal position
                            	  2272: LAB_188A
01:00082A3E 221F            	  2273: 	MOVE.l	(sp)+,d1			* restore d1
01:00082A40 4E75            	  2274: 	RTS
                            	  2275: 
                            	  2276: 
                            	  2277: *************************************************************************************
                            	  2278: *
                            	  2279: * handle bad input data
                            	  2280: 
                            	  2281: LAB_1904
01:00082A42 2A5F            	  2282: 	MOVEA.l	(sp)+,a5			* restore execute pointer
01:00082A44 4A2B1F28        	  2283: 	TST.b		Imode(a3)			* test input mode flag, $00=INPUT, $98=READ
01:00082A48 6A0A            	  2284: 	BPL.s		LAB_1913			* branch if INPUT (go do redo)
                            	  2285: 
01:00082A4A 276B145E1452    	  2286: 	MOVE.l	Dlinel(a3),Clinel(a3)	* save DATA line as current line
01:00082A50 6000F6D2        	  2287: 	BRA		LAB_TMER			* do type mismatch error, then warm start
                            	  2288: 
                            	  2289: 							* mode was INPUT
                            	  2290: LAB_1913
01:00082A54 41FA2A8E        	  2291: 	LEA		LAB_REDO,a0		* point to redo message
01:00082A58 6100FF78        	  2292: 	BSR		LAB_18C3			* print null terminated string from memory
01:00082A5C 2A6B145A        	  2293: 	MOVEA.l	Cpntrl(a3),a5		* save continue pointer as BASIC execute pointer
01:00082A60 4E75            	  2294: 	RTS
                            	  2295: 
                            	  2296: 
                            	  2297: *************************************************************************************
                            	  2298: *
                            	  2299: * perform INPUT
                            	  2300: 
                            	  2301: LAB_INPUT
01:00082A62 6100086A        	  2302: 	BSR		LAB_CKRN			* check not direct (back here if ok)
01:00082A66 B03C0022        	  2303: 	CMP.b		#'"',d0			* compare the next byte with open quote
01:00082A6A 660E            	  2304: 	BNE.s		LAB_1934			* if no prompt string just go get the input
                            	  2305: 
01:00082A6C 61000306        	  2306: 	BSR		LAB_1BC1			* print "..." string
01:00082A70 703B            	  2307: 	MOVEQ		#';',d0			* set the search character to ";"
01:00082A72 61000320        	  2308: 	BSR		LAB_SCCA			* scan for CHR$(d0), else do syntax error/warm
                            	  2309: 							* start
01:00082A76 6100FF5E        	  2310: 	BSR		LAB_18C6			* print string from Sutill/Sutilh
                            	  2311: 							* finished the prompt, now read the data
                            	  2312: LAB_1934
01:00082A7A 6100F806        	  2313: 	BSR		LAB_INLN			* print "? " and get BASIC input
                            	  2314: 							* return a0 pointing to the buffer start
01:00082A7E 7000            	  2315: 	MOVEQ		#0,d0				* flag INPUT
                            	  2316: 
                            	  2317: * if you don't want a null response to INPUT to break the program then set the nobrk
                            	  2318: * value at the top of this file to some non zero value
                            	  2319: 
                            	  2320:  ifne	nobrk
                            	  2321: 
                            	  2322: 	BRA.s		LAB_1953			* go handle the input
                            	  2323: 
                            	  2324:  endc
                            	  2325: 
                            	  2326: * if you do want a null response to INPUT to break the program then leave the nobrk
                            	  2327: * value at the top of this file set to zero
                            	  2328: 
                            	  2329:  ifeq	nobrk
                            	  2330: 
01:00082A80 4A10            	  2331: 	TST.b		(a0)				* test first byte from buffer
01:00082A82 660A            	  2332: 	BNE.s		LAB_1953			* branch if not null input
                            	  2333: 
01:00082A84 6000FB5E        	  2334: 	BRA		LAB_1647			* go do BREAK exit
                            	  2335: 
                            	  2336:  endc
                            	  2337: 
                            	  2338: 
                            	  2339: *************************************************************************************
                            	  2340: *
                            	  2341: * perform READ
                            	  2342: 
                            	  2343: LAB_READ
01:00082A88 206B1462        	  2344: 	MOVEA.l	Dptrl(a3),a0		* get the DATA pointer
01:00082A8C 7098            	  2345: 	MOVEQ		#$98-$100,d0		* flag READ
                            	  2346: LAB_1953
01:00082A8E 17401F28        	  2347: 	MOVE.b	d0,Imode(a3)		* set input mode flag, $00=INPUT, $98=READ
01:00082A92 27481466        	  2348: 	MOVE.l	a0,Rdptrl(a3)		* save READ pointer
                            	  2349: 
                            	  2350: 							* READ or INPUT the next variable from list
                            	  2351: LAB_195B
01:00082A96 6100050E        	  2352: 	BSR		LAB_SVAR			* search for or create a variable
                            	  2353: 							* return the variable address in a0
01:00082A9A 27481472        	  2354: 	MOVE.l	a0,Lvarpl(a3)		* save variable address as LET variable
01:00082A9E 2F0D            	  2355: 	MOVE.l	a5,-(sp)			* save BASIC execute pointer
                            	  2356: LAB_1961
01:00082AA0 2A6B1466        	  2357: 	MOVEA.l	Rdptrl(a3),a5		* set READ pointer as BASIC execute pointer
01:00082AA4 610002F8        	  2358: 	BSR		LAB_GBYT			* scan memory
01:00082AA8 661E            	  2359: 	BNE.s		LAB_1986			* if not null go get the value
                            	  2360: 
                            	  2361: 							* the pointer was to a null entry
01:00082AAA 4A2B1F28        	  2362: 	TST.b		Imode(a3)			* test input mode flag, $00=INPUT, $98=READ
01:00082AAE 6B72            	  2363: 	BMI.s		LAB_19DD			* branch if READ (go find the next statement)
                            	  2364: 
                            	  2365: 							* else the mode was INPUT so get more
01:00082AB0 6100FF38        	  2366: 	BSR		LAB_18E3			* print a "?" character
01:00082AB4 6100F7CC        	  2367: 	BSR		LAB_INLN			* print "? " and get BASIC input
                            	  2368: 							* return a0 pointing to the buffer start
                            	  2369: 
                            	  2370: * if you don't want a null response to INPUT to break the program then set the nobrk
                            	  2371: * value at the top of this file to some non zero value
                            	  2372: 
                            	  2373:  ifne	nobrk
                            	  2374: 
                            	  2375: 	MOVE.l	a0,Rdptrl(a3)		* save the READ pointer
                            	  2376: 	BRA.s		LAB_1961			* go handle the input
                            	  2377: 
                            	  2378:  endc
                            	  2379: 
                            	  2380: * if you do want a null response to INPUT to break the program then leave the nobrk
                            	  2381: * value at the top of this file set to zero
                            	  2382: 
                            	  2383:  ifeq	nobrk
                            	  2384: 
01:00082AB8 4A10            	  2385: 	TST.b		(a0)				* test the first byte from the buffer
01:00082ABA 6604            	  2386: 	BNE.s		LAB_1984			* if not null input go handle it
                            	  2387: 
01:00082ABC 6000FB26        	  2388: 	BRA		LAB_1647			* else go do the BREAK exit
                            	  2389: 
                            	  2390: LAB_1984
01:00082AC0 2A48            	  2391: 	MOVEA.l	a0,a5				* set the execute pointer to the buffer
01:00082AC2 534D            	  2392: 	SUBQ.w	#1,a5				* decrement the execute pointer
                            	  2393: 
                            	  2394:  endc
                            	  2395: 
                            	  2396: LAB_1985
01:00082AC4 610002D6        	  2397: 	BSR		LAB_IGBY			* increment & scan memory
                            	  2398: LAB_1986
01:00082AC8 4A2B1EFD        	  2399: 	TST.b		Dtypef(a3)			* test data type, $80=string, $40=integer,
                            	  2400: 							* $00=float
01:00082ACC 6A20            	  2401: 	BPL.s		LAB_19B0			* branch if numeric
                            	  2402: 
                            	  2403: 							* else get string
01:00082ACE 1400            	  2404: 	MOVE.b	d0,d2				* save search character
01:00082AD0 B03C0022        	  2405: 	CMP.b		#$22,d0			* was it " ?
01:00082AD4 6706            	  2406: 	BEQ.s		LAB_1999			* branch if so
                            	  2407: 
01:00082AD6 743A            	  2408: 	MOVEQ		#':',d2			* set new search character
01:00082AD8 702C            	  2409: 	MOVEQ		#',',d0			* other search character is ","
01:00082ADA 534D            	  2410: 	SUBQ.w	#1,a5				* decrement BASIC execute pointer
                            	  2411: LAB_1999
01:00082ADC 524D            	  2412: 	ADDQ.w	#1,a5				* increment BASIC execute pointer
01:00082ADE 1600            	  2413: 	MOVE.b	d0,d3				* set second search character
01:00082AE0 204D            	  2414: 	MOVEA.l	a5,a0				* BASIC execute pointer is source
                            	  2415: 
01:00082AE2 610008DC        	  2416: 	BSR		LAB_20B4			* print d2/d3 terminated string to FAC1 stack
                            	  2417: 							* d2 = Srchc, d3 = Asrch, a0 is source
01:00082AE6 2A4A            	  2418: 	MOVEA.l	a2,a5				* copy end of string to BASIC execute pointer
01:00082AE8 6100FDD2        	  2419: 	BSR		LAB_17D5			* go do string LET
01:00082AEC 6010            	  2420: 	BRA.s		LAB_19B6			* go check string terminator
                            	  2421: 
                            	  2422: 							* get numeric INPUT
                            	  2423: LAB_19B0
01:00082AEE 1F2B1EFD        	  2424: 	MOVE.b	Dtypef(a3),-(sp)		* save variable data type
01:00082AF2 61001DBE        	  2425: 	BSR		LAB_2887			* get FAC1 from string
01:00082AF6 175F1EFD        	  2426: 	MOVE.b	(sp)+,Dtypef(a3)		* restore variable data type
01:00082AFA 61001088        	  2427: 	BSR		LAB_PFAC			* pack FAC1 into (Lvarpl)
                            	  2428: LAB_19B6
01:00082AFE 6100029E        	  2429: 	BSR		LAB_GBYT			* scan memory
01:00082B02 670A            	  2430: 	BEQ.s		LAB_19C2			* branch if null (last entry)
                            	  2431: 
01:00082B04 B03C002C        	  2432: 	CMP.b		#',',d0			* else compare with ","
01:00082B08 6600FF38        	  2433: 	BNE		LAB_1904			* if not "," go handle bad input data
                            	  2434: 
01:00082B0C 524D            	  2435: 	ADDQ.w	#1,a5				* else was "," so point to next chr
                            	  2436: 							* got good input data
                            	  2437: LAB_19C2
01:00082B0E 274D1466        	  2438: 	MOVE.l	a5,Rdptrl(a3)		* save the read pointer for now
01:00082B12 2A5F            	  2439: 	MOVEA.l	(sp)+,a5			* restore the execute pointer
01:00082B14 61000288        	  2440: 	BSR		LAB_GBYT			* scan the memory
01:00082B18 6736            	  2441: 	BEQ.s		LAB_1A03			* if null go do extra ignored message
                            	  2442: 
01:00082B1A 487AFF7A        	  2443: 	PEA		LAB_195B		* set return address
01:00082B1E 60000272        	  2444: 	BRA		LAB_1C01			* scan for "," else do syntax error/warm start
                            	  2445: 							* then go INPUT next variable from list
                            	  2446: 
                            	  2447: 							* find next DATA statement or do "Out of Data"
                            	  2448: 							* error
                            	  2449: LAB_19DD
01:00082B22 6100FC04        	  2450: 	BSR		LAB_SNBS			* scan for next BASIC statement ([:] or [EOL])
                            	  2451: 							* returns a0 as pointer to [:] or [EOL]
01:00082B26 2A48            	  2452: 	MOVEA.l	a0,a5				* add index, now = pointer to [EOL]/[EOS]
01:00082B28 524D            	  2453: 	ADDQ.w	#1,a5				* pointer to next character
01:00082B2A B03C003A        	  2454: 	CMP.b		#':',d0			* was it statement end?
01:00082B2E 6712            	  2455: 	BEQ.s		LAB_19F6			* branch if [:]
                            	  2456: 
                            	  2457: 							* was [EOL] so find next line
                            	  2458: 
01:00082B30 320D            	  2459: 	MOVE.w	a5,d1				* past pad byte(s)
01:00082B32 C27C0001        	  2460: 	AND.w		#1,d1				* mask odd bit
01:00082B36 DAC1            	  2461: 	ADD.w		d1,a5				* add pointer
01:00082B38 241D            	  2462: 	MOVE.l	(a5)+,d2			* get next line pointer
01:00082B3A 6700F60C        	  2463: 	BEQ		LAB_ODER			* branch if end of program
                            	  2464: 
01:00082B3E 275D145E        	  2465: 	MOVE.l	(a5)+,Dlinel(a3)		* save current DATA line
                            	  2466: LAB_19F6
01:00082B42 6100025A        	  2467: 	BSR		LAB_GBYT			* scan memory
01:00082B46 B03C0083        	  2468: 	CMP.b		#TK_DATA,d0			* compare with "DATA" token
01:00082B4A 6700FF78        	  2469: 	BEQ		LAB_1985			* was "DATA" so go do next READ
                            	  2470: 
01:00082B4E 60D2            	  2471: 	BRA.s		LAB_19DD			* go find next statement if not "DATA"
                            	  2472: 
                            	  2473: * end of INPUT/READ routine
                            	  2474: 
                            	  2475: LAB_1A03
01:00082B50 206B1466        	  2476: 	MOVEA.l	Rdptrl(a3),a0		* get temp READ pointer
01:00082B54 4A2B1F28        	  2477: 	TST.b		Imode(a3)			* get input mode flag, $00=INPUT, $98=READ
01:00082B58 6A06            	  2478: 	BPL.s		LAB_1A0E			* branch if INPUT
                            	  2479: 
01:00082B5A 27481462        	  2480: 	MOVE.l	a0,Dptrl(a3)		* else save temp READ pointer as DATA pointer
01:00082B5E 4E75            	  2481: 	RTS
                            	  2482: 
                            	  2483: 							* we were getting INPUT
                            	  2484: LAB_1A0E
01:00082B60 4A10            	  2485: 	TST.b		(a0)				* test next byte
01:00082B62 6602            	  2486: 	BNE.s		LAB_1A1B			* error if not end of INPUT
                            	  2487: 
01:00082B64 4E75            	  2488: 	RTS
                            	  2489: 							* user typed too much
                            	  2490: LAB_1A1B
01:00082B66 41FA296C        	  2491: 	LEA		LAB_IMSG,a0		* point to extra ignored message
01:00082B6A 6000FE66        	  2492: 	BRA		LAB_18C3			* print null terminated string from memory & RTS
                            	  2493: 
                            	  2494: 
                            	  2495: *************************************************************************************
                            	  2496: *
                            	  2497: * perform NEXT
                            	  2498: 
                            	  2499: LAB_NEXT
01:00082B6E 6610            	  2500: 	BNE.s		LAB_1A46			* branch if NEXT var
                            	  2501: 
01:00082B70 584F            	  2502: 	ADDQ.w	#4,sp				* back past return address
01:00082B72 0C570081        	  2503: 	CMP.w		#TK_FOR,(sp)		* is FOR token on stack?
01:00082B76 6600F5DC        	  2504: 	BNE		LAB_NFER			* if not do NEXT without FOR err/warm start
                            	  2505: 
01:00082B7A 206F0002        	  2506: 	MOVEA.l	2(sp),a0			* get stacked FOR variable pointer
01:00082B7E 601C            	  2507: 	BRA.s		LAB_11BD			* branch always (no variable to search for)
                            	  2508: 
                            	  2509: * NEXT var
                            	  2510: 
                            	  2511: LAB_1A46
01:00082B80 61000428        	  2512: 	BSR		LAB_GVAR			* get variable address in a0
01:00082B84 584F            	  2513: 	ADDQ.w	#4,sp				* back past return address
01:00082B86 303C0081        	  2514: 	MOVE.w	#TK_FOR,d0			* set for FOR token
01:00082B8A 721C            	  2515: 	MOVEQ		#$1C,d1			* set for FOR use size
01:00082B8C 6002            	  2516: 	BRA.s		LAB_11A6			* enter loop for next variable search
                            	  2517: 
                            	  2518: LAB_11A5
01:00082B8E DFC1            	  2519: 	ADDA.l	d1,sp				* add FOR stack use size
                            	  2520: LAB_11A6
01:00082B90 B057            	  2521: 	CMP.w		(sp),d0			* is FOR token on stack?
01:00082B92 6600F5C0        	  2522: 	BNE		LAB_NFER			* if not found do NEXT without FOR error and
                            	  2523: 							* warm start
                            	  2524: 
                            	  2525: 							* was FOR token
01:00082B96 B1EF0002        	  2526: 	CMPA.l	2(sp),a0			* compare var pointer with stacked var pointer
01:00082B9A 66F2            	  2527: 	BNE.s		LAB_11A5			* loop if no match found
                            	  2528: 
                            	  2529: LAB_11BD
01:00082B9C 376F00061EE4    	  2530: 	MOVE.w	6(sp),FAC2_e(a3)		* get STEP value exponent and sign
01:00082BA2 276F00081EE0    	  2531: 	MOVE.l	8(sp),FAC2_m(a3)		* get STEP value mantissa
                            	  2532: 
01:00082BA8 176F00121EFD    	  2533: 	MOVE.b	18(sp),Dtypef(a3)		* restore FOR variable data type
01:00082BAE 6100021A        	  2534: 	BSR		LAB_1C19			* check type and unpack (a0)
                            	  2535: 
01:00082BB2 176B1EE51EE6    	  2536: 	MOVE.b	FAC2_s(a3),FAC_sc(a3)	* save FAC2 sign as sign compare
01:00082BB8 102B1EDD        	  2537: 	MOVE.b	FAC1_s(a3),d0		* get FAC1 sign
01:00082BBC B12B1EE6        	  2538: 	EOR.b		d0,FAC_sc(a3)		* EOR to create sign compare
                            	  2539: 
01:00082BC0 27481472        	  2540: 	MOVE.l	a0,Lvarpl(a3)		* save variable pointer
01:00082BC4 61000CB8        	  2541: 	BSR		LAB_ADD			* add STEP value to FOR variable
01:00082BC8 176F00121EFD    	  2542: 	MOVE.b	18(sp),Dtypef(a3)		* restore FOR variable data type (again)
01:00082BCE 61000FB4        	  2543: 	BSR		LAB_PFAC			* pack FAC1 into FOR variable (Lvarpl)
                            	  2544: 
01:00082BD2 376F000C1EE4    	  2545: 	MOVE.w	12(sp),FAC2_e(a3)		* get TO value exponent and sign
01:00082BD8 276F000E1EE0    	  2546: 	MOVE.l	14(sp),FAC2_m(a3)		* get TO value mantissa
                            	  2547: 
01:00082BDE 176B1EE51EE6    	  2548: 	MOVE.b	FAC2_s(a3),FAC_sc(a3)	* save FAC2 sign as sign compare
01:00082BE4 102B1EDD        	  2549: 	MOVE.b	FAC1_s(a3),d0		* get FAC1 sign
01:00082BE8 B12B1EE6        	  2550: 	EOR.b		d0,FAC_sc(a3)		* EOR to create sign compare
                            	  2551: 
01:00082BEC 61001040        	  2552: 	BSR		LAB_27FA			* compare FAC1 with FAC2 (TO value)
                            	  2553: 							* returns d0=+1 if FAC1 > FAC2
                            	  2554: 							* returns d0= 0 if FAC1 = FAC2
                            	  2555: 							* returns d0=-1 if FAC1 < FAC2
                            	  2556: 
01:00082BF0 322F0006        	  2557: 	MOVE.w	6(sp),d1			* get STEP value exponent and sign
01:00082BF4 B141            	  2558: 	EOR.w		d0,d1				* EOR compare result with STEP exponent and sign
                            	  2559: 
01:00082BF6 4A00            	  2560: 	TST.b		d0				* test for =
01:00082BF8 6704            	  2561: 	BEQ.s		LAB_1A90			* branch if = (loop INcomplete)
                            	  2562: 
01:00082BFA 4A01            	  2563: 	TST.b		d1				* test result
01:00082BFC 6A0E            	  2564: 	BPL.s		LAB_1A9B			* branch if > (loop complete)
                            	  2565: 
                            	  2566: 							* loop back and do it all again
                            	  2567: LAB_1A90
01:00082BFE 276F00141452    	  2568: 	MOVE.l	20(sp),Clinel(a3)		* reset current line
01:00082C04 2A6F0018        	  2569: 	MOVE.l	24(sp),a5			* reset BASIC execute pointer
01:00082C08 6000F972        	  2570: 	BRA		LAB_15C2			* go do interpreter inner loop
                            	  2571: 
                            	  2572: 							* loop complete so carry on
                            	  2573: LAB_1A9B
01:00082C0C 4FEF001C        	  2574: 	ADDA.w	#28,sp			* add 28 to dump FOR structure
01:00082C10 6100018C        	  2575: 	BSR		LAB_GBYT			* scan memory
01:00082C14 B03C002C        	  2576: 	CMP.b		#$2C,d0			* compare with ","
01:00082C18 6600F962        	  2577: 	BNE		LAB_15C2			* if not "," go do interpreter inner loop
                            	  2578: 
                            	  2579: 							* was "," so another NEXT variable to do
01:00082C1C 6100017E        	  2580: 	BSR		LAB_IGBY			* else increment & scan memory
01:00082C20 6100FF5E        	  2581: 	BSR		LAB_1A46			* do NEXT (var)
                            	  2582: 
                            	  2583: 
                            	  2584: *************************************************************************************
                            	  2585: *
                            	  2586: * evaluate expression & check is numeric, else do type mismatch
                            	  2587: 
                            	  2588: LAB_EVNM
01:00082C24 6116            	  2589: 	BSR.s		LAB_EVEX			* evaluate expression
                            	  2590: 
                            	  2591: 
                            	  2592: *************************************************************************************
                            	  2593: *
                            	  2594: * check if source is numeric, else do type mismatch
                            	  2595: 
                            	  2596: LAB_CTNM
01:00082C26 B040            	  2597: 	CMP.w		d0,d0				* required type is numeric so clear carry
                            	  2598: 
                            	  2599: 
                            	  2600: *************************************************************************************
                            	  2601: *
                            	  2602: * type match check, set C for string, clear C for numeric
                            	  2603: 
                            	  2604: LAB_CKTM
01:00082C28 082B00071EFD    	  2605: 	BTST.b	#7,Dtypef(a3)		* test data type flag, don't change carry
01:00082C2E 6606            	  2606: 	BNE.s		LAB_1ABA			* branch if data type is string
                            	  2607: 
                            	  2608: 							* else data type was numeric
01:00082C30 6500F4F2        	  2609: 	BCS		LAB_TMER			* if required type is string do type mismatch
                            	  2610: 							* error
                            	  2611: 
01:00082C34 4E75            	  2612: 	RTS
                            	  2613: 							* data type was string, now check required type
                            	  2614: LAB_1ABA
01:00082C36 6400F4EC        	  2615: 	BCC		LAB_TMER			* if required type is numeric do type mismatch
                            	  2616: 							* error
01:00082C3A 4E75            	  2617: 	RTS
                            	  2618: 
                            	  2619: 
                            	  2620: *************************************************************************************
                            	  2621: *
                            	  2622: * this routine evaluates any type of expression. first it pushes an end marker so
                            	  2623: * it knows when the expression has been evaluated, this is a precedence value of zero.
                            	  2624: * next the first value is evaluated, this can be an in line value, either numeric or
                            	  2625: * string, a variable or array element of any type, a function or even an expression
                            	  2626: * in parenthesis. this value is kept in FAC_1
                            	  2627: * after the value is evaluated a test is made on the next BASIC program byte, if it
                            	  2628: * is a comparrison operator i.e. "<", "=" or ">", then the corresponding bit is set
                            	  2629: * in the comparison evaluation flag. this test loops until no more comparrison operators
                            	  2630: * are found or more than one of any type is found. in the last case an error is generated
                            	  2631: 
                            	  2632: * evaluate expression
                            	  2633: 
                            	  2634: LAB_EVEX
01:00082C3C 534D            	  2635: 	SUBQ.w	#1,a5				* decrement BASIC execute pointer
                            	  2636: LAB_EVEZ
01:00082C3E 7200            	  2637: 	MOVEQ		#0,d1				* clear precedence word
01:00082C40 17411EFD        	  2638: 	MOVE.b	d1,Dtypef(a3)		* clear the data type, $80=string, $40=integer,
                            	  2639: 							* $00=float
01:00082C44 601C            	  2640: 	BRA.s		LAB_1ACD			* enter loop
                            	  2641: 
                            	  2642: * get vector, set up operator then continue evaluation
                            	  2643: 
                            	  2644: LAB_1B43						*
01:00082C46 41FA22E2        	  2645: 	LEA		LAB_OPPT,a0		* point to operator vector table
01:00082C4A 30301002        	  2646: 	MOVE.w	2(a0,d1.w),d0		* get vector offset
01:00082C4E 48700000        	  2647: 	PEA		(a0,d0.w)			* push vector
                            	  2648: 
01:00082C52 2F2B1ED8        	  2649: 	MOVE.l	FAC1_m(a3),-(sp)		* push FAC1 mantissa
01:00082C56 3F2B1EDC        	  2650: 	MOVE.w	FAC1_e(a3),-(sp)		* push sign and exponent
01:00082C5A 1F2B1F2B        	  2651: 	MOVE.b	comp_f(a3),-(sp)		* push comparison evaluation flag
                            	  2652: 
01:00082C5E 32301000        	  2653: 	MOVE.w	(a0,d1.w),d1		* get precedence value
                            	  2654: LAB_1ACD
01:00082C62 3F01            	  2655: 	MOVE.w	d1,-(sp)			* push precedence value
01:00082C64 610000E4        	  2656: 	BSR		LAB_GVAL			* get value from line
01:00082C68 177C00001F2B    	  2657: 	MOVE.b	#$00,comp_f(a3)		* clear compare function flag
                            	  2658: LAB_1ADB
01:00082C6E 6100012E        	  2659: 	BSR		LAB_GBYT			* scan memory
                            	  2660: LAB_1ADE
01:00082C72 903C00BC        	  2661: 	SUB.b		#TK_GT,d0			* subtract token for > (lowest compare function)
01:00082C76 652A            	  2662: 	BCS.s		LAB_1AFA			* branch if < TK_GT
                            	  2663: 
01:00082C78 B03C0003        	  2664: 	CMP.b		#$03,d0			* compare with ">" to "<" tokens
01:00082C7C 650A            	  2665: 	BCS.s		LAB_1AE0			* branch if <= TK_SGN (is compare function)
                            	  2666: 
01:00082C7E 4A2B1F2B        	  2667: 	TST.b		comp_f(a3)			* test compare function flag
01:00082C82 6660            	  2668: 	BNE.s		LAB_1B2A			* branch if compare function
                            	  2669: 
01:00082C84 60000086        	  2670: 	BRA		LAB_1B78			* go do functions
                            	  2671: 
                            	  2672: 							* was token for > = or < (d0 = 0, 1 or 2)
                            	  2673: LAB_1AE0
01:00082C88 7201            	  2674: 	MOVEQ		#1,d1				* set to 0000 0001
01:00082C8A E121            	  2675: 	ASL.b		d0,d1				* 1 if >, 2 if =, 4 if <
01:00082C8C 102B1F2B        	  2676: 	MOVE.b	comp_f(a3),d0		* copy old compare function flag
01:00082C90 B32B1F2B        	  2677: 	EOR.b		d1,comp_f(a3)		* EOR in this compare function bit
01:00082C94 B02B1F2B        	  2678: 	CMP.b		comp_f(a3),d0		* compare old with new compare function flag
01:00082C98 6400F4B6        	  2679: 	BCC		LAB_SNER			* if new <= old comp_f do syntax error and warm
                            	  2680: 							* start, there was more than one <, = or >
01:00082C9C 610000FE        	  2681: 	BSR		LAB_IGBY			* increment & scan memory
01:00082CA0 60D0            	  2682: 	BRA.s		LAB_1ADE			* go do next character
                            	  2683: 
                            	  2684: 							* token is < ">" or > "<" tokens
                            	  2685: LAB_1AFA
01:00082CA2 4A2B1F2B        	  2686: 	TST.b		comp_f(a3)			* test compare function flag
01:00082CA6 663C            	  2687: 	BNE.s		LAB_1B2A			* branch if compare function
                            	  2688: 
                            	  2689: 							* was < TK_GT so is operator or lower
01:00082CA8 D03C000A        	  2690: 	ADD.b	#(TK_GT-TK_PLUS),d0		* add # of operators (+ - * / ^ AND OR EOR)
01:00082CAC 645E            	  2691: 	BCC.s		LAB_1B78			* branch if < + operator
                            	  2692: 
01:00082CAE 6608            	  2693: 	BNE.s		LAB_1B0B			* branch if not + token
                            	  2694: 
01:00082CB0 4A2B1EFD        	  2695: 	TST.b		Dtypef(a3)			* test data type, $80=string, $40=integer,
                            	  2696: 							* $00=float
01:00082CB4 6B00087E        	  2697: 	BMI		LAB_224D			* type is string & token was +
                            	  2698: 
                            	  2699: LAB_1B0B
01:00082CB8 7200            	  2700: 	MOVEQ		#0,d1				* clear longword
01:00082CBA D000            	  2701: 	ADD.b		d0,d0				* *2
01:00082CBC D000            	  2702: 	ADD.b		d0,d0				* *4
01:00082CBE 1200            	  2703: 	MOVE.b	d0,d1				* copy to index
                            	  2704: LAB_1B13
01:00082CC0 301F            	  2705: 	MOVE.w	(sp)+,d0			* pull previous precedence
01:00082CC2 41FA2266        	  2706: 	LEA		LAB_OPPT,a0		* set pointer to operator table
01:00082CC6 B0701000        	  2707: 	CMP.w		(a0,d1.w),d0		* compare with this opperator precedence
01:00082CCA 6446            	  2708: 	BCC.s		LAB_1B7D			* branch if previous precedence (d0) >=
                            	  2709: 
01:00082CCC 6100FF58        	  2710: 	BSR		LAB_CTNM			* check if source is numeric, else type mismatch
                            	  2711: LAB_1B1C
01:00082CD0 3F00            	  2712: 	MOVE.w	d0,-(sp)			* save precedence
                            	  2713: LAB_1B1D
01:00082CD2 6100FF72        	  2714: 	BSR		LAB_1B43			* get vector, set-up operator and continue
                            	  2715: 							* evaluation
01:00082CD6 301F            	  2716: 	MOVE.w	(sp)+,d0			* restore precedence
01:00082CD8 222B1F20        	  2717: 	MOVE.l	prstk(a3),d1		* get stacked function pointer
01:00082CDC 6A22            	  2718: 	BPL.s		LAB_1B3C			* branch if stacked values
                            	  2719: 
01:00082CDE 3000            	  2720: 	MOVE.w	d0,d0				* copy precedence (set flags)
01:00082CE0 672E            	  2721: 	BEQ.s		LAB_1B7B			* exit if done
                            	  2722: 
01:00082CE2 603C            	  2723: 	BRA.s		LAB_1B86			* else pop FAC2 & return (do function)
                            	  2724: 
                            	  2725: 							* was compare function (< = >)
                            	  2726: LAB_1B2A
01:00082CE4 102B1EFD        	  2727: 	MOVE.b	Dtypef(a3),d0		* get data type flag
01:00082CE8 122B1F2B        	  2728: 	MOVE.b	comp_f(a3),d1		* get compare function flag
01:00082CEC D000            	  2729: 	ADD.b		d0,d0				* string bit flag into X bit
01:00082CEE D301            	  2730: 	ADDX.b	d1,d1				* shift compare function flag
                            	  2731: 
01:00082CF0 177C00001EFD    	  2732: 	MOVE.b	#0,Dtypef(a3)		* clear data type flag, $00=float
01:00082CF6 17411F2B        	  2733: 	MOVE.b	d1,comp_f(a3)		* save new compare function flag
01:00082CFA 534D            	  2734: 	SUBQ.w	#1,a5				* decrement BASIC execute pointer
01:00082CFC 7230            	  2735: 	MOVEQ		#(TK_LT-TK_PLUS)*4,d1	* set offset to last operator entry
01:00082CFE 60C0            	  2736: 	BRA.s		LAB_1B13			* branch always
                            	  2737: 
                            	  2738: LAB_1B3C
01:00082D00 41FA2228        	  2739: 	LEA		LAB_OPPT,a0		* point to function vector table
01:00082D04 B0701000        	  2740: 	CMP.w		(a0,d1.w),d0		* compare with this opperator precedence
01:00082D08 6416            	  2741: 	BCC.s		LAB_1B86			* branch if d0 >=, pop FAC2 & return
                            	  2742: 
01:00082D0A 60C4            	  2743: 	BRA.s		LAB_1B1C			* branch always
                            	  2744: 
                            	  2745: * do functions
                            	  2746: 
                            	  2747: LAB_1B78
01:00082D0C 72FF            	  2748: 	MOVEQ		#-1,d1			* flag all done
01:00082D0E 301F            	  2749: 	MOVE.w	(sp)+,d0			* pull precedence word
                            	  2750: LAB_1B7B
01:00082D10 6732            	  2751: 	BEQ.s		LAB_1B9D			* exit if done
                            	  2752: 
                            	  2753: LAB_1B7D
01:00082D12 B07C0064        	  2754: 	CMP.w		#$64,d0			* compare previous precedence with $64
01:00082D16 6704            	  2755: 	BEQ.s		LAB_1B84			* branch if was $64 (< function can be string)
                            	  2756: 
01:00082D18 6100FF0C        	  2757: 	BSR		LAB_CTNM			* check if source is numeric, else type mismatch
                            	  2758: LAB_1B84
01:00082D1C 27411F20        	  2759: 	MOVE.l	d1,prstk(a3)		* save current operator index
                            	  2760: 
                            	  2761: 							* pop FAC2 & return
                            	  2762: LAB_1B86
01:00082D20 101F            	  2763: 	MOVE.b	(sp)+,d0			* pop comparison evaluation flag
01:00082D22 1200            	  2764: 	MOVE.b	d0,d1				* copy comparison evaluation flag
01:00082D24 E208            	  2765: 	LSR.b		#1,d0				* shift out comparison evaluation lowest bit
01:00082D26 17401F29        	  2766: 	MOVE.b	d0,Cflag(a3)		* save comparison evaluation flag
01:00082D2A 375F1EE4        	  2767: 	MOVE.w	(sp)+,FAC2_e(a3)		* pop exponent and sign
01:00082D2E 275F1EE0        	  2768: 	MOVE.l	(sp)+,FAC2_m(a3)		* pop mantissa
01:00082D32 176B1EE51EE6    	  2769: 	MOVE.b	FAC2_s(a3),FAC_sc(a3)	* copy FAC2 sign
01:00082D38 102B1EDD        	  2770: 	MOVE.b	FAC1_s(a3),d0		* get FAC1 sign
01:00082D3C B12B1EE6        	  2771: 	EOR.b		d0,FAC_sc(a3)		* EOR FAC1 sign and set sign compare
                            	  2772: 
01:00082D40 E209            	  2773: 	LSR.b		#1,d1				* type bit into X and C
01:00082D42 4E75            	  2774: 	RTS
                            	  2775: 
                            	  2776: LAB_1B9D
01:00082D44 102B1EDC        	  2777: 	MOVE.b	FAC1_e(a3),d0		* get FAC1 exponent
01:00082D48 4E75            	  2778: 	RTS
                            	  2779: 
                            	  2780: 
                            	  2781: *************************************************************************************
                            	  2782: *
                            	  2783: * get a value from the BASIC line
                            	  2784: 
                            	  2785: LAB_GVAL
01:00082D4A 6150            	  2786: 	BSR.s		LAB_IGBY			* increment & scan memory
01:00082D4C 65001B64        	  2787: 	BCS		LAB_2887			* if numeric get FAC1 from string & return
                            	  2788: 
01:00082D50 4A00            	  2789: 	TST.b		d0				* test byte
01:00082D52 6B00008C        	  2790: 	BMI		LAB_1BD0			* if -ve go test token values
                            	  2791: 
                            	  2792: 							* else it is either a string, number, variable
                            	  2793: 							* or (<expr>)
01:00082D56 B03C0024        	  2794: 	CMP.b		#'$',d0			* compare with "$"
01:00082D5A 67001B56        	  2795: 	BEQ		LAB_2887			* if "$" get hex number from string & return
                            	  2796: 
01:00082D5E B03C0025        	  2797: 	CMP.b		#'%',d0			* else compare with "%"
01:00082D62 67001B4E        	  2798: 	BEQ		LAB_2887			* if "%" get binary number from string & return
                            	  2799: 
01:00082D66 B03C002E        	  2800: 	CMP.b		#$2E,d0			* compare with "."
01:00082D6A 67001B46        	  2801: 	BEQ		LAB_2887			* if so get FAC1 from string and return
                            	  2802: 							* (e.g. .123)
                            	  2803: 
                            	  2804: 							* wasn't a number so ...
01:00082D6E B03C0022        	  2805: 	CMP.b		#$22,d0			* compare with "
01:00082D72 660C            	  2806: 	BNE.s		LAB_1BF3			* if not open quote it must be a variable or
                            	  2807: 							* open bracket
                            	  2808: 
                            	  2809: 							* was open quote so get the enclosed string
                            	  2810: 
                            	  2811: * print "..." string to string stack
                            	  2812: 
                            	  2813: LAB_1BC1
01:00082D74 101D            	  2814: 	MOVE.b	(a5)+,d0			* increment BASIC execute pointer (past ")
                            	  2815: 							* fastest/shortest method
01:00082D76 204D            	  2816: 	MOVEA.l	a5,a0				* copy basic execute pointer (string start)
01:00082D78 61000642        	  2817: 	BSR		LAB_20AE			* print " terminated string to stack
01:00082D7C 2A4A            	  2818: 	MOVEA.l	a2,a5				* restore BASIC execute pointer from temp
01:00082D7E 4E75            	  2819: 	RTS
                            	  2820: 
                            	  2821: * get value from line .. continued
                            	  2822: 							* wasn't any sort of number so ...
                            	  2823: LAB_1BF3
01:00082D80 B03C0028        	  2824: 	CMP.b		#'(',d0			* compare with "("
01:00082D84 6640            	  2825: 	BNE.s		LAB_1C18			* if not "(" get (var) and return value in FAC1
                            	  2826: 							* and $ flag
                            	  2827: 
                            	  2828: 
                            	  2829: *************************************************************************************
                            	  2830: *
                            	  2831: * evaluate expression within parentheses
                            	  2832: 
                            	  2833: LAB_1BF7
01:00082D86 6100FEB6        	  2834: 	BSR		LAB_EVEZ			* evaluate expression (no decrement)
                            	  2835: 
                            	  2836: 
                            	  2837: *************************************************************************************
                            	  2838: *
                            	  2839: * all the 'scan for' routines return the character after the sought character
                            	  2840: 
                            	  2841: * scan for ")", else do syntax error, then warm start
                            	  2842: 
                            	  2843: LAB_1BFB
01:00082D8A 7029            	  2844: 	MOVEQ		#$29,d0			* load d0 with ")"
01:00082D8C 6006            	  2845: 	BRA.s		LAB_SCCA
                            	  2846: 
                            	  2847: 
                            	  2848: *************************************************************************************
                            	  2849: *
                            	  2850: * scan for "," and get byte, else do Syntax error then warm start
                            	  2851: 
                            	  2852: LAB_SCGB
01:00082D8E 487A0978        	  2853: 	PEA		LAB_GTBY		* return address is to get byte parameter
                            	  2854: 
                            	  2855: 
                            	  2856: *************************************************************************************
                            	  2857: *
                            	  2858: * scan for ",", else do syntax error, then warm start
                            	  2859: 
                            	  2860: LAB_1C01
01:00082D92 702C            	  2861: 	MOVEQ		#$2C,d0			* load d0 with ","
                            	  2862: 
                            	  2863: 
                            	  2864: *************************************************************************************
                            	  2865: *
                            	  2866: * scan for CHR$(d0) , else do syntax error, then warm start
                            	  2867: 
                            	  2868: LAB_SCCA
01:00082D94 B01D            	  2869: 	CMP.b		(a5)+,d0			* check next byte is = d0
01:00082D96 6706            	  2870: 	BEQ.s		LAB_GBYT			* if so go get next
                            	  2871: 
01:00082D98 6000F3B6        	  2872: 	BRA		LAB_SNER			* else do syntax error/warm start
                            	  2873: 
                            	  2874: 
                            	  2875: *************************************************************************************
                            	  2876: *
                            	  2877: * BASIC increment and scan memory routine
                            	  2878: 
                            	  2879: LAB_IGBY
01:00082D9C 101D            	  2880: 	MOVE.b	(a5)+,d0			* get byte & increment pointer
                            	  2881: 
                            	  2882: * scan memory routine, exit with Cb = 1 if numeric character
                            	  2883: * also skips any spaces encountered
                            	  2884: 
                            	  2885: LAB_GBYT
01:00082D9E 1015            	  2886: 	MOVE.b	(a5),d0			* get byte
                            	  2887: 
01:00082DA0 B03C0020        	  2888: 	CMP.b		#$20,d0			* compare with " "
01:00082DA4 67F6            	  2889: 	BEQ.s		LAB_IGBY			* if " " go do next
                            	  2890: 
                            	  2891: * test current BASIC byte, exit with Cb = 1 if numeric character
                            	  2892: 
01:00082DA6 B03C00A9        	  2893: 	CMP.b		#TK_ELSE,d0			* compare with the token for ELSE
01:00082DAA 640C            	  2894: 	BCC.s		RTS_001			* exit if >= (not numeric, carry clear)
                            	  2895: 
01:00082DAC B03C003A        	  2896: 	CMP.b		#$3A,d0			* compare with ":"
01:00082DB0 6406            	  2897: 	BCC.s		RTS_001			* exit if >= (not numeric, carry clear)
                            	  2898: 
01:00082DB2 7CD0            	  2899: 	MOVEQ		#$D0,d6			* set -"0"
01:00082DB4 D006            	  2900: 	ADD.b		d6,d0				* add -"0"
01:00082DB6 9006            	  2901: 	SUB.b		d6,d0				* subtract -"0"
                            	  2902: RTS_001						* carry set if byte = "0"-"9"
01:00082DB8 4E75            	  2903: 	RTS
                            	  2904: 
                            	  2905: 
                            	  2906: *************************************************************************************
                            	  2907: *
                            	  2908: * set-up for - operator
                            	  2909: 
                            	  2910: LAB_1C11
01:00082DBA 6100FE6A        	  2911: 	BSR		LAB_CTNM			* check if source is numeric, else type mismatch
01:00082DBE 7228            	  2912: 	MOVEQ	#(TK_GT-TK_PLUS)*4,d1		* set offset from base to - operator
                            	  2913: LAB_1C13
01:00082DC0 588F            	  2914: 	LEA		4(sp),sp			* dump GVAL return address
01:00082DC2 6000FF0E        	  2915: 	BRA		LAB_1B1D			* continue evaluating expression
                            	  2916: 
                            	  2917: 
                            	  2918: *************************************************************************************
                            	  2919: *
                            	  2920: * variable name set-up
                            	  2921: * get (var), return value in FAC_1 & data type flag
                            	  2922: 
                            	  2923: LAB_1C18
01:00082DC6 610001E2        	  2924: 	BSR		LAB_GVAR			* get variable address in a0
                            	  2925: 
                            	  2926: * if you want a non existant variable to return a null value then set the novar
                            	  2927: * value at the top of this file to some non zero value
                            	  2928: 
                            	  2929:  ifne	novar
                            	  2930: 
                            	  2931: 	BNE.s		LAB_1C19			* if it exists return it
                            	  2932: 
                            	  2933: 	LEA.l		LAB_1D96,a0		* else return a null descriptor/pointer
                            	  2934: 
                            	  2935:  endc
                            	  2936: 
                            	  2937: * return existing variable value
                            	  2938: 
                            	  2939: LAB_1C19
01:00082DCA 4A2B1EFD        	  2940: 	TST.b		Dtypef(a3)			* test data type, $80=string, $40=integer,
                            	  2941: 							* $00=float
01:00082DCE 67000D98        	  2942: 	BEQ		LAB_UFAC			* if float unpack memory (a0) into FAC1 and
                            	  2943: 							* return
                            	  2944: 
01:00082DD2 6A06            	  2945: 	BPL.s		LAB_1C1A			* if integer unpack memory (a0) into FAC1
                            	  2946: 							* and return
                            	  2947: 
01:00082DD4 27481ED8        	  2948: 	MOVE.l	a0,FAC1_m(a3)		* else save descriptor pointer in FAC1
01:00082DD8 4E75            	  2949: 	RTS
                            	  2950: 
                            	  2951: LAB_1C1A
01:00082DDA 2010            	  2952: 	MOVE.l	(a0),d0			* get integer value
01:00082DDC 600004C8        	  2953: 	BRA		LAB_AYFC			* convert d0 to signed longword in FAC1 & return
                            	  2954: 
                            	  2955: 
                            	  2956: *************************************************************************************
                            	  2957: *
                            	  2958: * get value from line .. continued
                            	  2959: * do tokens
                            	  2960: 
                            	  2961: LAB_1BD0
01:00082DE0 B03C00B3        	  2962: 	CMP.b		#TK_MINUS,d0		* compare with token for -
01:00082DE4 67D4            	  2963: 	BEQ.s		LAB_1C11			* branch if - token (do set-up for - operator)
                            	  2964: 
                            	  2965: 							* wasn't -123 so ...
01:00082DE6 B03C00B2        	  2966: 	CMP.b		#TK_PLUS,d0			* compare with token for +
01:00082DEA 6700FF5E        	  2967: 	BEQ		LAB_GVAL			* branch if + token (+n = n so ignore leading +)
                            	  2968: 
01:00082DEE B03C00AE        	  2969: 	CMP.b		#TK_NOT,d0			* compare with token for NOT
01:00082DF2 6606            	  2970: 	BNE.s		LAB_1BE7			* branch if not token for NOT
                            	  2971: 
                            	  2972: 							* was NOT token
01:00082DF4 323C002C        	  2973: 	MOVE.w	#(TK_EQUAL-TK_PLUS)*4,d1	* offset to NOT function
01:00082DF8 60C6            	  2974: 	BRA.s		LAB_1C13			* do set-up for function then execute
                            	  2975: 
                            	  2976: 							* wasn't +, - or NOT so ...
                            	  2977: LAB_1BE7
01:00082DFA B03C00AB        	  2978: 	CMP.b		#TK_FN,d0			* compare with token for FN
01:00082DFE 67000520        	  2979: 	BEQ		LAB_201E			* if FN go evaluate FNx
                            	  2980: 
                            	  2981: 							* wasn't +, -, NOT or FN so ...
01:00082E02 903C00BF        	  2982: 	SUB.b		#TK_SGN,d0			* compare with token for SGN & normalise
01:00082E06 6500F348        	  2983: 	BCS		LAB_SNER			* if < SGN token then do syntax error
                            	  2984: 
                            	  2985: * get value from line .. continued
                            	  2986: * only functions left so set up function references
                            	  2987: 
                            	  2988: * new for V2.0+ this replaces a lot of IF .. THEN .. ELSEIF .. THEN .. that was needed
                            	  2989: * to process function calls. now the function vector is computed and pushed on the stack
                            	  2990: * and the preprocess offset is read. if the preprocess offset is non zero then the vector
                            	  2991: * is calculated and the routine called, if not this routine just does RTS. whichever
                            	  2992: * happens the RTS at the end of this routine, or the preprocess routine calls, the
                            	  2993: * function code
                            	  2994: 
                            	  2995: * this also removes some less than elegant code that was used to bypass type checking
                            	  2996: * for functions that returned strings
                            	  2997: 
01:00082E0A C07C007F        	  2998: 	AND.w		#$7F,d0			* mask byte
01:00082E0E D040            	  2999: 	ADD.w		d0,d0				* *2 (2 bytes per function offset)
                            	  3000: 
01:00082E10 41FA20CC        	  3001: 	LEA		LAB_FTBL,a0		* pointer to functions vector table
01:00082E14 32300000        	  3002: 	MOVE.w	(a0,d0.w),d1		* get function vector offset
01:00082E18 48701000        	  3003: 	PEA		(a0,d1.w)			* push function vector
                            	  3004: 
01:00082E1C 41FA2074        	  3005: 	LEA		LAB_FTPP,a0		* pointer to functions preprocess vector table
01:00082E20 30300000        	  3006: 	MOVE.w	(a0,d0.w),d0		* get function preprocess vector offset
01:00082E24 6712            	  3007: 	BEQ.s		LAB_1C2A			* no preprocess vector so go do function
                            	  3008: 
01:00082E26 41F00000        	  3009: 	LEA		(a0,d0.w),a0		* get function preprocess vector
01:00082E2A 4ED0            	  3010: 	JMP		(a0)				* go do preprocess routine then function
                            	  3011: 
                            	  3012: 
                            	  3013: *************************************************************************************
                            	  3014: *
                            	  3015: * process string expression in parenthesis
                            	  3016: 
                            	  3017: LAB_PPFS
01:00082E2C 6100FF58        	  3018: 	BSR		LAB_1BF7			* process expression in parenthesis
01:00082E30 4A2B1EFD        	  3019: 	TST.b		Dtypef(a3)			* test data type
01:00082E34 6A00F2EE        	  3020: 	BPL		LAB_TMER			* if numeric do Type missmatch Error/warm start
                            	  3021: 
                            	  3022: LAB_1C2A
01:00082E38 4E75            	  3023: 	RTS						* else do function
                            	  3024: 
                            	  3025: 
                            	  3026: *************************************************************************************
                            	  3027: *
                            	  3028: * process numeric expression in parenthesis
                            	  3029: 
                            	  3030: LAB_PPFN
01:00082E3A 6100FF4A        	  3031: 	BSR		LAB_1BF7			* process expression in parenthesis
01:00082E3E 4A2B1EFD        	  3032: 	TST.b		Dtypef(a3)			* test data type
01:00082E42 6B00F2E0        	  3033: 	BMI		LAB_TMER			* if string do Type missmatch Error/warm start
                            	  3034: 
01:00082E46 4E75            	  3035: 	RTS						* else do function
                            	  3036: 
                            	  3037: 
                            	  3038: *************************************************************************************
                            	  3039: *
                            	  3040: * set numeric data type and increment BASIC execute pointer
                            	  3041: 
                            	  3042: LAB_PPBI
01:00082E48 177C00001EFD    	  3043: 	MOVE.b	#$00,Dtypef(a3)		* clear data type flag, $00=float
01:00082E4E 101D            	  3044: 	MOVE.b	(a5)+,d0			* get next BASIC byte
01:00082E50 4E75            	  3045: 	RTS						* do function
                            	  3046: 
                            	  3047: 
                            	  3048: *************************************************************************************
                            	  3049: *
                            	  3050: * process string for LEFT$, RIGHT$ or MID$
                            	  3051: 
                            	  3052: LAB_LRMS
01:00082E52 6100FDEA        	  3053: 	BSR		LAB_EVEZ			* evaluate (should be string) expression
01:00082E56 4A2B1EFD        	  3054: 	TST.b		Dtypef(a3)			* test data type flag
01:00082E5A 6A00F2C8        	  3055: 	BPL		LAB_TMER			* if type is not string do type mismatch error
                            	  3056: 
01:00082E5E 141D            	  3057: 	MOVE.b	(a5)+,d2			* get BASIC byte
01:00082E60 B43C002C        	  3058: 	CMP.b		#',',d2			* compare with comma
01:00082E64 6600F2EA        	  3059: 	BNE		LAB_SNER			* if not "," go do syntax error/warm start
                            	  3060: 
01:00082E68 2F2B1ED8        	  3061: 	MOVE.l	FAC1_m(a3),-(sp)		* save descriptor pointer
01:00082E6C 610008AE        	  3062: 	BSR		LAB_GTWO			* get word parameter, result in d0 and Itemp
01:00082E70 205F            	  3063: 	MOVEA.l	(sp)+,a0			* restore descriptor pointer
01:00082E72 4E75            	  3064: 	RTS						* do function
                            	  3065: 
                            	  3066: 
                            	  3067: *************************************************************************************
                            	  3068: *
                            	  3069: * process numeric expression(s) for BIN$ or HEX$
                            	  3070: 
                            	  3071: LAB_BHSS
01:00082E74 6100FDC8        	  3072: 	BSR		LAB_EVEZ			* evaluate expression (no decrement)
01:00082E78 4A2B1EFD        	  3073: 	TST.b		Dtypef(a3)			* test data type
01:00082E7C 6B00F2A6        	  3074: 	BMI		LAB_TMER			* if string do Type missmatch Error/warm start
                            	  3075: 
01:00082E80 61000DD8        	  3076: 	BSR		LAB_2831			* convert FAC1 floating to fixed
                            	  3077: 							* result in d0 and Itemp
01:00082E84 7200            	  3078: 	MOVEQ		#0,d1				* set default to no leading "0"s
01:00082E86 141D            	  3079: 	MOVE.b	(a5)+,d2			* get BASIC byte
01:00082E88 B43C002C        	  3080: 	CMP.b		#',',d2			* compare with comma
01:00082E8C 660C            	  3081: 	BNE.s		LAB_BHCB			* if not "," go check close bracket
                            	  3082: 
01:00082E8E 2F00            	  3083: 	MOVE.l	d0,-(sp)			* copy number to stack
01:00082E90 61000876        	  3084: 	BSR		LAB_GTBY			* get byte value
01:00082E94 2200            	  3085: 	MOVE.l	d0,d1				* copy leading 0s #
01:00082E96 201F            	  3086: 	MOVE.l	(sp)+,d0			* restore number from stack
01:00082E98 141D            	  3087: 	MOVE.b	(a5)+,d2			* get BASIC byte
                            	  3088: LAB_BHCB
01:00082E9A B43C0029        	  3089: 	CMP.b		#')',d2			* compare with close bracket
01:00082E9E 6600F2B0        	  3090: 	BNE		LAB_SNER			* if not ")" do Syntax Error/warm start
                            	  3091: 
01:00082EA2 4E75            	  3092: 	RTS						* go do function
                            	  3093: 
                            	  3094: 
                            	  3095: *************************************************************************************
                            	  3096: *
                            	  3097: * perform EOR
                            	  3098: 
                            	  3099: LAB_EOR
01:00082EA4 6116            	  3100: 	BSR.s		GetFirst			* get two values for OR, AND or EOR
                            	  3101: 							* first in d0, and Itemp, second in d2
01:00082EA6 B580            	  3102: 	EOR.l		d2,d0				* EOR values
01:00082EA8 600003FC        	  3103: 	BRA		LAB_AYFC			* convert d0 to signed longword in FAC1 & RET
                            	  3104: 
                            	  3105: 
                            	  3106: *************************************************************************************
                            	  3107: *
                            	  3108: * perform OR
                            	  3109: 
                            	  3110: LAB_OR
01:00082EAC 610E            	  3111: 	BSR.s		GetFirst			* get two values for OR, AND or EOR
                            	  3112: 							* first in d0, and Itemp, second in d2
01:00082EAE 8082            	  3113: 	OR.l		d2,d0				* do OR
01:00082EB0 600003F4        	  3114: 	BRA		LAB_AYFC			* convert d0 to signed longword in FAC1 & RET
                            	  3115: 
                            	  3116: 
                            	  3117: *************************************************************************************
                            	  3118: *
                            	  3119: * perform AND
                            	  3120: 
                            	  3121: LAB_AND
01:00082EB4 6106            	  3122: 	BSR.s		GetFirst			* get two values for OR, AND or EOR
                            	  3123: 							* first in d0, and Itemp, second in d2
01:00082EB6 C082            	  3124: 	AND.l		d2,d0				* do AND
01:00082EB8 600003EC        	  3125: 	BRA		LAB_AYFC			* convert d0 to signed longword in FAC1 & RET
                            	  3126: 
                            	  3127: 
                            	  3128: *************************************************************************************
                            	  3129: *
                            	  3130: * get two values for OR, AND, EOR
                            	  3131: * first in d0, second in d2
                            	  3132: 
                            	  3133: GetFirst
01:00082EBC 61000234        	  3134: 	BSR		LAB_EVIR			* evaluate integer expression (no sign check)
                            	  3135: 							* result in d0 and Itemp
01:00082EC0 2400            	  3136: 	MOVE.l	d0,d2				* copy second value
01:00082EC2 61000CFE        	  3137: 	BSR		LAB_279B			* copy FAC2 to FAC1, get first value in
                            	  3138: 							* expression
01:00082EC6 6000022A        	  3139: 	BRA		LAB_EVIR			* evaluate integer expression (no sign check)
                            	  3140: 							* result in d0 and Itemp & return
                            	  3141: 
                            	  3142: 
                            	  3143: *************************************************************************************
                            	  3144: *
                            	  3145: * perform NOT
                            	  3146: 
                            	  3147: LAB_EQUAL
01:00082ECA 61000226        	  3148: 	BSR		LAB_EVIR			* evaluate integer expression (no sign check)
                            	  3149: 							* result in d0 and Itemp
01:00082ECE 4680            	  3150: 	NOT.l		d0				* bitwise invert
01:00082ED0 600003D4        	  3151: 	BRA		LAB_AYFC			* convert d0 to signed longword in FAC1 & RET
                            	  3152: 
                            	  3153: 
                            	  3154: *************************************************************************************
                            	  3155: *
                            	  3156: * perform comparisons
                            	  3157: * do < compare
                            	  3158: 
                            	  3159: LAB_LTHAN
01:00082ED4 6100FD52        	  3160: 	BSR		LAB_CKTM			* type match check, set C for string
01:00082ED8 6506            	  3161: 	BCS.s		LAB_1CAE			* branch if string
                            	  3162: 
                            	  3163: 							* do numeric < compare
01:00082EDA 61000D52        	  3164: 	BSR		LAB_27FA			* compare FAC1 with FAC2
                            	  3165: 							* returns d0=+1 if FAC1 > FAC2
                            	  3166: 							* returns d0= 0 if FAC1 = FAC2
                            	  3167: 							* returns d0=-1 if FAC1 < FAC2
01:00082EDE 6042            	  3168: 	BRA.s		LAB_1CF2			* process result
                            	  3169: 
                            	  3170: 							* do string < compare
                            	  3171: LAB_1CAE
01:00082EE0 177C00001EFD    	  3172: 	MOVE.b	#$00,Dtypef(a3)		* clear data type, $80=string, $40=integer,
                            	  3173: 							* $00=float
01:00082EE6 610006C0        	  3174: 	BSR		LAB_22B6			* pop string off descriptor stack, or from top
                            	  3175: 							* of string space returns d0 = length,
                            	  3176: 							* a0 = pointer
01:00082EEA 2248            	  3177: 	MOVEA.l	a0,a1				* copy string 2 pointer
01:00082EEC 2200            	  3178: 	MOVE.l	d0,d1				* copy string 2 length
01:00082EEE 206B1EE0        	  3179: 	MOVEA.l	FAC2_m(a3),a0		* get string 1 descriptor pointer
01:00082EF2 610006B8        	  3180: 	BSR		LAB_22BA			* pop (a0) descriptor, returns with ..
                            	  3181: 							* d0 = length, a0 = pointer
01:00082EF6 2400            	  3182: 	MOVE.l	d0,d2				* copy length
01:00082EF8 6604            	  3183: 	BNE.s		LAB_1CB5			* branch if not null string
                            	  3184: 
01:00082EFA 4A81            	  3185: 	TST.l		d1				* test if string 2 is null also
01:00082EFC 6724            	  3186: 	BEQ.s		LAB_1CF2			* if so do string 1 = string 2
                            	  3187: 
                            	  3188: LAB_1CB5
01:00082EFE 9481            	  3189: 	SUB.l		d1,d2				* subtract string 2 length
01:00082F00 670C            	  3190: 	BEQ.s		LAB_1CD5			* branch if strings = length
                            	  3191: 
01:00082F02 6504            	  3192: 	BCS.s		LAB_1CD4			* branch if string 1 < string 2
                            	  3193: 
01:00082F04 70FF            	  3194: 	MOVEQ		#-1,d0			* set for string 1 > string 2
01:00082F06 6008            	  3195: 	BRA.s		LAB_1CD6			* go do character comapare
                            	  3196: 
                            	  3197: LAB_1CD4
01:00082F08 2200            	  3198: 	MOVE.l	d0,d1				* string 1 length is compare length
01:00082F0A 7001            	  3199: 	MOVEQ		#1,d0				* and set for string 1 < string 2
01:00082F0C 6002            	  3200: 	BRA.s		LAB_1CD6			* go do character comapare
                            	  3201: 
                            	  3202: LAB_1CD5
01:00082F0E 2002            	  3203: 	MOVE.l	d2,d0				* set for string 1 = string 2
                            	  3204: LAB_1CD6
01:00082F10 5381            	  3205: 	SUBQ.l	#1,d1				* adjust length for DBcc loop
                            	  3206: 
                            	  3207: 							* d1 is length to compare, d0 is <=> for length
                            	  3208: 							* a0 is string 1 pointer, a1 is string 2 pointer
                            	  3209: LAB_1CE6
01:00082F12 B308            	  3210: 	CMPM.b	(a0)+,(a1)+			* compare string bytes (1 with 2)
01:00082F14 56C9FFFC        	  3211: 	DBNE		d1,LAB_1CE6			* loop if same and not end yet
                            	  3212: 
01:00082F18 6708            	  3213: 	BEQ.s		LAB_1CF2			* if = to here, then go use length compare
                            	  3214: 
01:00082F1A 6404            	  3215: 	BCC.s		LAB_1CDB			* else branch if string 1 > string 2
                            	  3216: 
01:00082F1C 70FF            	  3217: 	MOVEQ		#-1,d0			* else set for string 1 < string 2
01:00082F1E 6002            	  3218: 	BRA.s		LAB_1CF2			* go set result
                            	  3219: 
                            	  3220: LAB_1CDB
01:00082F20 7001            	  3221: 	MOVEQ		#1,d0				* and set for string 1 > string 2
                            	  3222: 
                            	  3223: LAB_1CF2
01:00082F22 5200            	  3224: 	ADDQ.b	#1,d0				* make result 0, 1 or 2
01:00082F24 1200            	  3225: 	MOVE.b	d0,d1				* copy to d1
01:00082F26 7001            	  3226: 	MOVEQ		#1,d0				* set d0 longword
01:00082F28 E338            	  3227: 	ROL.b		d1,d0				* make 1, 2 or 4 (result = flag bit)
01:00082F2A C02B1F29        	  3228: 	AND.b		Cflag(a3),d0		* AND with comparison evaluation flag
01:00082F2E 67000CE6        	  3229: 	BEQ		LAB_27DB			* exit if not a wanted result (i.e. false)
                            	  3230: 
01:00082F32 70FF            	  3231: 	MOVEQ		#-1,d0			* else set -1 (true)
01:00082F34 60000CE0        	  3232: 	BRA		LAB_27DB			* save d0 as integer & return
                            	  3233: 
                            	  3234: 
                            	  3235: LAB_1CFE
01:00082F38 6100FE58        	  3236: 	BSR		LAB_1C01			* scan for ",", else do syntax error/warm start
                            	  3237: 
                            	  3238: 
                            	  3239: *************************************************************************************
                            	  3240: *
                            	  3241: * perform DIM
                            	  3242: 
                            	  3243: LAB_DIM
01:00082F3C 72FF            	  3244: 	MOVEQ		#-1,d1			* set "DIM" flag
01:00082F3E 6170            	  3245: 	BSR.s		LAB_1D10			* search for or dimension a variable
01:00082F40 6100FE5C        	  3246: 	BSR		LAB_GBYT			* scan memory
01:00082F44 66F2            	  3247: 	BNE.s		LAB_1CFE			* loop and scan for "," if not null
                            	  3248: 
01:00082F46 4E75            	  3249: 	RTS
                            	  3250: 
                            	  3251: 
                            	  3252: *************************************************************************************
                            	  3253: *
                            	  3254: * perform << (left shift)
                            	  3255: 
                            	  3256: LAB_LSHIFT
01:00082F48 612E            	  3257: 	BSR.s		GetPair			* get an integer and byte pair
                            	  3258: 							* byte is in d2, integer is in d0 and Itemp
01:00082F4A 6708            	  3259: 	BEQ.s		NoShift			* branch if byte zero
                            	  3260: 
01:00082F4C B43C0020        	  3261: 	CMP.b		#$20,d2			* compare bit count with 32d
01:00082F50 6420            	  3262: 	BCC.s		TooBig			* branch if >=
                            	  3263: 
01:00082F52 E5A0            	  3264: 	ASL.l		d2,d0				* shift longword
                            	  3265: NoShift
01:00082F54 60000350        	  3266: 	BRA		LAB_AYFC			* convert d0 to signed longword in FAC1 & RET
                            	  3267: 
                            	  3268: 
                            	  3269: *************************************************************************************
                            	  3270: *
                            	  3271: * perform >> (right shift)
                            	  3272: 
                            	  3273: LAB_RSHIFT
01:00082F58 611E            	  3274: 	BSR.s		GetPair			* get an integer and byte pair
                            	  3275: 							* byte is in d2, integer is in d0 and Itemp
01:00082F5A 67F8            	  3276: 	BEQ.s		NoShift			* branch if byte zero
                            	  3277: 
01:00082F5C B43C0020        	  3278: 	CMP.b		#$20,d2			* compare bit count with 32d
01:00082F60 650A            	  3279: 	BCS.s		Not2Big			* branch if >= (return shift)
                            	  3280: 
01:00082F62 4A80            	  3281: 	TST.l		d0				* test sign bit
01:00082F64 6A0C            	  3282: 	BPL.s		TooBig			* branch if +ve
                            	  3283: 
01:00082F66 70FF            	  3284: 	MOVEQ		#-1,d0			* set longword
01:00082F68 6000033C        	  3285: 	BRA		LAB_AYFC			* convert d0 to longword in FAC1 & RET
                            	  3286: 
                            	  3287: Not2Big
01:00082F6C E4A0            	  3288: 	ASR.l		d2,d0				* shift longword
01:00082F6E 60000336        	  3289: 	BRA		LAB_AYFC			* convert d0 to longword in FAC1 & RET
                            	  3290: 
                            	  3291: TooBig
01:00082F72 7000            	  3292: 	MOVEQ		#0,d0				* clear longword
01:00082F74 60000330        	  3293: 	BRA		LAB_AYFC			* convert d0 to longword in FAC1 & RET
                            	  3294: 
                            	  3295: 
                            	  3296: *************************************************************************************
                            	  3297: *
                            	  3298: * get an integer and byte pair
                            	  3299: * byte is in d2, integer is in d0 and Itemp
                            	  3300: 
                            	  3301: GetPair
01:00082F78 61000792        	  3302: 	BSR		LAB_EVBY			* evaluate byte expression, result in d0 and
                            	  3303: 							* Itemp
01:00082F7C 1400            	  3304: 	MOVE.b	d0,d2				* save it
01:00082F7E 61000C42        	  3305: 	BSR		LAB_279B			* copy FAC2 to FAC1, get first value in
                            	  3306: 							* expression
01:00082F82 6100016E        	  3307: 	BSR		LAB_EVIR			* evaluate integer expression (no sign check)
                            	  3308: 							* result in d0 and Itemp
01:00082F86 4A02            	  3309: 	TST.b		d2				* test byte value
01:00082F88 4E75            	  3310: 	RTS
                            	  3311: 
                            	  3312: 
                            	  3313: *************************************************************************************
                            	  3314: *
                            	  3315: * check alpha, return C=0 if<"A" or >"Z" or <"a" to "z">
                            	  3316: 
                            	  3317: LAB_CASC
01:00082F8A B03C0061        	  3318: 	CMP.b		#$61,d0			* compare with "a"
01:00082F8E 6410            	  3319: 	BCC.s		LAB_1D83			* if >="a" go check =<"z"
                            	  3320: 
                            	  3321: 
                            	  3322: *************************************************************************************
                            	  3323: *
                            	  3324: * check alpha upper case, return C=0 if<"A" or >"Z"
                            	  3325: 
                            	  3326: LAB_CAUC
01:00082F90 B03C0041        	  3327: 	CMP.b		#$41,d0			* compare with "A"
01:00082F94 6404            	  3328: 	BCC.s		LAB_1D8A			* if >="A" go check =<"Z"
                            	  3329: 
01:00082F96 8040            	  3330: 	OR		d0,d0				* make C=0
01:00082F98 4E75            	  3331: 	RTS
                            	  3332: 
                            	  3333: LAB_1D8A
01:00082F9A B03C005B        	  3334: 	CMP.b		#$5B,d0			* compare with "Z"+1
                            	  3335: 							* carry set if byte<="Z"
01:00082F9E 4E75            	  3336: 	RTS
                            	  3337: 
                            	  3338: LAB_1D83
01:00082FA0 B03C007B        	  3339: 	CMP.b		#$7B,d0			* compare with "z"+1
                            	  3340: 							* carry set if byte<="z"
01:00082FA4 4E75            	  3341: 	RTS
                            	  3342: 
                            	  3343: 
                            	  3344: *************************************************************************************
                            	  3345: *
                            	  3346: * search for or create variable. this is used to automatically create a variable if
                            	  3347: * it is not found. any routines that need to create the variable call LAB_GVAR via
                            	  3348: * this point and error generation is supressed and the variable will be created
                            	  3349: *
                            	  3350: * return pointer to variable in Cvaral and a0
                            	  3351: * set data type to variable type
                            	  3352: 
                            	  3353: LAB_SVAR
01:00082FA6 6102            	  3354: 	BSR.s		LAB_GVAR			* search for variable
                            	  3355: LAB_FVAR
01:00082FA8 4E75            	  3356: 	RTS
                            	  3357: 
                            	  3358: 
                            	  3359: *************************************************************************************
                            	  3360: *
                            	  3361: * search for variable. if this routine is called from anywhere but the above call and
                            	  3362: * the variable searched for does not exist then an error will be returned
                            	  3363: *
                            	  3364: * DIM flag is in d1.b
                            	  3365: * return pointer to variable in Cvaral and a0
                            	  3366: * set data type to variable type
                            	  3367: 
                            	  3368: LAB_GVAR
01:00082FAA 7200            	  3369: 	MOVEQ		#$00,d1			* set DIM flag = $00
01:00082FAC 6100FDF0        	  3370: 	BSR		LAB_GBYT			* scan memory (1st character)
                            	  3371: LAB_1D10
01:00082FB0 17411EFC        	  3372: 	MOVE.b	d1,Defdim(a3)		* save DIM flag
                            	  3373: 
                            	  3374: * search for FN name entry point
                            	  3375: 
                            	  3376: LAB_1D12
01:00082FB4 61D4            	  3377: 	BSR.s		LAB_CASC			* check byte, return C=0 if<"A" or >"Z"
01:00082FB6 6400F198        	  3378: 	BCC		LAB_SNER			* if not, syntax error then warm start
                            	  3379: 
                            	  3380: 							* it is a variable name so ...
01:00082FBA 7200            	  3381: 	MOVEQ		#$0,d1			* set index for name byte
01:00082FBC 204BD1FC0008146A	  3382: 	LEA		Varname(a3),a0		* pointer to variable name
01:00082FC4 2081            	  3383: 	MOVE.l	d1,(a0)			* clear the variable name
01:00082FC6 17411EFD        	  3384: 	MOVE.b	d1,Dtypef(a3)		* clear the data type, $80=string, $40=integer,
                            	  3385: 							* $00=float
                            	  3386: 
                            	  3387: LAB_1D2D
01:00082FCA B27C0004        	  3388: 	CMP.w		#$04,d1			* done all significant characters?
01:00082FCE 6406            	  3389: 	BCC.s		LAB_1D2E			* if so go ignore any more
                            	  3390: 
01:00082FD0 11801000        	  3391: 	MOVE.b	d0,(a0,d1.w)		* save the character
01:00082FD4 5241            	  3392: 	ADDQ.w	#1,d1				* increment index
                            	  3393: LAB_1D2E
01:00082FD6 6100FDC4        	  3394: 	BSR		LAB_IGBY			* increment & scan memory (next character)
01:00082FDA 65EE            	  3395: 	BCS.s		LAB_1D2D			* branch if character = "0"-"9" (ok)
                            	  3396: 
                            	  3397: 							* character wasn't "0" to "9" so ...
01:00082FDC 61AC            	  3398: 	BSR.s		LAB_CASC			* check byte, return C=0 if<"A" or >"Z"
01:00082FDE 65EA            	  3399: 	BCS.s		LAB_1D2D			* branch if = "A"-"Z" (ok)
                            	  3400: 
                            	  3401: 							* check if string variable
01:00082FE0 B03C0024        	  3402: 	CMP.b		#'$',d0			* compare with "$"
01:00082FE4 660C            	  3403: 	BNE.s		LAB_1D44			* branch if not string
                            	  3404: 
                            	  3405: 							* type is string
01:00082FE6 002B0080146B    	  3406: 	OR.b		#$80,Varname+1(a3)	* set top bit of 2nd character, indicate string
01:00082FEC 6100FDAE        	  3407: 	BSR		LAB_IGBY			* increment & scan memory
01:00082FF0 6010            	  3408: 	BRA.s		LAB_1D45			* skip integer check
                            	  3409: 
                            	  3410: 							* check if integer variable
                            	  3411: LAB_1D44
01:00082FF2 B03C0026        	  3412: 	CMP.b		#'&',d0			* compare with "&"
01:00082FF6 660A            	  3413: 	BNE.s		LAB_1D45			* branch if not integer
                            	  3414: 
                            	  3415: 							* type is integer
01:00082FF8 002B0080146C    	  3416: 	OR.b		#$80,Varname+2(a3)	* set top bit of 3rd character, indicate integer
01:00082FFE 6100FD9C        	  3417: 	BSR		LAB_IGBY			* increment & scan memory
                            	  3418: 
                            	  3419: * after we have determined the variable type we need to determine
                            	  3420: * if it's an array of type
                            	  3421: 
                            	  3422: 							* gets here with character after var name in d0
                            	  3423: LAB_1D45
01:00083002 4A2B1F27        	  3424: 	TST.b		Sufnxf(a3)			* test function name flag
01:00083006 6712            	  3425: 	BEQ.s		LAB_1D48			* if not FN or FN variable continue
                            	  3426: 
01:00083008 6A18            	  3427: 	BPL.s		LAB_1D49			* if FN variable go find or create it
                            	  3428: 
                            	  3429: 							* else was FN name
01:0008300A 202B146A        	  3430: 	MOVE.l	Varname(a3),d0		* get whole function name
01:0008300E 7208            	  3431: 	MOVEQ		#8,d1				* set step to next function size -4
01:00083010 204BD1FC00081432	  3432: 	LEA		Sfncl(a3),a0		* get pointer to start of functions
01:00083018 6020            	  3433: 	BRA.s		LAB_1D4B			* go find function
                            	  3434: 
                            	  3435: LAB_1D48
01:0008301A 903C0028        	  3436: 	SUB.b		#'(',d0			* subtract "("
01:0008301E 670000F8        	  3437: 	BEQ		LAB_1E17			* if "(" go find, or make, array
                            	  3438: 
                            	  3439: * either find or create var
                            	  3440: * var name (1st four characters only!) is in Varname
                            	  3441: 
                            	  3442: 							* variable name wasn't var( .. so look for
                            	  3443: 							* plain variable
                            	  3444: LAB_1D49
01:00083022 202B146A        	  3445: 	MOVE.l	Varname(a3),d0		* get whole variable name
                            	  3446: LAB_1D4A
01:00083026 7204            	  3447: 	MOVEQ		#4,d1				* set step to next variable size -4
01:00083028 204BD1FC00081436	  3448: 	LEA		Svarl(a3),a0		* get pointer to start of variables
                            	  3449: 
01:00083030 08000017        	  3450: 	BTST.l	#23,d0			* test if string name
01:00083034 6704            	  3451: 	BEQ.s		LAB_1D4B			* branch if not
                            	  3452: 
01:00083036 5441            	  3453: 	ADDQ.w	#2,d1				* 6 bytes per string entry
01:00083038 5848            	  3454: 	ADDQ.w	#(Sstrl-Svarl),a0		* move to string area
                            	  3455: 
                            	  3456: LAB_1D4B
01:0008303A 22680004        	  3457: 	MOVEA.l	4(a0),a1			* get end address
01:0008303E 2050            	  3458: 	MOVEA.l	(a0),a0			* get start address
01:00083040 6006            	  3459: 	BRA.s		LAB_1D5E			* enter loop at exit check
                            	  3460: 
                            	  3461: LAB_1D5D
01:00083042 B098            	  3462: 	CMP.l		(a0)+,d0			* compare this variable with name
01:00083044 6776            	  3463: 	BEQ.s		LAB_1DD7			* branch if match (found var)
                            	  3464: 
01:00083046 D1C1            	  3465: 	ADDA.l	d1,a0				* add offset to next variable
                            	  3466: LAB_1D5E
01:00083048 B1C9            	  3467: 	CMPA.l	a1,a0				* compare address with variable space end
01:0008304A 66F6            	  3468: 	BNE.s		LAB_1D5D			* if not end go check next
                            	  3469: 
01:0008304C 4A2B1F27        	  3470: 	TST.b		Sufnxf(a3)			* is it a function or function variable
01:00083050 660A            	  3471: 	BNE.s		LAB_1D94			* if was go do DEF or function variable
                            	  3472: 
                            	  3473: 							* reached end of variable mem without match
                            	  3474: 							* ... so create new variable, possibly
                            	  3475: 
01:00083052 45FAFF54        	  3476: 	LEA		LAB_FVAR,a2		* get the address of the create if doesn't
                            	  3477: 							* exist call to LAB_GVAR
01:00083056 B5D7            	  3478: 	CMPA.l	(sp),a2			* compare the return address with expected
01:00083058 6600F0B2        	  3479: 	BNE		LAB_UVER			* if not create go do error or return null
                            	  3480: 
                            	  3481: * this will only branch if the call to LAB_GVAR wasn't from LAB_SVAR
                            	  3482: 
                            	  3483: LAB_1D94
01:0008305C 082B00001F27    	  3484: 	BTST.b	#0,Sufnxf(a3)		* test function search flag
01:00083062 6600F0B0        	  3485: 	BNE		LAB_UFER			* if not doing DEF then go do undefined
                            	  3486: 							* function error
                            	  3487: 
                            	  3488: 							* else create new variable/function
                            	  3489: LAB_1D98
01:00083066 246B1442        	  3490: 	MOVEA.l	Earryl(a3),a2		* get end of block to move
01:0008306A 240A            	  3491: 	MOVE.l	a2,d2				* copy end of block to move
01:0008306C 9489            	  3492: 	SUB.l		a1,d2				* calculate block to move size
                            	  3493: 
01:0008306E 204A            	  3494: 	MOVEA.l	a2,a0				* copy end of block to move
01:00083070 5881            	  3495: 	ADDQ.l	#4,d1				* space for one variable/function + name
01:00083072 D5C1            	  3496: 	ADDA.l	d1,a2				* add space for one variable/function
01:00083074 274A1442        	  3497: 	MOVE.l	a2,Earryl(a3)		* set new array mem end
01:00083078 E28A            	  3498: 	LSR.l		#1,d2				* /2 for word copy
01:0008307A 6712            	  3499: 	BEQ.s		LAB_1DAF			* skip move if zero length block
                            	  3500: 
01:0008307C 5382            	  3501: 	SUBQ.l	#1,d2				* -1 for DFB loop
01:0008307E 4842            	  3502: 	SWAP		d2				* swap high word to low word
                            	  3503: LAB_1DAC
01:00083080 4842            	  3504: 	SWAP		d2				* swap high word to low word
                            	  3505: LAB_1DAE
01:00083082 3520            	  3506: 	MOVE.w	-(a0),-(a2)			* copy word
01:00083084 51CAFFFC        	  3507: 	DBF		d2,LAB_1DAE			* loop until done
                            	  3508: 
01:00083088 4842            	  3509: 	SWAP		d2				* swap high word to low word
01:0008308A 51CAFFF4        	  3510: 	DBF		d2,LAB_1DAC			* decrement high count and loop until done
                            	  3511: 
                            	  3512: * get here after creating either a function, variable or string
                            	  3513: * if function set variables start, string start, array start
                            	  3514: * if variable set string start, array start
                            	  3515: * if string set array start
                            	  3516: 
                            	  3517: LAB_1DAF
01:0008308E 4A2B1F27        	  3518: 	TST.b		Sufnxf(a3)			* was it function
01:00083092 6B08            	  3519: 	BMI.s		LAB_1DB0			* branch if was FN
                            	  3520: 
01:00083094 08000017        	  3521: 	BTST.l	#23,d0			* was it string
01:00083098 660A            	  3522: 	BNE.s		LAB_1DB2			* branch if string
                            	  3523: 
01:0008309A 6004            	  3524: 	BRA.s		LAB_1DB1			* branch if was plain variable
                            	  3525: 
                            	  3526: LAB_1DB0
01:0008309C D3AB1436        	  3527: 	ADD.l		d1,Svarl(a3)		* set new variable memory start
                            	  3528: LAB_1DB1
01:000830A0 D3AB143A        	  3529: 	ADD.l		d1,Sstrl(a3)		* set new start of strings
                            	  3530: LAB_1DB2
01:000830A4 D3AB143E        	  3531: 	ADD.l		d1,Sarryl(a3)		* set new array memory start
01:000830A8 20C0            	  3532: 	MOVE.l	d0,(a0)+			* save variable/function name
01:000830AA 20BC00000000    	  3533: 	MOVE.l	#$00,(a0)			* initialise variable
01:000830B0 08000017        	  3534: 	BTST.l	#23,d0			* was it string
01:000830B4 6706            	  3535: 	BEQ.s		LAB_1DD7			* branch if not string
                            	  3536: 
01:000830B6 317C00000004    	  3537: 	MOVE.w	#$00,4(a0)			* else initialise string length
                            	  3538: 
                            	  3539: 							* found a match for var ((Vrschl) = ptr)
                            	  3540: LAB_1DD7
01:000830BC 2200            	  3541: 	MOVE.l	d0,d1				* ........ $....... &....... ........
01:000830BE D281            	  3542: 	ADD.l		d1,d1				* .......$ .......& ........ .......0
01:000830C0 4841            	  3543: 	SWAP		d1				* ........ .......0 .......$ .......&
01:000830C2 E219            	  3544: 	ROR.b		#1,d1				* ........ .......0 .......$ &.......
01:000830C4 E249            	  3545: 	LSR.w		#1,d1				* ........ .......0 0....... $&.....­.
01:000830C6 C23C00C0        	  3546: 	AND.b		#$C0,d1			* mask the type bits
01:000830CA 17411EFD        	  3547: 	MOVE.b	d1,Dtypef(a3)		* save the data type
                            	  3548: 
01:000830CE 177C00001F27    	  3549: 	MOVE.b	#$00,Sufnxf(a3)		* clear FN flag byte
                            	  3550: 
                            	  3551: * if you want a non existant variable to return a null value then set the novar
                            	  3552: * value at the top of this file to some non zero value
                            	  3553: 
                            	  3554:  ifne	novar
                            	  3555: 
                            	  3556: 	MOVEQ		#-1,d0			* return variable found
                            	  3557: 
                            	  3558:  endc
                            	  3559: 
01:000830D4 4E75            	  3560: 	RTS
                            	  3561: 
                            	  3562: 
                            	  3563: *************************************************************************************
                            	  3564: *
                            	  3565: * set-up array pointer, d0, to first element in array
                            	  3566: * set d0 to (a0)+2*(Dimcnt)+$0A
                            	  3567: 
                            	  3568: LAB_1DE6
01:000830D6 7005            	  3569: 	MOVEQ		#5,d0				* set d0 to 5 (*2 = 10, later)
01:000830D8 D02B1F23        	  3570: 	ADD.b		Dimcnt(a3),d0		* add # of dimensions (1, 2 or 3)
01:000830DC D080            	  3571: 	ADD.l		d0,d0				* *2 (bytes per dimension size)
01:000830DE D088            	  3572: 	ADD.l		a0,d0				* add array start pointer
01:000830E0 4E75            	  3573: 	RTS
                            	  3574: 
                            	  3575: 
                            	  3576: *************************************************************************************
                            	  3577: *
                            	  3578: * evaluate unsigned integer expression
                            	  3579: 
                            	  3580: LAB_EVIN
01:000830E2 6100FCB8        	  3581: 	BSR		LAB_IGBY			* increment & scan memory
01:000830E6 6100FB3C        	  3582: 	BSR		LAB_EVNM			* evaluate expression & check is numeric,
                            	  3583: 							* else do type mismatch
                            	  3584: 
                            	  3585: 
                            	  3586: *************************************************************************************
                            	  3587: *
                            	  3588: * evaluate positive integer expression, result in d0 and Itemp
                            	  3589: 
                            	  3590: LAB_EVPI
01:000830EA 4A2B1EDD        	  3591: 	TST.b		FAC1_s(a3)			* test FAC1 sign (b7)
01:000830EE 6B00F054        	  3592: 	BMI		LAB_FCER			* do function call error if -ve
                            	  3593: 
                            	  3594: 
                            	  3595: *************************************************************************************
                            	  3596: *
                            	  3597: * evaluate integer expression, no sign check
                            	  3598: * result in d0 and Itemp, exit with flags set correctly
                            	  3599: 
                            	  3600: LAB_EVIR
01:000830F2 0C2B00A01EDC    	  3601: 	CMPI.b	#$A0,FAC1_e(a3)		* compare exponent with exponent = 2^32 (n>2^31)
01:000830F8 65000B60        	  3602: 	BCS		LAB_2831			* convert FAC1 floating to fixed
                            	  3603: 							* result in d0 and Itemp
01:000830FC 6600F046        	  3604: 	BNE		LAB_FCER			* if > do function call error, then warm start
                            	  3605: 
01:00083100 4A2B1EDD        	  3606: 	TST.b		FAC1_s(a3)			* test sign of FAC1
01:00083104 6A000B54        	  3607: 	BPL		LAB_2831			* if +ve then ok
                            	  3608: 
01:00083108 202B1ED8        	  3609: 	MOVE.l	FAC1_m(a3),d0		* get mantissa
01:0008310C 4480            	  3610: 	NEG.l		d0				* do -d0
01:0008310E 6800F034        	  3611: 	BVC		LAB_FCER			* if not $80000000 do FC error, then warm start
                            	  3612: 
01:00083112 2740142A        	  3613: 	MOVE.l	d0,Itemp(a3)		* else just set it
01:00083116 4E75            	  3614: 	RTS
                            	  3615: 
                            	  3616: 
                            	  3617: *************************************************************************************
                            	  3618: *
                            	  3619: * find or make array
                            	  3620: 
                            	  3621: LAB_1E17
01:00083118 3F2B1EFC        	  3622: 	MOVE.w	Defdim(a3),-(sp)		* get DIM flag and data type flag (word in mem)
01:0008311C 7200            	  3623: 	MOVEQ		#0,d1				* clear dimensions count
                            	  3624: 
                            	  3625: * now get the array dimension(s) and stack it (them) before the data type and DIM flag
                            	  3626: 
                            	  3627: LAB_1E1F
01:0008311E 3F01            	  3628: 	MOVE.w	d1,-(sp)			* save dimensions count
01:00083120 2F2B146A        	  3629: 	MOVE.l	Varname(a3),-(sp)		* save variable name
01:00083124 61BC            	  3630: 	BSR.s		LAB_EVIN			* evaluate integer expression
                            	  3631: 
01:00083126 4840            	  3632: 	SWAP		d0				* swap high word to low word
01:00083128 4A40            	  3633: 	TST.w		d0				* test swapped high word
01:0008312A 6600F008        	  3634: 	BNE		LAB_ABER			* if too big do array bounds error
                            	  3635: 
01:0008312E 275F146A        	  3636: 	MOVE.l	(sp)+,Varname(a3)		* restore variable name
01:00083132 321F            	  3637: 	MOVE.w	(sp)+,d1			* restore dimensions count
01:00083134 301F            	  3638: 	MOVE.w	(sp)+,d0			* restore DIM and data type flags
01:00083136 3F2B142C        	  3639: 	MOVE.w	Itemp+2(a3),-(sp)		* stack this dimension size
01:0008313A 3F00            	  3640: 	MOVE.w	d0,-(sp)			* save DIM and data type flags
01:0008313C 5241            	  3641: 	ADDQ.w	#1,d1				* increment dimensions count
01:0008313E 6100FC5E        	  3642: 	BSR		LAB_GBYT			* scan memory
01:00083142 B03C002C        	  3643: 	CMP.b		#$2C,d0			* compare with ","
01:00083146 67D6            	  3644: 	BEQ.s		LAB_1E1F			* if found go do next dimension
                            	  3645: 
01:00083148 17411F23        	  3646: 	MOVE.b	d1,Dimcnt(a3)		* store dimensions count
01:0008314C 6100FC3C        	  3647: 	BSR		LAB_1BFB			* scan for ")", else do syntax error/warm start
01:00083150 375F1EFC        	  3648: 	MOVE.w	(sp)+,Defdim(a3)		* restore DIM and data type flags (word in mem)
01:00083154 206B143E        	  3649: 	MOVEA.l	Sarryl(a3),a0		* get array mem start
                            	  3650: 
                            	  3651: * now check to see if we are at the end of array memory (we would be if there were
                            	  3652: * no arrays).
                            	  3653: 
                            	  3654: LAB_1E5C
01:00083158 27481EF4        	  3655: 	MOVE.l	a0,Astrtl(a3)		* save as array start pointer
01:0008315C B1EB1442        	  3656: 	CMPA.l	Earryl(a3),a0		* compare with array mem end
01:00083160 672E            	  3657: 	BEQ.s		LAB_1EA1			* go build array if not found
                            	  3658: 
                            	  3659: 							* search for array
01:00083162 2010            	  3660: 	MOVE.l	(a0),d0			* get this array name
01:00083164 B0AB146A        	  3661: 	CMP.l		Varname(a3),d0		* compare with array name
01:00083168 670A            	  3662: 	BEQ.s		LAB_1E8D			* array found so branch
                            	  3663: 
                            	  3664: 							* no match
01:0008316A 20680004        	  3665: 	MOVEA.l	4(a0),a0			* get this array size
01:0008316E D1EB1EF4        	  3666: 	ADDA.l	Astrtl(a3),a0		* add to array start pointer
01:00083172 60E4            	  3667: 	BRA.s		LAB_1E5C			* go check next array
                            	  3668: 
                            	  3669: 							* found array, are we trying to dimension it?
                            	  3670: LAB_1E8D
01:00083174 4A2B1EFC        	  3671: 	TST.b		Defdim(a3)			* are we trying to dimension it?
01:00083178 6600EFB6        	  3672: 	BNE		LAB_DDER			* if so do double dimension error/warm start
                            	  3673: 
                            	  3674: * found the array and we're not dimensioning it so we must find an element in it
                            	  3675: 
01:0008317C 6100FF58        	  3676: 	BSR		LAB_1DE6			* set data pointer, d0, to the first element
                            	  3677: 							* in the array
01:00083180 5048            	  3678: 	ADDQ.w	#8,a0				* index to dimension count
01:00083182 3018            	  3679: 	MOVE.w	(a0)+,d0			* get no of dimensions
01:00083184 B02B1F23        	  3680: 	CMP.b		Dimcnt(a3),d0		* compare with dimensions count
01:00083188 67000094        	  3681: 	BEQ		LAB_1F28			* found array so go get element
                            	  3682: 
01:0008318C 6000EF76        	  3683: 	BRA		LAB_WDER			* else wrong so do "Wrong dimensions" error
                            	  3684: 
                            	  3685: 							* array not found, so possibly build it
                            	  3686: LAB_1EA1
01:00083190 4A2B1EFC        	  3687: 	TST.b		Defdim(a3)			* test the default DIM flag
01:00083194 6700EF72        	  3688: 	BEQ		LAB_UDER			* if default flag is clear then we are not
                            	  3689: 							* explicitly dimensioning an array so go
                            	  3690: 							* do an "Undimensioned array" error
                            	  3691: 
01:00083198 6100FF3C        	  3692: 	BSR		LAB_1DE6			* set data pointer, d0, to the first element
                            	  3693: 							* in the array
01:0008319C 202B146A        	  3694: 	MOVE.l	Varname(a3),d0		* get array name
01:000831A0 20C0            	  3695: 	MOVE.l	d0,(a0)+			* save array name
01:000831A2 7204            	  3696: 	MOVEQ		#4,d1				* set 4 bytes per element
01:000831A4 08000017        	  3697: 	BTST.l	#23,d0			* test if string array
01:000831A8 6702            	  3698: 	BEQ.s		LAB_1EDF			* branch if not string
                            	  3699: 
01:000831AA 7206            	  3700: 	MOVEQ		#6,d1				* else 6 bytes per element
                            	  3701: LAB_1EDF
01:000831AC 27411EF0        	  3702: 	MOVE.l	d1,Asptl(a3)		* set array data size (bytes per element)
01:000831B0 122B1F23        	  3703: 	MOVE.b	Dimcnt(a3),d1		* get dimensions count
01:000831B4 5848            	  3704: 	ADDQ.w	#4,a0				* skip the array size now (don't know it yet!)
01:000831B6 30C1            	  3705: 	MOVE.w	d1,(a0)+			* set array's dimensions count
                            	  3706: 
                            	  3707: * now calculate the array data space size
                            	  3708: 
                            	  3709: LAB_1EC0
                            	  3710: 
                            	  3711: * If you want arrays to dimension themselves by default then comment out the test
                            	  3712: * above and uncomment the next three code lines and the label LAB_1ED0
                            	  3713: 
                            	  3714: *	MOVE.w	#$0A,d1			* set default dimension value, allow 0 to 9
                            	  3715: *	TST.b		Defdim(a3)			* test default DIM flag
                            	  3716: *	BNE.s		LAB_1ED0			* branch if b6 of Defdim is clear
                            	  3717: 
01:000831B8 321F            	  3718: 	MOVE.w	(sp)+,d1			* get dimension size
                            	  3719: *LAB_1ED0
01:000831BA 30C1            	  3720: 	MOVE.w	d1,(a0)+			* save to array header
01:000831BC 610000AE        	  3721: 	BSR		LAB_1F7C			* do this dimension size+1 * array size
                            	  3722: 							* (d1+1)*(Asptl), result in d0
01:000831C0 27401EF0        	  3723: 	MOVE.l	d0,Asptl(a3)		* save array data size
01:000831C4 532B1F23        	  3724: 	SUBQ.b	#1,Dimcnt(a3)		* decrement dimensions count
01:000831C8 66EE            	  3725: 	BNE.s		LAB_1EC0			* loop while not = 0
                            	  3726: 
01:000831CA D1EB1EF0        	  3727: 	ADDA.l	Asptl(a3),a0		* add size to first element address
01:000831CE 6500EF6C        	  3728: 	BCS		LAB_OMER			* if overflow go do "Out of memory" error
                            	  3729: 
01:000831D2 B1EB1446        	  3730: 	CMPA.l	Sstorl(a3),a0		* compare with bottom of string memory
01:000831D6 650C            	  3731: 	BCS.s		LAB_1ED6			* branch if less (is ok)
                            	  3732: 
01:000831D8 6100028E        	  3733: 	BSR		LAB_GARB			* do garbage collection routine
01:000831DC B1EB1446        	  3734: 	CMPA.l	Sstorl(a3),a0		* compare with bottom of string memory
01:000831E0 6400EF5A        	  3735: 	BCC		LAB_OMER			* if Sstorl <= a0 do "Out of memory"
                            	  3736: 							* error then warm start
                            	  3737: 
                            	  3738: LAB_1ED6						* ok exit, carry set
01:000831E4 27481442        	  3739: 	MOVE.l	a0,Earryl(a3)		* save array mem end
01:000831E8 7000            	  3740: 	MOVEQ		#0,d0				* zero d0
01:000831EA 222B1EF0        	  3741: 	MOVE.l	Asptl(a3),d1		* get size in bytes
01:000831EE E289            	  3742: 	LSR.l		#1,d1				* /2 for word fill (may be odd # words)
01:000831F0 5341            	  3743: 	SUBQ.w	#1,d1				* adjust for DBF loop
                            	  3744: LAB_1ED8
01:000831F2 3100            	  3745: 	MOVE.w	d0,-(a0)			* decrement pointer and clear word
01:000831F4 51C9FFFC        	  3746: 	DBF		d1,LAB_1ED8			* decrement & loop until low word done
                            	  3747: 
01:000831F8 4841            	  3748: 	SWAP		d1				* swap words
01:000831FA 4A41            	  3749: 	TST.w		d1				* test high word
01:000831FC 6706            	  3750: 	BEQ.s		LAB_1F07			* exit if done
                            	  3751: 
01:000831FE 5341            	  3752: 	SUBQ.w	#1,d1				* decrement low (high) word
01:00083200 4841            	  3753: 	SWAP		d1				* swap back
01:00083202 60EE            	  3754: 	BRA.s		LAB_1ED8			* go do a whole block
                            	  3755: 
                            	  3756: * now we need to calculate the array size by doing Earryl - Astrtl
                            	  3757: 
                            	  3758: LAB_1F07
01:00083204 206B1EF4        	  3759: 	MOVEA.l	Astrtl(a3),a0		* get for calculation and as pointer
01:00083208 202B1442        	  3760: 	MOVE.l	Earryl(a3),d0		* get array memory end
01:0008320C 9088            	  3761: 	SUB.l		a0,d0				* calculate array size
01:0008320E 21400004        	  3762: 	MOVE.l	d0,4(a0)			* save size to array
01:00083212 4A2B1EFC        	  3763: 	TST.b		Defdim(a3)			* test default DIM flag
01:00083216 6652            	  3764: 	BNE.s		RTS_011			* exit (RET) if this was a DIM command
                            	  3765: 
                            	  3766: 							* else, find element
01:00083218 5048            	  3767: 	ADDQ.w	#8,a0				* index to dimension count
01:0008321A 37581F23        	  3768: 	MOVE.w	(a0)+,Dimcnt(a3)		* get array's dimension count
                            	  3769: 
                            	  3770: * we have found, or built, the array. now we need to find the element
                            	  3771: 
                            	  3772: LAB_1F28
01:0008321E 7000            	  3773: 	MOVEQ		#0,d0				* clear first result
01:00083220 27401EF0        	  3774: 	MOVE.l	d0,Asptl(a3)		* clear array data pointer
                            	  3775: 
                            	  3776: * compare nth dimension bound (a0) with nth index (sp)+
                            	  3777: * if greater do array bounds error
                            	  3778: 
                            	  3779: LAB_1F2C
01:00083224 3218            	  3780: 	MOVE.w	(a0)+,d1			* get nth dimension bound
01:00083226 B257            	  3781: 	CMP.w		(sp),d1			* compare nth index with nth dimension bound
01:00083228 6500EF0A        	  3782: 	BCS		LAB_ABER			* if d1 less or = do array bounds error
                            	  3783: 
                            	  3784: * now do pointer = pointer * nth dimension + nth index
                            	  3785: 
01:0008322C 4A80            	  3786: 	TST.l		d0				* test pointer
01:0008322E 6702            	  3787: 	BEQ.s		LAB_1F5A			* skip multiply if last result = null
                            	  3788: 
01:00083230 613A            	  3789: 	BSR.s		LAB_1F7C			* do this dimension size+1 * array size
                            	  3790: LAB_1F5A
01:00083232 7200            	  3791: 	MOVEQ		#0,d1				* clear longword
01:00083234 321F            	  3792: 	MOVE.w	(sp)+,d1			* get nth dimension index
01:00083236 D081            	  3793: 	ADD.l		d1,d0				* add index to size
01:00083238 27401EF0        	  3794: 	MOVE.l	d0,Asptl(a3)		* save array data pointer
                            	  3795: 
01:0008323C 532B1F23        	  3796: 	SUBQ.b	#1,Dimcnt(a3)		* decrement dimensions count
01:00083240 66E2            	  3797: 	BNE.s		LAB_1F2C			* loop if dimensions still to do
                            	  3798: 
01:00083242 177C00001EFD    	  3799: 	MOVE.b	#0,Dtypef(a3)		* set data type to float
01:00083248 7203            	  3800: 	MOVEQ		#3,d1				* set for numeric array
01:0008324A 4A2B146B        	  3801: 	TST.b		Varname+1(a3)		* test if string array
01:0008324E 6A0A            	  3802: 	BPL.s		LAB_1F6A			* branch if not string
                            	  3803: 
01:00083250 7205            	  3804: 	MOVEQ		#5,d1				* else set for string array
01:00083252 177C00801EFD    	  3805: 	MOVE.b	#$80,Dtypef(a3)		* and set data type to string
01:00083258 600C            	  3806: 	BRA.s		LAB_1F6B			* skip integer test
                            	  3807: 
                            	  3808: LAB_1F6A
01:0008325A 4A2B146C        	  3809: 	TST.b		Varname+2(a3)		* test if integer array
01:0008325E 6A06            	  3810: 	BPL.s		LAB_1F6B			* branch if not integer
                            	  3811: 
01:00083260 177C00401EFD    	  3812: 	MOVE.b	#$40,Dtypef(a3)		* else set data type to integer
                            	  3813: LAB_1F6B
01:00083266 6104            	  3814: 	BSR.s		LAB_1F7C			* do element size (d1) * array size (Asptl)
01:00083268 D1C0            	  3815: 	ADDA.l	d0,a0				* add array data start pointer
                            	  3816: RTS_011
01:0008326A 4E75            	  3817: 	RTS
                            	  3818: 
                            	  3819: 
                            	  3820: *************************************************************************************
                            	  3821: *
                            	  3822: * do this dimension size (d1) * array data size (Asptl)
                            	  3823: 
                            	  3824: * do a 16 x 32 bit multiply
                            	  3825: * d1 holds the 16 bit multiplier
                            	  3826: * Asptl holds the 32 bit multiplicand
                            	  3827: 
                            	  3828: * d0	bbbb  bbbb
                            	  3829: * d1	0000  aaaa
                            	  3830: *	----------
                            	  3831: * d0	rrrr  rrrr
                            	  3832: 
                            	  3833: LAB_1F7C
01:0008326C 202B1EF0        	  3834: 	MOVE.l	Asptl(a3),d0		* get result
01:00083270 2400            	  3835: 	MOVE.l	d0,d2				* copy it
01:00083272 4842            	  3836: 	SWAP		d2				* shift high word to low word
01:00083274 C0C1            	  3837: 	MULU.w	d1,d0				* d1 * low word = low result
01:00083276 C4C1            	  3838: 	MULU.w	d1,d2				* d1 * high word = high result
01:00083278 4842            	  3839: 	SWAP		d2				* align words for test
01:0008327A 4A42            	  3840: 	TST.w		d2				* must be zero
01:0008327C 6600EEBE        	  3841: 	BNE		LAB_OMER			* if overflow go do "Out of memory" error
                            	  3842: 
01:00083280 D082            	  3843: 	ADD.l		d2,d0				* calculate result
01:00083282 6500EEB8        	  3844: 	BCS		LAB_OMER			* if overflow go do "Out of memory" error
                            	  3845: 
01:00083286 D0AB1EF0        	  3846: 	ADD.l		Asptl(a3),d0		* add original
01:0008328A 6500EEB0        	  3847: 	BCS		LAB_OMER			* if overflow go do "Out of memory" error
                            	  3848: 
01:0008328E 4E75            	  3849: 	RTS
                            	  3850: 
                            	  3851: 
                            	  3852: *************************************************************************************
                            	  3853: *
                            	  3854: * perform FRE()
                            	  3855: 
                            	  3856: LAB_FRE
01:00083290 4A2B1EFD        	  3857: 	TST.b		Dtypef(a3)			* test data type, $80=string, $40=integer,
                            	  3858: 							* $00=float
01:00083294 6A04            	  3859: 	BPL.s		LAB_1FB4			* branch if numeric
                            	  3860: 
01:00083296 61000310        	  3861: 	BSR		LAB_22B6			* pop string off descriptor stack, or from
                            	  3862: 							* top of string space, returns d0 = length,
                            	  3863: 							* a0 = pointer
                            	  3864: 
                            	  3865: 							* FRE(n) was numeric so do this
                            	  3866: LAB_1FB4
01:0008329A 610001CC        	  3867: 	BSR		LAB_GARB			* go do garbage collection
01:0008329E 202B1446        	  3868: 	MOVE.l	Sstorl(a3),d0		* get bottom of string space
01:000832A2 90AB1442        	  3869: 	SUB.l		Earryl(a3),d0		* subtract array mem end
                            	  3870: 
                            	  3871: 
                            	  3872: *************************************************************************************
                            	  3873: *
                            	  3874: * convert d0 to signed longword in FAC1
                            	  3875: 
                            	  3876: LAB_AYFC
01:000832A6 177C00001EFD    	  3877: 	MOVE.b	#$00,Dtypef(a3)		* clear data type, $80=string, $40=integer,
                            	  3878: 							* $00=float
01:000832AC 377CA0001EDC    	  3879: 	MOVE.w	#$A000,FAC1_e(a3)		* set FAC1 exponent and clear sign (b7)
01:000832B2 27401ED8        	  3880: 	MOVE.l	d0,FAC1_m(a3)		* save FAC1 mantissa
01:000832B6 6A00063E        	  3881: 	BPL		LAB_24D0			* convert if +ve
                            	  3882: 
01:000832BA 003C0001        	  3883: 	ORI.b		#1,CCR			* else set carry
01:000832BE 60000636        	  3884: 	BRA		LAB_24D0			* do +/- (carry is sign) & normalise FAC1
                            	  3885: 
                            	  3886: 
                            	  3887: *************************************************************************************
                            	  3888: *
                            	  3889: * remember if the line length is zero (infinite line) then POS(n) will return
                            	  3890: * position MOD tabsize
                            	  3891: 
                            	  3892: * perform POS()
                            	  3893: 
                            	  3894: LAB_POS
01:000832C2 102B1F2D        	  3895: 	MOVE.b	TPos(a3),d0			* get terminal position
                            	  3896: 
                            	  3897: * convert d0 to unsigned byte in FAC1
                            	  3898: 
                            	  3899: LAB_1FD0
01:000832C6 C0BC000000FF    	  3900: 	AND.l		#$FF,d0			* clear high bits
01:000832CC 60D8            	  3901: 	BRA.s		LAB_AYFC			* convert d0 to signed longword in FAC1 & RET
                            	  3902: 
                            	  3903: * check not direct (used by DEF and INPUT)
                            	  3904: 
                            	  3905: LAB_CKRN
01:000832CE 4A2B1452        	  3906: 	TST.b		Clinel(a3)			* test current line #
01:000832D2 6B00EE54        	  3907: 	BMI		LAB_IDER			* if -ve go do illegal direct error then warm
                            	  3908: 							* start
                            	  3909: 
01:000832D6 4E75            	  3910: 	RTS						* can continue so return
                            	  3911: 
                            	  3912: 
                            	  3913: *************************************************************************************
                            	  3914: *
                            	  3915: * perform DEF
                            	  3916: 
                            	  3917: LAB_DEF
01:000832D8 70AB            	  3918: 	MOVEQ		#TK_FN-$100,d0		* get FN token
01:000832DA 6100FAB8        	  3919: 	BSR		LAB_SCCA			* scan for CHR$(d0), else syntax error and
                            	  3920: 							* warm start
                            	  3921: 							* return character after d0
01:000832DE 177C00801F27    	  3922: 	MOVE.b	#$80,Sufnxf(a3)		* set FN flag bit
01:000832E4 6100FCCE        	  3923: 	BSR		LAB_1D12			* get FN name
01:000832E8 27481EF8        	  3924: 	MOVE.l	a0,func_l(a3)		* save function pointer
                            	  3925: 
01:000832EC 61E0            	  3926: 	BSR.s		LAB_CKRN			* check not direct (back here if ok)
01:000832EE 0C1D0028        	  3927: 	CMP.b		#$28,(a5)+			* check next byte is "(" and increment
01:000832F2 6600EE5C        	  3928: 	BNE		LAB_SNER			* else do syntax error/warm start
                            	  3929: 
01:000832F6 177C007E1F27    	  3930: 	MOVE.b	#$7E,Sufnxf(a3)		* set FN variable flag bits
01:000832FC 6100FCA8        	  3931: 	BSR		LAB_SVAR			* search for or create a variable
                            	  3932: 							* return the variable address in a0
01:00083300 6100FA88        	  3933: 	BSR		LAB_1BFB			* scan for ")", else do syntax error/warm start
01:00083304 70BD            	  3934: 	MOVEQ		#TK_EQUAL-$100,d0		* = token
01:00083306 6100FA8C        	  3935: 	BSR		LAB_SCCA			* scan for CHR$(A), else syntax error/warm start
                            	  3936: 							* return character after d0
01:0008330A 2F2B146A        	  3937: 	MOVE.l	Varname(a3),-(sp)		* push current variable name
01:0008330E 2F0D            	  3938: 	MOVE.l	a5,-(sp)			* push BASIC execute pointer
01:00083310 6100F410        	  3939: 	BSR		LAB_DATA			* go perform DATA, find end of DEF FN statement
01:00083314 206B1EF8        	  3940: 	MOVEA.l	func_l(a3),a0		* get the function pointer
01:00083318 209F            	  3941: 	MOVE.l	(sp)+,(a0)			* save BASIC execute pointer to function
01:0008331A 215F0004        	  3942: 	MOVE.l	(sp)+,4(a0)			* save current variable name to function
01:0008331E 4E75            	  3943: 	RTS
                            	  3944: 
                            	  3945: 
                            	  3946: *************************************************************************************
                            	  3947: *
                            	  3948: * evaluate FNx
                            	  3949: 
                            	  3950: LAB_201E
01:00083320 177C00811F27    	  3951: 	MOVE.b	#$81,Sufnxf(a3)		* set FN flag (find not create)
01:00083326 6100FA74        	  3952: 	BSR		LAB_IGBY			* increment & scan memory
01:0008332A 6100FC88        	  3953: 	BSR		LAB_1D12			* get FN name
01:0008332E 1F2B1EFD        	  3954: 	MOVE.b	Dtypef(a3),-(sp)		* push data type flag (function type)
01:00083332 2F08            	  3955: 	MOVE.l	a0,-(sp)			* push function pointer
01:00083334 0C150028        	  3956: 	CMP.b		#$28,(a5)			* check next byte is "(", no increment
01:00083338 6600EE16        	  3957: 	BNE		LAB_SNER			* else do syntax error/warm start
                            	  3958: 
01:0008333C 6100FA48        	  3959: 	BSR		LAB_1BF7			* evaluate expression within parentheses
01:00083340 205F            	  3960: 	MOVEA.l	(sp)+,a0			* pop function pointer
01:00083342 27481EF8        	  3961: 	MOVE.l	a0,func_l(a3)		* set function pointer
01:00083346 1F2B1EFD        	  3962: 	MOVE.b	Dtypef(a3),-(sp)		* push data type flag (function expression type)
                            	  3963: 
01:0008334A 20280004        	  3964: 	MOVE.l	4(a0),d0			* get function variable name
01:0008334E 6100FCD6        	  3965: 	BSR		LAB_1D4A			* go find function variable (already created)
                            	  3966: 
                            	  3967: 							* now check type match for variable
01:00083352 101F            	  3968: 	MOVE.b	(sp)+,d0			* pop data type flag (function expression type)
01:00083354 E318            	  3969: 	ROL.b		#1,d0				* set carry if type = string
01:00083356 6100F8D0        	  3970: 	BSR		LAB_CKTM			* type match check, set C for string
                            	  3971: 
                            	  3972: 							* now stack the function variable value before
                            	  3973: 							* use
01:0008335A 6712            	  3974: 	BEQ.s		LAB_2043			* branch if not string
                            	  3975: 
01:0008335C 43FAE118        	  3976: 	LEA		des_sk_e,a1		* get string stack pointer max+1
01:00083360 B9C9            	  3977: 	CMPA.l	a1,a4				* compare string stack pointer with max+1
01:00083362 6700EDB8        	  3978: 	BEQ		LAB_SCER			* if no space on the stack go do string too
                            	  3979: 							* complex error
                            	  3980: 
01:00083366 39280004        	  3981: 	MOVE.w	4(a0),-(a4)			* string length on descriptor stack
01:0008336A 2910            	  3982: 	MOVE.l	(a0),-(a4)			* string address on stack
01:0008336C 6002            	  3983: 	BRA.s		LAB_204S			* skip var push
                            	  3984: 
                            	  3985: LAB_2043
01:0008336E 2F10            	  3986: 	MOVE.l	(a0),-(sp)			* push variable
                            	  3987: LAB_204S
01:00083370 2F08            	  3988: 	MOVE.l	a0,-(sp)			* push variable address
01:00083372 1F2B1EFD        	  3989: 	MOVE.b	Dtypef(a3),-(sp)		* push variable data type
                            	  3990: 
01:00083376 6132            	  3991: 	BSR.s		LAB_2045			* pack function expression value into (a0)
                            	  3992: 							* (function variable)
01:00083378 2F0D            	  3993: 	MOVE.l	a5,-(sp)			* push BASIC execute pointer
01:0008337A 206B1EF8        	  3994: 	MOVEA.l	func_l(a3),a0		* get function pointer
01:0008337E 2A50            	  3995: 	MOVEA.l	(a0),a5			* save function execute ptr as BASIC execute ptr
01:00083380 6100F8BA        	  3996: 	BSR		LAB_EVEX			* evaluate expression
01:00083384 6100FA18        	  3997: 	BSR		LAB_GBYT			* scan memory
01:00083388 6600EDC6        	  3998: 	BNE		LAB_SNER			* if not [EOL] or [EOS] do syntax error and
                            	  3999: 							* warm start
                            	  4000: 
01:0008338C 2A5F            	  4001: 	MOVE.l	(sp)+,a5			* restore BASIC execute pointer
                            	  4002: 
                            	  4003: * restore variable from stack and test data type
                            	  4004: 
01:0008338E 101F            	  4005: 	MOVE.b	(sp)+,d0			* pull variable data type
01:00083390 205F            	  4006: 	MOVEA.l	(sp)+,a0			* pull variable address
01:00083392 4A00            	  4007: 	TST.b		d0				* test variable data type
01:00083394 6A08            	  4008: 	BPL.s		LAB_204T			* branch if not string
                            	  4009: 
01:00083396 209C            	  4010: 	MOVE.l	(a4)+,(a0)			* string address from descriptor stack
01:00083398 315C0004        	  4011: 	MOVE.w	(a4)+,4(a0)			* string length from descriptor stack
01:0008339C 6002            	  4012: 	BRA.s		LAB_2044			* skip variable pull
                            	  4013: 
                            	  4014: LAB_204T
01:0008339E 209F            	  4015: 	MOVE.l	(sp)+,(a0)			* restore variable from stack
                            	  4016: LAB_2044
01:000833A0 101F            	  4017: 	MOVE.b	(sp)+,d0			* pop data type flag (function type)
01:000833A2 E318            	  4018: 	ROL.b		#1,d0				* set carry if type = string
01:000833A4 6100F882        	  4019: 	BSR		LAB_CKTM			* type match check, set C for string
01:000833A8 4E75            	  4020: 	RTS
                            	  4021: 
                            	  4022: LAB_2045
01:000833AA 4A2B1EFD        	  4023: 	TST.b		Dtypef(a3)			* test data type
01:000833AE 6A0007EC        	  4024: 	BPL		LAB_2778			* if numeric pack FAC1 into variable (a0)
                            	  4025: 							* and return
                            	  4026: 
01:000833B2 2448            	  4027: 	MOVEA.l	a0,a2				* copy variable pointer
01:000833B4 6000F50A        	  4028: 	BRA		LAB_17D6			* go do string LET & return
                            	  4029: 
                            	  4030: 
                            	  4031: 
                            	  4032: *************************************************************************************
                            	  4033: *
                            	  4034: * perform STR$()
                            	  4035: 
                            	  4036: LAB_STRS
01:000833B8 61000950        	  4037: 	BSR		LAB_2970			* convert FAC1 to string
                            	  4038: 
                            	  4039: * scan, set up string
                            	  4040: * print " terminated string to FAC1 stack
                            	  4041: 
                            	  4042: LAB_20AE
01:000833BC 7422            	  4043: 	MOVEQ		#$22,d2			* set Srchc character (terminator 1)
01:000833BE 3602            	  4044: 	MOVE.w	d2,d3				* set Asrch character (terminator 2)
                            	  4045: 
                            	  4046: * print d2/d3 terminated string to FAC1 stack
                            	  4047: * d2 = Srchc, d3 = Asrch, a0 is source
                            	  4048: * a6 is temp
                            	  4049: 
                            	  4050: LAB_20B4
01:000833C0 7200            	  4051: 	MOVEQ		#0,d1				* clear longword
01:000833C2 5341            	  4052: 	SUBQ.w	#1,d1				* set length to -1
01:000833C4 2448            	  4053: 	MOVEA.l	a0,a2				* copy start to calculate end
                            	  4054: LAB_20BE
01:000833C6 5241            	  4055: 	ADDQ.w	#1,d1				* increment length
01:000833C8 10301000        	  4056: 	MOVE.b	(a0,d1.w),d0		* get byte from string
01:000833CC 6710            	  4057: 	BEQ.s		LAB_20D0			* exit loop if null byte [EOS]
                            	  4058: 
01:000833CE B002            	  4059: 	CMP.b		d2,d0				* compare with search character (terminator 1)
01:000833D0 6704            	  4060: 	BEQ.s		LAB_20CB			* branch if terminator
                            	  4061: 
01:000833D2 B003            	  4062: 	CMP.b		d3,d0				* compare with terminator 2
01:000833D4 66F0            	  4063: 	BNE.s		LAB_20BE			* loop if not terminator 2 (or null string)
                            	  4064: 
                            	  4065: LAB_20CB
01:000833D6 B03C0022        	  4066: 	CMP.b		#$22,d0			* compare with "
01:000833DA 6602            	  4067: 	BNE.s		LAB_20D0			* branch if not "
                            	  4068: 
01:000833DC 524A            	  4069: 	ADDQ.w	#1,a2				* else increment string start (skip " at end)
                            	  4070: LAB_20D0
01:000833DE D5C1            	  4071: 	ADDA.l	d1,a2				* add longowrd length to make string end+1
                            	  4072: 
01:000833E0 B1CB            	  4073: 	CMPA.l	a3,a0				* is string in ram
01:000833E2 651E            	  4074: 	BCS.s		LAB_RTST			* if not go push descriptor on stack & exit
                            	  4075: 							* (could be message string from ROM)
                            	  4076: 
01:000833E4 B1EB142E        	  4077: 	CMPA.l	Smeml(a3),a0		* is string in utility ram
01:000833E8 6418            	  4078: 	BCC.s		LAB_RTST			* if not go push descriptor on stack & exit
                            	  4079: 							* (is in string or program space)
                            	  4080: 
                            	  4081: 							* (else) copy string to string memory
                            	  4082: LAB_20C9
01:000833EA 2248            	  4083: 	MOVEA.l	a0,a1				* copy descriptor pointer
01:000833EC 2001            	  4084: 	MOVE.l	d1,d0				* copy longword length
01:000833EE 6604            	  4085: 	BNE.s		LAB_20D8			* branch if not null string
                            	  4086: 
01:000833F0 2041            	  4087: 	MOVEA.l	d1,a0				* make null pointer
01:000833F2 600E            	  4088: 	BRA.s		LAB_RTST			* go push descriptor on stack & exit
                            	  4089: 
                            	  4090: LAB_20D8
01:000833F4 6126            	  4091: 	BSR.s		LAB_2115			* make string space d1 bytes long
01:000833F6 D1C1            	  4092: 	ADDA.l	d1,a0				* new string end
01:000833F8 D3C1            	  4093: 	ADDA.l	d1,a1				* old string end
01:000833FA 5340            	  4094: 	SUBQ.w	#1,d0				* -1 for DBF loop
                            	  4095: LAB_20E0
01:000833FC 1121            	  4096: 	MOVE.b	-(a1),-(a0)			* copy byte (source can be odd aligned)
01:000833FE 51C8FFFC        	  4097: 	DBF		d0,LAB_20E0			* loop until done
                            	  4098: 
                            	  4099: 
                            	  4100: 
                            	  4101: *************************************************************************************
                            	  4102: *
                            	  4103: * check for space on descriptor stack then ...
                            	  4104: * put string address and length on descriptor stack & update stack pointers
                            	  4105: * start is in a0, length is in d1
                            	  4106: 
                            	  4107: LAB_RTST
01:00083402 43FAE072        	  4108: 	LEA		des_sk_e,a1		* get string stack pointer max+1
01:00083406 B9C9            	  4109: 	CMPA.l	a1,a4				* compare string stack pointer with max+1
01:00083408 6700ED12        	  4110: 	BEQ		LAB_SCER			* if no space on string stack ..
                            	  4111: 							* .. go do 'string too complex' error
                            	  4112: 
                            	  4113: 							* push string & update pointers
01:0008340C 3901            	  4114: 	MOVE.w	d1,-(a4)			* string length on descriptor stack
01:0008340E 2908            	  4115: 	MOVE.l	a0,-(a4)			* string address on stack
01:00083410 274C1ED8        	  4116: 	MOVE.l	a4,FAC1_m(a3)		* string descriptor pointer in FAC1
01:00083414 177C00801EFD    	  4117: 	MOVE.b	#$80,Dtypef(a3)		* save data type flag, $80=string
01:0008341A 4E75            	  4118: 	RTS
                            	  4119: 
                            	  4120: 
                            	  4121: *************************************************************************************
                            	  4122: *
                            	  4123: * build descriptor a0/d1
                            	  4124: * make space in string memory for string d1.w long
                            	  4125: * return pointer in a0/Sutill
                            	  4126: 
                            	  4127: LAB_2115
01:0008341C 4A41            	  4128: 	TST.w		d1				* test length
01:0008341E 672E            	  4129: 	BEQ.s		LAB_2128			* branch if user wants null string
                            	  4130: 
                            	  4131: 							* make space for string d1 long
01:00083420 2F00            	  4132: 	MOVE.l	d0,-(sp)			* save d0
01:00083422 7000            	  4133: 	MOVEQ		#0,d0				* clear longword
01:00083424 17401F26        	  4134: 	MOVE.b	d0,Gclctd(a3)		* clear garbage collected flag (b7)
01:00083428 7001            	  4135: 	MOVEQ		#1,d0				* +1 to possibly round up
01:0008342A C041            	  4136: 	AND.w		d1,d0				* mask odd bit
01:0008342C D041            	  4137: 	ADD.w		d1,d0				* ensure d0 is even length
01:0008342E 6404            	  4138: 	BCC.s		LAB_2117			* branch if no overflow
                            	  4139: 
01:00083430 7001            	  4140: 	MOVEQ		#1,d0				* set to allocate 65536 bytes
01:00083432 4840            	  4141: 	SWAP		d0				* makes $00010000
                            	  4142: LAB_2117
01:00083434 206B1446        	  4143: 	MOVEA.l	Sstorl(a3),a0		* get bottom of string space
01:00083438 91C0            	  4144: 	SUBA.l	d0,a0				* subtract string length
01:0008343A B1EB1442        	  4145: 	CMPA.l	Earryl(a3),a0		* compare with top of array space
01:0008343E 6512            	  4146: 	BCS.s		LAB_2137			* if less do out of memory error
                            	  4147: 
01:00083440 27481446        	  4148: 	MOVE.l	a0,Sstorl(a3)		* save bottom of string space
01:00083444 2748144E        	  4149: 	MOVE.l	a0,Sutill(a3)		* save string utility pointer
01:00083448 201F            	  4150: 	MOVE.l	(sp)+,d0			* restore d0
01:0008344A 4A41            	  4151: 	TST.w		d1				* set flags on length
01:0008344C 4E75            	  4152: 	RTS
                            	  4153: 
                            	  4154: LAB_2128
01:0008344E 3041            	  4155: 	MOVEA.w	d1,a0				* make null pointer
01:00083450 4E75            	  4156: 	RTS
                            	  4157: 
                            	  4158: LAB_2137
01:00083452 4A2B1F26        	  4159: 	TST.b		Gclctd(a3)			* get garbage collected flag
01:00083456 6B00ECE4        	  4160: 	BMI		LAB_OMER			* do "Out of memory" error, then warm start
                            	  4161: 
01:0008345A 2F09            	  4162: 	MOVE.l	a1,-(sp)			* save a1
01:0008345C 610A            	  4163: 	BSR.s		LAB_GARB			* else go do garbage collection
01:0008345E 225F            	  4164: 	MOVEA.l	(sp)+,a1			* restore a1
01:00083460 177C00801F26    	  4165: 	MOVE.b	#$80,Gclctd(a3)		* set garbage collected flag
01:00083466 60CC            	  4166: 	BRA.s		LAB_2117			* go try again
                            	  4167: 
                            	  4168: 
                            	  4169: *************************************************************************************
                            	  4170: *
                            	  4171: * garbage collection routine
                            	  4172: 
                            	  4173: LAB_GARB
01:00083468 48E7E0E0        	  4174: 	MOVEM.l	d0-d2/a0-a2,-(sp)		* save registers
01:0008346C 276B144A1446    	  4175: 	MOVE.l	Ememl(a3),Sstorl(a3)	* start with no strings
                            	  4176: 
                            	  4177: 							* re-run routine from last ending
                            	  4178: LAB_214B
01:00083472 222B1442        	  4179: 	MOVE.l	Earryl(a3),d1		* set highest uncollected string so far
01:00083476 7000            	  4180: 	MOVEQ		#0,d0				* clear longword
01:00083478 2240            	  4181: 	MOVEA.l	d0,a1				* clear string to move pointer
01:0008347A 206B143A        	  4182: 	MOVEA.l	Sstrl(a3),a0		* set pointer to start of strings
01:0008347E 5888            	  4183: 	LEA		4(a0),a0			* index to string pointer
01:00083480 246B143E        	  4184: 	MOVEA.l	Sarryl(a3),a2		* set end pointer to start of arrays (end of
                            	  4185: 							* strings)
01:00083484 6006            	  4186: 	BRA.s		LAB_2176			* branch into loop at end loop test
                            	  4187: 
                            	  4188: LAB_2161
01:00083486 617E            	  4189: 	BSR		LAB_2206			* test and set if this is the highest string
01:00083488 41E8000A        	  4190: 	LEA		10(a0),a0			* increment to next string
                            	  4191: LAB_2176
01:0008348C B1CA            	  4192: 	CMPA.l	a2,a0				* compare end of area with pointer
01:0008348E 65F6            	  4193: 	BCS.s		LAB_2161			* go do next if not at end
                            	  4194: 
                            	  4195: * done strings, now do arrays.
                            	  4196: 
01:00083490 5988            	  4197: 	LEA		-4(a0),a0			* decrement pointer to start of arrays
01:00083492 246B1442        	  4198: 	MOVEA.l	Earryl(a3),a2		* set end pointer to end of arrays
01:00083496 6024            	  4199: 	BRA.s		LAB_218F			* branch into loop at end loop test
                            	  4200: 
                            	  4201: LAB_217E
01:00083498 24280004        	  4202: 	MOVE.l	4(a0),d2			* get array size
01:0008349C D488            	  4203: 	ADD.l		a0,d2				* makes start of next array
                            	  4204: 
01:0008349E 2010            	  4205: 	MOVE.l	(a0),d0			* get array name
01:000834A0 08000017        	  4206: 	BTST		#23,d0			* test string flag
01:000834A4 6714            	  4207: 	BEQ.s		LAB_218B			* branch if not string
                            	  4208: 
01:000834A6 30280008        	  4209: 	MOVE.w	8(a0),d0			* get # of dimensions
01:000834AA D040            	  4210: 	ADD.w		d0,d0				* *2
01:000834AC D0C0            	  4211: 	ADDA.w	d0,a0				* add to skip dimension size(s)
01:000834AE 41E8000A        	  4212: 	LEA		10(a0),a0			* increment to first element
                            	  4213: LAB_2183
01:000834B2 6152            	  4214: 	BSR.s		LAB_2206			* test and set if this is the highest string
01:000834B4 5C48            	  4215: 	ADDQ.w	#6,a0				* increment to next element
01:000834B6 B1C2            	  4216: 	CMPA.l	d2,a0				* compare with start of next array
01:000834B8 66F8            	  4217: 	BNE.s		LAB_2183			* go do next if not at end of array
                            	  4218: 
                            	  4219: LAB_218B
01:000834BA 2042            	  4220: 	MOVEA.l	d2,a0				* pointer to next array
                            	  4221: LAB_218F
01:000834BC B5C8            	  4222: 	CMPA.l	a0,a2				* compare pointer with array end
01:000834BE 66D8            	  4223: 	BNE.s		LAB_217E			* go do next if not at end
                            	  4224: 
                            	  4225: * done arrays and variables, now just the descriptor stack to do
                            	  4226: 
01:000834C0 204C            	  4227: 	MOVEA.l	a4,a0				* get descriptor stack pointer
01:000834C2 45FAE912        	  4228: 	LEA		des_sk,a2		* set end pointer to end of stack
01:000834C6 6004            	  4229: 	BRA.s		LAB_21C4			* branch into loop at end loop test
                            	  4230: 
                            	  4231: LAB_21C2
01:000834C8 613C            	  4232: 	BSR.s		LAB_2206			* test and set if this is the highest string
01:000834CA 5C88            	  4233: 	LEA		6(a0),a0			* increment to next string
                            	  4234: LAB_21C4
01:000834CC B5C8            	  4235: 	CMPA.l	a0,a2				* compare pointer with stack end
01:000834CE 66F8            	  4236: 	BNE.s		LAB_21C2			* go do next if not at end
                            	  4237: 
                            	  4238: * descriptor search complete, now either exit or set-up and move string
                            	  4239: 
01:000834D0 2009            	  4240: 	MOVE.l	a1,d0				* set the flags (a1 is move string)
01:000834D2 672C            	  4241: 	BEQ.s		LAB_21D1			* go tidy up and exit if no move
                            	  4242: 
01:000834D4 2051            	  4243: 	MOVEA.l	(a1),a0			* a0 is now string start
01:000834D6 7200            	  4244: 	MOVEQ		#0,d1				* clear d1
01:000834D8 32290004        	  4245: 	MOVE.w	4(a1),d1			* d1 is string length
01:000834DC 5281            	  4246: 	ADDQ.l	#1,d1				* +1
01:000834DE C23C00FE        	  4247: 	AND.b		#$FE,d1			* make even length
01:000834E2 D1C1            	  4248: 	ADDA.l	d1,a0				* pointer is now to string end+1
01:000834E4 246B1446        	  4249: 	MOVEA.l	Sstorl(a3),a2		* is destination end+1
01:000834E8 B1CA            	  4250: 	CMPA.l	a2,a0				* does the string need moving
01:000834EA 670C            	  4251: 	BEQ.s		LAB_2240			* branch if not
                            	  4252: 
01:000834EC E289            	  4253: 	LSR.l		#1,d1				* word move so do /2
01:000834EE 5341            	  4254: 	SUBQ.w	#1,d1				* -1 for DBF loop
                            	  4255: LAB_2216
01:000834F0 3520            	  4256: 	MOVE.w	-(a0),-(a2)			* copy word
01:000834F2 51C9FFFC        	  4257: 	DBF		d1,LAB_2216			* loop until done
                            	  4258: 
01:000834F6 228A            	  4259: 	MOVE.l	a2,(a1)			* save new string start
                            	  4260: LAB_2240
01:000834F8 27511446        	  4261: 	MOVE.l	(a1),Sstorl(a3)		* string start is new string mem start
01:000834FC 6000FF74        	  4262: 	BRA		LAB_214B			* re-run routine from last ending
                            	  4263: 							* (but don't collect this string)
                            	  4264: 
                            	  4265: LAB_21D1
01:00083500 4CDF0707        	  4266: 	MOVEM.l	(sp)+,d0-d2/a0-a2		* restore registers
01:00083504 4E75            	  4267: 	RTS
                            	  4268: 
                            	  4269: * test and set if this is the highest string
                            	  4270: 
                            	  4271: LAB_2206
01:00083506 2010            	  4272: 	MOVE.l	(a0),d0			* get this string pointer
01:00083508 6728            	  4273: 	BEQ.s		RTS_012			* exit if null string
                            	  4274: 
01:0008350A B280            	  4275: 	CMP.l		d0,d1				* compare with highest uncollected string so far
01:0008350C 6424            	  4276: 	BCC.s		RTS_012			* exit if <= with highest so far
                            	  4277: 
01:0008350E B0AB1446        	  4278: 	CMP.l		Sstorl(a3),d0		* compare with bottom of string space
01:00083512 641E            	  4279: 	BCC.s		RTS_012			* exit if >= bottom of string space
                            	  4280: 
01:00083514 70FF            	  4281: 	MOVEQ		#-1,d0			* d0 = $FFFFFFFF
01:00083516 30280004        	  4282: 	MOVE.w	4(a0),d0			* d0 is string length
01:0008351A 4440            	  4283: 	NEG.w		d0				* make -ve
01:0008351C C03C00FE        	  4284: 	AND.b		#$FE,d0			* make -ve even length
01:00083520 D0AB1446        	  4285: 	ADD.l		Sstorl(a3),d0		* add string store to -ve length
01:00083524 B090            	  4286: 	CMP.l		(a0),d0			* compare with string address
01:00083526 6706            	  4287: 	BEQ.s		LAB_2212			* if = go move string store pointer down
                            	  4288: 
01:00083528 2210            	  4289: 	MOVE.l	(a0),d1			* highest = current
01:0008352A 2248            	  4290: 	MOVEA.l	a0,a1				* string to move = current
01:0008352C 4E75            	  4291: 	RTS
                            	  4292: 
                            	  4293: LAB_2212
01:0008352E 27401446        	  4294: 	MOVE.l	d0,Sstorl(a3)		* set new string store start
                            	  4295: RTS_012
01:00083532 4E75            	  4296: 	RTS
                            	  4297: 
                            	  4298: 
                            	  4299: *************************************************************************************
                            	  4300: *
                            	  4301: * concatenate - add strings
                            	  4302: * string descriptor 1 is in FAC1_m, string 2 is in line
                            	  4303: 
                            	  4304: LAB_224D
01:00083534 487AF738        	  4305: 	PEA		LAB_1ADB		* continue evaluation after concatenate
01:00083538 2F2B1ED8        	  4306: 	MOVE.l	FAC1_m(a3),-(sp)		* stack descriptor pointer for string 1
                            	  4307: 
01:0008353C 6100F80C        	  4308: 	BSR		LAB_GVAL			* get value from line
01:00083540 4A2B1EFD        	  4309: 	TST.b		Dtypef(a3)			* test data type flag
01:00083544 6A00EBDE        	  4310: 	BPL		LAB_TMER			* if type is not string do type mismatch error
                            	  4311: 
01:00083548 205F            	  4312: 	MOVEA.l	(sp)+,a0			* restore descriptor pointer for string 1
                            	  4313: 
                            	  4314: *************************************************************************************
                            	  4315: *
                            	  4316: * concatenate
                            	  4317: * string descriptor 1 is in a0, string descriptor 2 is in FAC1_m
                            	  4318: 
                            	  4319: LAB_224E
01:0008354A 226B1ED8        	  4320: 	MOVEA.l	FAC1_m(a3),a1		* copy descriptor pointer 2
01:0008354E 32280004        	  4321: 	MOVE.w	4(a0),d1			* get length 1
01:00083552 D2690004        	  4322: 	ADD.w		4(a1),d1			* add length 2
01:00083556 6500EBC8        	  4323: 	BCS		LAB_SLER			* if overflow go do 'string too long' error
                            	  4324: 
01:0008355A 2F08            	  4325: 	MOVE.l	a0,-(sp)			* save descriptor pointer 1
01:0008355C 6100FEBE        	  4326: 	BSR		LAB_2115			* make space d1 bytes long
01:00083560 27481EE0        	  4327: 	MOVE.l	a0,FAC2_m(a3)		* save new string start pointer
01:00083564 2057            	  4328: 	MOVEA.l	(sp),a0			* copy descriptor pointer 1 from stack
01:00083566 30280004        	  4329: 	MOVE.w	4(a0),d0			* get length
01:0008356A 2050            	  4330: 	MOVEA.l	(a0),a0			* get string pointer
01:0008356C 6120            	  4331: 	BSR.s		LAB_229E			* copy string d0 bytes long from a0 to Sutill
                            	  4332: 							* return with a0 = pointer, d1 = length
                            	  4333: 
01:0008356E 206B1ED8        	  4334: 	MOVEA.l	FAC1_m(a3),a0		* get descriptor pointer for string 2
01:00083572 6138            	  4335: 	BSR.s		LAB_22BA			* pop (a0) descriptor, returns with ..
                            	  4336: 							* a0 = pointer, d0 = length
01:00083574 6118            	  4337: 	BSR.s		LAB_229E			* copy string d0 bytes long from a0 to Sutill
                            	  4338: 							* return with a0 = pointer, d1 = length
                            	  4339: 
01:00083576 205F            	  4340: 	MOVEA.l	(sp)+,a0			* get descriptor pointer for string 1
01:00083578 6132            	  4341: 	BSR.s		LAB_22BA			* pop (a0) descriptor, returns with ..
                            	  4342: 							* d0 = length, a0 = pointer
                            	  4343: 
01:0008357A 206B1EE0        	  4344: 	MOVEA.l	FAC2_m(a3),a0		* retreive the result string pointer
01:0008357E 2208            	  4345: 	MOVE.l	a0,d1				* copy the result string pointer
01:00083580 6700FE80        	  4346: 	BEQ		LAB_RTST			* if it is a null string just return it
                            	  4347: 							* a0 = pointer, d1 = length
                            	  4348: 
01:00083584 4481            	  4349: 	NEG.l		d1				* else make the start pointer negative
01:00083586 D2AB144E        	  4350: 	ADD.l		Sutill(a3),d1		* add the end pointert to give the length
01:0008358A 6000FE76        	  4351: 	BRA		LAB_RTST			* push string on descriptor stack
                            	  4352: 							* a0 = pointer, d1 = length
                            	  4353: 
                            	  4354: 
                            	  4355: *************************************************************************************
                            	  4356: *
                            	  4357: * copy string d0 bytes long from a0 to Sutill
                            	  4358: * return with a0 = pointer, d1 = length
                            	  4359: 
                            	  4360: LAB_229E
01:0008358E 3200            	  4361: 	MOVE.w	d0,d1				* copy and check length
01:00083590 6714            	  4362: 	BEQ.s		RTS_013			* skip copy if null
                            	  4363: 
01:00083592 226B144E        	  4364: 	MOVEA.l	Sutill(a3),a1		* get destination pointer
01:00083596 2F09            	  4365: 	MOVE.l	a1,-(sp)			* save destination string pointer
01:00083598 5340            	  4366: 	SUBQ.w	#1,d0				* subtract for DBF loop
                            	  4367: LAB_22A0
01:0008359A 12D8            	  4368: 	MOVE.b	(a0)+,(a1)+			* copy byte
01:0008359C 51C8FFFC        	  4369: 	DBF		d0,LAB_22A0			* loop if not done
                            	  4370: 
01:000835A0 2749144E        	  4371: 	MOVE.l	a1,Sutill(a3)		* update Sutill to end of copied string
01:000835A4 205F            	  4372: 	MOVEA.l	(sp)+,a0			* restore destination string pointer
                            	  4373: RTS_013
01:000835A6 4E75            	  4374: 	RTS
                            	  4375: 
                            	  4376: 
                            	  4377: *************************************************************************************
                            	  4378: *
                            	  4379: * pop string off descriptor stack, or from top of string space
                            	  4380: * returns with d0.l = length, a0 = pointer
                            	  4381: 
                            	  4382: LAB_22B6
01:000835A8 206B1ED8        	  4383: 	MOVEA.l	FAC1_m(a3),a0		* get descriptor pointer
                            	  4384: 
                            	  4385: 
                            	  4386: *************************************************************************************
                            	  4387: *
                            	  4388: * pop (a0) descriptor off stack or from string space
                            	  4389: * returns with d0.l = length, a0 = pointer
                            	  4390: 
                            	  4391: LAB_22BA
01:000835AC 48E74040        	  4392: 	MOVEM.l	a1/d1,-(sp)			* save other regs
01:000835B0 B9C8            	  4393: 	CMPA.l	a0,a4				* is string on the descriptor stack
01:000835B2 6602            	  4394: 	BNE.s		LAB_22BD			* skip pop if not
                            	  4395: 
01:000835B4 5C4C            	  4396: 	ADDQ.w	#$06,a4			* else update stack pointer
                            	  4397: LAB_22BD
01:000835B6 7000            	  4398: 	MOVEQ		#0,d0				* clear string length longword
01:000835B8 2258            	  4399: 	MOVEA.l	(a0)+,a1			* get string address
01:000835BA 3018            	  4400: 	MOVE.w	(a0)+,d0			* get string length
                            	  4401: 
01:000835BC B9C8            	  4402: 	CMPA.l	a0,a4				* was it on the descriptor stack
01:000835BE 6610            	  4403: 	BNE.s		LAB_22E6			* branch if it wasn't
                            	  4404: 
01:000835C0 B3EB1446        	  4405: 	CMPA.l	Sstorl(a3),a1		* compare string address with bottom of string
                            	  4406: 							* space
01:000835C4 660A            	  4407: 	BNE.s		LAB_22E6			* branch if <>
                            	  4408: 
01:000835C6 7201            	  4409: 	MOVEQ		#1,d1				* mask for odd bit
01:000835C8 C240            	  4410: 	AND.w		d0,d1				* AND length
01:000835CA D280            	  4411: 	ADD.l		d0,d1				* make it fit word aligned length
                            	  4412: 
01:000835CC D3AB1446        	  4413: 	ADD.l		d1,Sstorl(a3)		* add to bottom of string space
                            	  4414: LAB_22E6
01:000835D0 2049            	  4415: 	MOVEA.l	a1,a0				* copy to a0
01:000835D2 4CDF0202        	  4416: 	MOVEM.l	(sp)+,a1/d1			* restore other regs
01:000835D6 4A80            	  4417: 	TST.l		d0				* set flags on length
01:000835D8 4E75            	  4418: 	RTS
                            	  4419: 
                            	  4420: 
                            	  4421: *************************************************************************************
                            	  4422: *
                            	  4423: * perform CHR$()
                            	  4424: 
                            	  4425: LAB_CHRS
01:000835DA 61000130        	  4426: 	BSR		LAB_EVBY			* evaluate byte expression, result in d0 and
                            	  4427: 							* Itemp
                            	  4428: LAB_MKCHR
01:000835DE 7201            	  4429: 	MOVEQ		#1,d1				* string is single byte
01:000835E0 6100FE3A        	  4430: 	BSR		LAB_2115			* make string space d1 bytes long
                            	  4431: 							* return a0/Sutill = pointer, others unchanged
01:000835E4 1080            	  4432: 	MOVE.b	d0,(a0)			* save byte in string (byte IS string!)
01:000835E6 6000FE1A        	  4433: 	BRA		LAB_RTST			* push string on descriptor stack
                            	  4434: 							* a0 = pointer, d1 = length
                            	  4435: 
                            	  4436: 
                            	  4437: *************************************************************************************
                            	  4438: *
                            	  4439: * perform LEFT$()
                            	  4440: 
                            	  4441: * enter with a0 is descriptor, d0 & Itemp is word 1
                            	  4442: 
                            	  4443: LAB_LEFT
01:000835EA C141            	  4444: 	EXG		d0,d1				* word in d1
01:000835EC 6100F79C        	  4445: 	BSR		LAB_1BFB			* scan for ")", else do syntax error/warm start
                            	  4446: 
01:000835F0 4A81            	  4447: 	TST.l		d1				* test returned length
01:000835F2 6722            	  4448: 	BEQ.s		LAB_231C			* branch if null return
                            	  4449: 
01:000835F4 7000            	  4450: 	MOVEQ		#0,d0				* clear start offset
01:000835F6 B2680004        	  4451: 	CMP.w		4(a0),d1			* compare word parameter with string length
01:000835FA 651A            	  4452: 	BCS.s		LAB_231C			* branch if string length > word parameter
                            	  4453: 
01:000835FC 6014            	  4454: 	BRA.s		LAB_2317			* go copy whole string
                            	  4455: 
                            	  4456: 
                            	  4457: *************************************************************************************
                            	  4458: *
                            	  4459: * perform RIGHT$()
                            	  4460: 
                            	  4461: * enter with a0 is descriptor, d0 & Itemp is word 1
                            	  4462: 
                            	  4463: LAB_RIGHT
01:000835FE C141            	  4464: 	EXG		d0,d1				* word in d1
01:00083600 6100F788        	  4465: 	BSR		LAB_1BFB			* scan for ")", else do syntax error/warm start
                            	  4466: 
01:00083604 4A81            	  4467: 	TST.l		d1				* test returned length
01:00083606 670E            	  4468: 	BEQ.s		LAB_231C			* branch if null return
                            	  4469: 
01:00083608 30280004        	  4470: 	MOVE.w	4(a0),d0			* get string length
01:0008360C 9081            	  4471: 	SUB.l		d1,d0				* subtract word
01:0008360E 6406            	  4472: 	BCC.s		LAB_231C			* branch if string length > word parameter
                            	  4473: 
                            	  4474: 							* else copy whole string
                            	  4475: LAB_2316
01:00083610 7000            	  4476: 	MOVEQ		#0,d0				* clear start offset
                            	  4477: LAB_2317
01:00083612 32280004        	  4478: 	MOVE.w	4(a0),d1			* else make parameter = length
                            	  4479: 
                            	  4480: * get here with ...
                            	  4481: *   a0 - points to descriptor
                            	  4482: *   d0 - is offset from string start
                            	  4483: *   d1 - is required string length
                            	  4484: 
                            	  4485: LAB_231C
01:00083616 2248            	  4486: 	MOVEA.l	a0,a1				* save string descriptor pointer
01:00083618 6100FE02        	  4487: 	BSR		LAB_2115			* make string space d1 bytes long
                            	  4488: 							* return a0/Sutill = pointer, others unchanged
01:0008361C 2049            	  4489: 	MOVEA.l	a1,a0				* restore string descriptor pointer
01:0008361E 2F00            	  4490: 	MOVE.l	d0,-(sp)			* save start offset (longword)
01:00083620 618A            	  4491: 	BSR.s		LAB_22BA			* pop (a0) descriptor, returns with ..
                            	  4492: 							* d0 = length, a0 = pointer
01:00083622 D1DF            	  4493: 	ADDA.l	(sp)+,a0			* adjust pointer to start of wanted string
01:00083624 3001            	  4494: 	MOVE.w	d1,d0				* length to d0
01:00083626 6100FF66        	  4495: 	BSR		LAB_229E			* store string d0 bytes long from (a0) to
                            	  4496: 							* (Sutill) return with a0 = pointer,
                            	  4497: 							* d1 = length
01:0008362A 6000FDD6        	  4498: 	BRA		LAB_RTST			* push string on descriptor stack
                            	  4499: 							* a0 = pointer, d1 = length
                            	  4500: 
                            	  4501: 
                            	  4502: *************************************************************************************
                            	  4503: *
                            	  4504: * perform MID$()
                            	  4505: 
                            	  4506: * enter with a0 is descriptor, d0 & Itemp is word 1
                            	  4507: 
                            	  4508: LAB_MIDS
01:0008362E 7E00            	  4509: 	MOVEQ		#0,d7				* clear longword
01:00083630 5347            	  4510: 	SUBQ.w	#1,d7				* set default length = 65535
01:00083632 2F00            	  4511: 	MOVE.l	d0,-(sp)			* save word 1
01:00083634 6100F768        	  4512: 	BSR		LAB_GBYT			* scan memory
01:00083638 B03C002C        	  4513: 	CMP.b		#',',d0			* was it ","
01:0008363C 660C            	  4514: 	BNE.s		LAB_2358			* branch if not "," (skip second byte get)
                            	  4515: 
01:0008363E 101D            	  4516: 	MOVE.b	(a5)+,d0			* increment pointer past ","
01:00083640 2F08            	  4517: 	MOVE.l	a0,-(sp)			* save descriptor pointer
01:00083642 610000D8        	  4518: 	BSR		LAB_GTWO			* get word parameter, result in d0 and Itemp
01:00083646 205F            	  4519: 	MOVEA.l	(sp)+,a0			* restore descriptor pointer
01:00083648 2E00            	  4520: 	MOVE.l	d0,d7				* copy length
                            	  4521: LAB_2358
01:0008364A 6100F73E        	  4522: 	BSR		LAB_1BFB			* scan for ")", else do syntax error then warm
                            	  4523: 							* start
01:0008364E 201F            	  4524: 	MOVE.l	(sp)+,d0			* restore word 1
01:00083650 7200            	  4525: 	MOVEQ		#0,d1				* null length
01:00083652 5380            	  4526: 	SUBQ.l	#1,d0				* decrement start index (word 1)
01:00083654 6B00EAEE        	  4527: 	BMI		LAB_FCER			* if was null do function call error then warm
                            	  4528: 							* start
                            	  4529: 
01:00083658 B0680004        	  4530: 	CMP.w		4(a0),d0			* compare string length with start index
01:0008365C 64B8            	  4531: 	BCC.s		LAB_231C			* if start not in string do null string (d1=0)
                            	  4532: 
01:0008365E 2207            	  4533: 	MOVE.l	d7,d1				* get length back
01:00083660 DE40            	  4534: 	ADD.w		d0,d7				* d7 now = MID$() end
01:00083662 6506            	  4535: 	BCS.s		LAB_2368			* already too long so do RIGHT$ equivalent
                            	  4536: 
01:00083664 BE680004        	  4537: 	CMP.w		4(a0),d7			* compare string length with start index+length
01:00083668 65AC            	  4538: 	BCS.s		LAB_231C			* if end in string go do string
                            	  4539: 
                            	  4540: LAB_2368
01:0008366A 32280004        	  4541: 	MOVE.w	4(a0),d1			* get string length
01:0008366E 9240            	  4542: 	SUB.w		d0,d1				* subtract start offset
01:00083670 60A4            	  4543: 	BRA.s		LAB_231C			* go do string (effectively RIGHT$)
                            	  4544: 
                            	  4545: 
                            	  4546: *************************************************************************************
                            	  4547: *
                            	  4548: * perform LCASE$()
                            	  4549: 
                            	  4550: LAB_LCASE
01:00083672 6100FF34        	  4551: 	BSR		LAB_22B6			* pop string off descriptor stack or from memory
                            	  4552: 							* returns with d0 = length, a0 = pointer
01:00083676 2200            	  4553: 	MOVE.l	d0,d1				* copy the string length
01:00083678 6756            	  4554: 	BEQ.s		NoString			* if null go return a null string
                            	  4555: 
                            	  4556: * else copy and change the string
                            	  4557: 
01:0008367A 2248            	  4558: 	MOVEA.l	a0,a1				* copy the string address
01:0008367C 6100FD9E        	  4559: 	BSR		LAB_2115			* make a string space d1 bytes long
01:00083680 D1C1            	  4560: 	ADDA.l	d1,a0				* new string end
01:00083682 D3C1            	  4561: 	ADDA.l	d1,a1				* old string end
01:00083684 3401            	  4562: 	MOVE.w	d1,d2				* copy length for loop
01:00083686 5342            	  4563: 	SUBQ.w	#1,d2				* -1 for DBF loop
                            	  4564: LC_loop
01:00083688 1021            	  4565: 	MOVE.b	-(a1),d0			* get byte from string
                            	  4566: 
01:0008368A B03C005B        	  4567: 	CMP.b		#$5B,d0			* compare with "Z"+1
01:0008368E 640A            	  4568: 	BCC.s		NoUcase			* if > "Z" skip change
                            	  4569: 
01:00083690 B03C0041        	  4570: 	CMP.b		#$41,d0			* compare with "A"
01:00083694 6504            	  4571: 	BCS.s		NoUcase			* if < "A" skip change
                            	  4572: 
01:00083696 00000020        	  4573: 	ORI.b		#$20,d0			* convert upper case to lower case
                            	  4574: NoUcase
01:0008369A 1100            	  4575: 	MOVE.b	d0,-(a0)			* copy upper case byte back to string
01:0008369C 51CAFFEA        	  4576: 	DBF		d2,LC_loop			* decrement and loop if not all done
                            	  4577: 
01:000836A0 602E            	  4578: 	BRA.s		NoString			* tidy up & exit (branch always)
                            	  4579: 
                            	  4580: 
                            	  4581: *************************************************************************************
                            	  4582: *
                            	  4583: * perform UCASE$()
                            	  4584: 
                            	  4585: LAB_UCASE
01:000836A2 6100FF04        	  4586: 	BSR		LAB_22B6			* pop string off descriptor stack or from memory
                            	  4587: 							* returns with d0 = length, a0 = pointer
01:000836A6 2200            	  4588: 	MOVE.l	d0,d1				* copy the string length
01:000836A8 6726            	  4589: 	BEQ.s		NoString			* if null go return a null string
                            	  4590: 
                            	  4591: * else copy and change the string
                            	  4592: 
01:000836AA 2248            	  4593: 	MOVEA.l	a0,a1				* copy the string address
01:000836AC 6100FD6E        	  4594: 	BSR		LAB_2115			* make a string space d1 bytes long
01:000836B0 D1C1            	  4595: 	ADDA.l	d1,a0				* new string end
01:000836B2 D3C1            	  4596: 	ADDA.l	d1,a1				* old string end
01:000836B4 3401            	  4597: 	MOVE.w	d1,d2				* copy length for loop
01:000836B6 5342            	  4598: 	SUBQ.w	#1,d2				* -1 for DBF loop
                            	  4599: UC_loop
01:000836B8 1021            	  4600: 	MOVE.b	-(a1),d0			* get a byte from the string
                            	  4601: 
01:000836BA B03C0061        	  4602: 	CMP.b		#$61,d0			* compare with "a"
01:000836BE 650A            	  4603: 	BCS.s		NoLcase			* if < "a" skip change
                            	  4604: 
01:000836C0 B03C007B        	  4605: 	CMP.b		#$7B,d0			* compare with "z"+1
01:000836C4 6404            	  4606: 	BCC.s		NoLcase			* if > "z" skip change
                            	  4607: 
01:000836C6 020000DF        	  4608: 	ANDI.b	#$DF,d0			* convert lower case to upper case
                            	  4609: NoLcase
01:000836CA 1100            	  4610: 	MOVE.b	d0,-(a0)			* copy upper case byte back to string
01:000836CC 51CAFFEA        	  4611: 	DBF		d2,UC_loop			* decrement and loop if not all done
                            	  4612: 
                            	  4613: NoString
01:000836D0 6000FD30        	  4614: 	BRA		LAB_RTST			* push string on descriptor stack
                            	  4615: 							* a0 = pointer, d1 = length
                            	  4616: 
                            	  4617: 
                            	  4618: *************************************************************************************
                            	  4619: *
                            	  4620: * perform SADD()
                            	  4621: 
                            	  4622: LAB_SADD
01:000836D4 101D            	  4623: 	MOVE.b	(a5)+,d0			* increment pointer
01:000836D6 6100F8D2        	  4624: 	BSR		LAB_GVAR			* get variable address in a0
01:000836DA 6100F6AE        	  4625: 	BSR		LAB_1BFB			* scan for ")", else do syntax error/warm start
01:000836DE 4A2B1EFD        	  4626: 	TST.b		Dtypef(a3)			* test data type flag
01:000836E2 6A00EA40        	  4627: 	BPL		LAB_TMER			* if numeric do Type missmatch Error
                            	  4628: 
                            	  4629: * if you want a non existant variable to return a null value then set the novar
                            	  4630: * value at the top of this file to some non zero value
                            	  4631: 
                            	  4632:  ifne	novar
                            	  4633: 
                            	  4634: 	MOVE.l	a0,d0				* test the variable found flag
                            	  4635: 	BEQ		LAB_AYFC			* if not found go return null
                            	  4636: 
                            	  4637:  endc
                            	  4638: 
01:000836E6 2010            	  4639: 	MOVE.l	(a0),d0			* get string address
01:000836E8 6000FBBC        	  4640: 	BRA		LAB_AYFC			* convert d0 to signed longword in FAC1 & return
                            	  4641: 
                            	  4642: 
                            	  4643: *************************************************************************************
                            	  4644: *
                            	  4645: * perform LEN()
                            	  4646: 
                            	  4647: LAB_LENS
01:000836EC 487AFBB8        	  4648: 	PEA		LAB_AYFC		* set return address to convert d0 to signed
                            	  4649: 							* longword in FAC1
01:000836F0 6000FEB6        	  4650: 	BRA		LAB_22B6			* pop string off descriptor stack or from memory
                            	  4651: 							* returns with d0 = length, a0 = pointer
                            	  4652: 
                            	  4653: 
                            	  4654: *************************************************************************************
                            	  4655: *
                            	  4656: * perform ASC()
                            	  4657: 
                            	  4658: LAB_ASC
01:000836F4 6100FEB2        	  4659: 	BSR		LAB_22B6			* pop string off descriptor stack or from memory
                            	  4660: 							* returns with d0 = length, a0 = pointer
01:000836F8 4A40            	  4661: 	TST.w		d0				* test length
01:000836FA 6700EA48        	  4662: 	BEQ		LAB_FCER			* if null do function call error then warm start
                            	  4663: 
01:000836FE 1010            	  4664: 	MOVE.b	(a0),d0			* get first character byte
01:00083700 6000FBC4        	  4665: 	BRA		LAB_1FD0			* convert d0 to unsigned byte in FAC1 & return
                            	  4666: 
                            	  4667: 
                            	  4668: *************************************************************************************
                            	  4669: *
                            	  4670: * increment and get byte, result in d0 and Itemp
                            	  4671: 
                            	  4672: LAB_SGBY
01:00083704 6100F696        	  4673: 	BSR		LAB_IGBY			* increment & scan memory
                            	  4674: 
                            	  4675: 
                            	  4676: *************************************************************************************
                            	  4677: *
                            	  4678: * get byte parameter, result in d0 and Itemp
                            	  4679: 
                            	  4680: LAB_GTBY
01:00083708 6100F51A        	  4681: 	BSR		LAB_EVNM			* evaluate expression & check is numeric,
                            	  4682: 							* else do type mismatch
                            	  4683: 
                            	  4684: 
                            	  4685: *************************************************************************************
                            	  4686: *
                            	  4687: * evaluate byte expression, result in d0 and Itemp
                            	  4688: 
                            	  4689: LAB_EVBY
01:0008370C 6100F9DC        	  4690: 	BSR		LAB_EVPI			* evaluate positive integer expression
                            	  4691: 							* result in d0 and Itemp
01:00083710 7280            	  4692: 	MOVEQ		#$80,d1			* set mask/2
01:00083712 D281            	  4693: 	ADD.l		d1,d1				* =$FFFFFF00
01:00083714 C280            	  4694: 	AND.l		d0,d1				* check top 24 bits
01:00083716 6600EA2C        	  4695: 	BNE		LAB_FCER			* if <> 0 do function call error/warm start
                            	  4696: 
01:0008371A 4E75            	  4697: 	RTS
                            	  4698: 
                            	  4699: 
                            	  4700: *************************************************************************************
                            	  4701: *
                            	  4702: * get word parameter, result in d0 and Itemp
                            	  4703: 
                            	  4704: LAB_GTWO
01:0008371C 6100F506        	  4705: 	BSR		LAB_EVNM			* evaluate expression & check is numeric,
                            	  4706: 							* else do type mismatch
01:00083720 6100F9C8        	  4707: 	BSR		LAB_EVPI			* evaluate positive integer expression
                            	  4708: 							* result in d0 and Itemp
01:00083724 4840            	  4709: 	SWAP		d0				* copy high word to low word
01:00083726 4A40            	  4710: 	TST.w		d0				* set flags
01:00083728 6600EA1A        	  4711: 	BNE		LAB_FCER			* if <> 0 do function call error/warm start
                            	  4712: 
01:0008372C 4840            	  4713: 	SWAP		d0				* copy high word to low word
01:0008372E 4E75            	  4714: 	RTS
                            	  4715: 
                            	  4716: 
                            	  4717: *************************************************************************************
                            	  4718: *
                            	  4719: * perform VAL()
                            	  4720: 
                            	  4721: LAB_VAL
01:00083730 6100FE76        	  4722: 	BSR		LAB_22B6			* pop string off descriptor stack or from memory
                            	  4723: 							* returns with d0 = length, a0 = pointer
01:00083734 6722            	  4724: 	BEQ.s		LAB_VALZ			* string was null so set result = $00
                            	  4725: 							* clear FAC1 exponent & sign & return
                            	  4726: 
01:00083736 2C4D            	  4727: 	MOVEA.l	a5,a6				* save BASIC execute pointer
01:00083738 2A48            	  4728: 	MOVEA.l	a0,a5				* copy string pointer to execute pointer
01:0008373A D1C0            	  4729: 	ADDA.l	d0,a0				* string end+1
01:0008373C 1010            	  4730: 	MOVE.b	(a0),d0			* get byte from string+1
01:0008373E 3F00            	  4731: 	MOVE.w	d0,-(sp)			* save it
01:00083740 2F08            	  4732: 	MOVE.l	a0,-(sp)			* save address
01:00083742 10BC0000        	  4733: 	MOVE.b	#0,(a0)			* null terminate string
01:00083746 6100F656        	  4734: 	BSR		LAB_GBYT			* scan memory
01:0008374A 61001166        	  4735: 	BSR		LAB_2887			* get FAC1 from string
01:0008374E 205F            	  4736: 	MOVEA.l	(sp)+,a0			* restore pointer
01:00083750 301F            	  4737: 	MOVE.w	(sp)+,d0			* pop byte
01:00083752 1080            	  4738: 	MOVE.b	d0,(a0)			* restore to memory
01:00083754 2A4E            	  4739: 	MOVEA.l	a6,a5				* restore BASIC execute pointer
01:00083756 4E75            	  4740: 	RTS
                            	  4741: 
                            	  4742: LAB_VALZ
01:00083758 37401EDC        	  4743: 	MOVE.w	d0,FAC1_e(a3)		* clear FAC1 exponent & sign
01:0008375C 4E75            	  4744: 	RTS
                            	  4745: 
                            	  4746: 
                            	  4747: *************************************************************************************
                            	  4748: *
                            	  4749: * get two parameters for POKE or WAIT, first parameter in a0, second in d0
                            	  4750: 
                            	  4751: LAB_GADB
01:0008375E 6100F4C4        	  4752: 	BSR		LAB_EVNM			* evaluate expression & check is numeric,
                            	  4753: 							* else do type mismatch
01:00083762 6100F98E        	  4754: 	BSR		LAB_EVIR			* evaluate integer expression
                            	  4755: 							* (does FC error not OF error if out of range)
01:00083766 2F00            	  4756: 	MOVE.l	d0,-(sp)			* copy to stack
01:00083768 6100F628        	  4757: 	BSR		LAB_1C01			* scan for ",", else do syntax error/warm start
01:0008376C 619A            	  4758: 	BSR.s		LAB_GTBY			* get byte parameter, result in d0 and Itemp
01:0008376E 205F            	  4759: 	MOVEA.l	(sp)+,a0			* pull address
01:00083770 4E75            	  4760: 	RTS
                            	  4761: 
                            	  4762: 
                            	  4763: *************************************************************************************
                            	  4764: *
                            	  4765: * get two parameters for DOKE or WAITW, first parameter in a0, second in d0
                            	  4766: 
                            	  4767: LAB_GADW
01:00083772 611E            	  4768: 	BSR.s		LAB_GEAD			* get even address for word/long memory actions
                            	  4769: 							* address returned in d0 and on the stack
01:00083774 6100F61C        	  4770: 	BSR		LAB_1C01			* scan for ",", else do syntax error/warm start
01:00083778 6100F4AA        	  4771: 	BSR		LAB_EVNM			* evaluate expression & check is numeric,
                            	  4772: 							* else do type mismatch
01:0008377C 6100F974        	  4773: 	BSR		LAB_EVIR			* evaluate integer expression
                            	  4774: 							* result in d0 and Itemp
01:00083780 4840            	  4775: 	SWAP		d0				* swap words
01:00083782 4A40            	  4776: 	TST.w		d0				* test high word
01:00083784 6706            	  4777: 	BEQ.s		LAB_XGADW			* exit if null
                            	  4778: 
01:00083786 5240            	  4779: 	ADDQ.w	#1,d0				* increment word
01:00083788 6600E9BA        	  4780: 	BNE		LAB_FCER			* if <> 0 do function call error/warm start
                            	  4781: 
                            	  4782: LAB_XGADW
01:0008378C 4840            	  4783: 	SWAP		d0				* swap words back
01:0008378E 205F            	  4784: 	MOVEA.l	(sp)+,a0			* pull address
01:00083790 4E75            	  4785: 	RTS
                            	  4786: 
                            	  4787: 
                            	  4788: *************************************************************************************
                            	  4789: *
                            	  4790: * get even address (for word or longword memory actions)
                            	  4791: * address returned in d0 and on the stack
                            	  4792: * does address error if the address is odd
                            	  4793: 
                            	  4794: LAB_GEAD
01:00083792 6100F490        	  4795: 	BSR		LAB_EVNM			* evaluate expression & check is numeric,
                            	  4796: 							* else do type mismatch
01:00083796 6100F95A        	  4797: 	BSR		LAB_EVIR			* evaluate integer expression
                            	  4798: 							* (does FC error not OF error if out of range)
01:0008379A 08000000        	  4799: 	BTST		#0,d0				* test low bit of longword
01:0008379E 6600E960        	  4800: 	BNE		LAB_ADER			* if address is odd do address error/warm start
                            	  4801: 
01:000837A2 2057            	  4802: 	MOVEA.l	(sp),a0			* copy return address
01:000837A4 2E80            	  4803: 	MOVE.l	d0,(sp)			* even address on stack
01:000837A6 4ED0            	  4804: 	JMP		(a0)				* effectively RTS
                            	  4805: 
                            	  4806: 
                            	  4807: *************************************************************************************
                            	  4808: *
                            	  4809: * perform PEEK()
                            	  4810: 
                            	  4811: LAB_PEEK
01:000837A8 6100F948        	  4812: 	BSR		LAB_EVIR			* evaluate integer expression
                            	  4813: 							* (does FC error not OF error if out of range)
01:000837AC 2040            	  4814: 	MOVEA.l	d0,a0				* copy to address register
01:000837AE 1010            	  4815: 	MOVE.b	(a0),d0			* get byte
01:000837B0 6000FB14        	  4816: 	BRA		LAB_1FD0			* convert d0 to unsigned byte in FAC1 & return
                            	  4817: 
                            	  4818: 
                            	  4819: *************************************************************************************
                            	  4820: *
                            	  4821: * perform POKE
                            	  4822: 
                            	  4823: LAB_POKE
01:000837B4 61A8            	  4824: 	BSR.s		LAB_GADB			* get two parameters for POKE or WAIT
                            	  4825: 							* first parameter in a0, second in d0
01:000837B6 1080            	  4826: 	MOVE.b	d0,(a0)			* put byte in memory
01:000837B8 4E75            	  4827: 	RTS
                            	  4828: 
                            	  4829: 
                            	  4830: *************************************************************************************
                            	  4831: *
                            	  4832: * perform DEEK()
                            	  4833: 
                            	  4834: LAB_DEEK
01:000837BA 6100F936        	  4835: 	BSR		LAB_EVIR			* evaluate integer expression
                            	  4836: 							* (does FC error not OF error if out of range)
01:000837BE E208            	  4837: 	LSR.b		#1,d0				* shift bit 0 to carry
01:000837C0 6500E93E        	  4838: 	BCS		LAB_ADER			* if address is odd do address error/warm start
                            	  4839: 
01:000837C4 D000            	  4840: 	ADD.b		d0,d0				* shift byte back
01:000837C6 C188            	  4841: 	EXG		d0,a0				* copy to address register
01:000837C8 7000            	  4842: 	MOVEQ		#0,d0				* clear top bits
01:000837CA 3010            	  4843: 	MOVE.w	(a0),d0			* get word
01:000837CC 6000FAD8        	  4844: 	BRA		LAB_AYFC			* convert d0 to signed longword in FAC1 & return
                            	  4845: 
                            	  4846: 
                            	  4847: *************************************************************************************
                            	  4848: *
                            	  4849: * perform LEEK()
                            	  4850: 
                            	  4851: LAB_LEEK
01:000837D0 6100F920        	  4852: 	BSR		LAB_EVIR			* evaluate integer expression
                            	  4853: 							* (does FC error not OF error if out of range)
01:000837D4 E208            	  4854: 	LSR.b		#1,d0				* shift bit 0 to carry
01:000837D6 6500E928        	  4855: 	BCS		LAB_ADER			* if address is odd do address error/warm start
                            	  4856: 
01:000837DA D000            	  4857: 	ADD.b		d0,d0				* shift byte back
01:000837DC C188            	  4858: 	EXG		d0,a0				* copy to address register
01:000837DE 2010            	  4859: 	MOVE.l	(a0),d0			* get longword
01:000837E0 6000FAC4        	  4860: 	BRA		LAB_AYFC			* convert d0 to signed longword in FAC1 & return
                            	  4861: 
                            	  4862: 
                            	  4863: *************************************************************************************
                            	  4864: *
                            	  4865: * perform DOKE
                            	  4866: 
                            	  4867: LAB_DOKE
01:000837E4 618C            	  4868: 	BSR.s		LAB_GADW			* get two parameters for DOKE or WAIT
                            	  4869: 							* first parameter in a0, second in d0
01:000837E6 3080            	  4870: 	MOVE.w	d0,(a0)			* put word in memory
01:000837E8 4E75            	  4871: 	RTS
                            	  4872: 
                            	  4873: 
                            	  4874: *************************************************************************************
                            	  4875: *
                            	  4876: * perform LOKE
                            	  4877: 
                            	  4878: LAB_LOKE
01:000837EA 61A6            	  4879: 	BSR.s		LAB_GEAD			* get even address for word/long memory actions
                            	  4880: 							* address returned in d0 and on the stack
01:000837EC 6100F5A4        	  4881: 	BSR		LAB_1C01			* scan for ",", else do syntax error/warm start
01:000837F0 6100F432        	  4882: 	BSR		LAB_EVNM			* evaluate expression & check is numeric,
                            	  4883: 							* else do type mismatch
01:000837F4 6100F8FC        	  4884: 	BSR		LAB_EVIR			* evaluate integer value (no sign check)
01:000837F8 205F            	  4885: 	MOVEA.l	(sp)+,a0			* pull address
01:000837FA 2080            	  4886: 	MOVE.l	d0,(a0)			* put longword in memory
                            	  4887: RTS_015
01:000837FC 4E75            	  4888: 	RTS
                            	  4889: 
                            	  4890: 
                            	  4891: *************************************************************************************
                            	  4892: *
                            	  4893: * perform SWAP
                            	  4894: 
                            	  4895: LAB_SWAP
01:000837FE 6100F7AA        	  4896: 	BSR		LAB_GVAR			* get variable 1 address in a0
01:00083802 2F08            	  4897: 	MOVE.l	a0,-(sp)			* save variable 1 address
01:00083804 182B1EFD        	  4898: 	MOVE.b	Dtypef(a3),d4		* copy variable 1 data type, $80=string,
                            	  4899: 							* $40=inetger, $00=float
                            	  4900: 
01:00083808 6100F588        	  4901: 	BSR		LAB_1C01			* scan for ",", else do syntax error/warm start
01:0008380C 6100F79C        	  4902: 	BSR		LAB_GVAR			* get variable 2 address in a0
01:00083810 245F            	  4903: 	MOVEA.l	(sp)+,a2			* restore variable 1 address
01:00083812 B82B1EFD        	  4904: 	CMP.b		Dtypef(a3),d4		* compare variable 1 data type with variable 2
                            	  4905: 							* data type
01:00083816 6600E90C        	  4906: 	BNE		LAB_TMER			* if not both the same type do "Type mismatch"
                            	  4907: 							* error then warm start
                            	  4908: 
                            	  4909: * if you do want a non existant variable to return an error then leave the novar
                            	  4910: * value at the top of this file set to zero
                            	  4911: 
                            	  4912:  ifeq	novar
                            	  4913: 
01:0008381A 2010            	  4914: 	MOVE.l	(a0),d0			* get variable 2
01:0008381C 20D2            	  4915: 	MOVE.l	(a2),(a0)+			* copy variable 1 to variable 2
01:0008381E 24C0            	  4916: 	MOVE.l	d0,(a2)+			* save variable 2 to variable 1
                            	  4917: 
01:00083820 4A04            	  4918: 	TST.b		d4				* check data type
01:00083822 6AD8            	  4919: 	BPL.s		RTS_015			* exit if not string
                            	  4920: 
01:00083824 3010            	  4921: 	MOVE.w	(a0),d0			* get string 2 length
01:00083826 3092            	  4922: 	MOVE.w	(a2),(a0)			* copy string 1 length to string 2 length
01:00083828 3480            	  4923: 	MOVE.w	d0,(a2)			* save string 2 length to string 1 length
                            	  4924: 
                            	  4925:  endc
                            	  4926: 
                            	  4927: 
                            	  4928: * if you want a non existant variable to return a null value then set the novar
                            	  4929: * value at the top of this file to some non zero value
                            	  4930: 
                            	  4931:  ifne	novar
                            	  4932: 
                            	  4933: 	MOVE.l	a2,d2				* copy the variable 1 pointer
                            	  4934: 	MOVE.l	d2,d3				* and again for any length
                            	  4935: 	BEQ.s		no_variable1		* if variable 1 doesn't exist skip the
                            	  4936: 							* value get
                            	  4937: 
                            	  4938: 	MOVE.l	(a2),d2			* get variable 1 value
                            	  4939: 	TST.b		d4				* check the data type
                            	  4940: 	BPL.s		no_variable1		* if not string skip the length get
                            	  4941: 
                            	  4942: 	MOVE.w	4(a2),d3			* else get variable 1 string length
                            	  4943: no_variable1
                            	  4944: 	MOVE.l	a0,d0				* copy the variable 2 pointer
                            	  4945: 	MOVE.l	d0,d1				* and again for any length
                            	  4946: 	BEQ.s		no_variable2		* if variable 2 doesn't exist skip the
                            	  4947: 							* value get and the new value save
                            	  4948: 
                            	  4949: 	MOVE.l	(a0),d0			* get variable 2 value
                            	  4950: 	MOVE.l	d2,(a0)+			* save variable 2 new value
                            	  4951: 	TST.b		d4				* check the data type
                            	  4952: 	BPL.s		no_variable2		* if not string skip the length get and
                            	  4953: 							* new length save
                            	  4954: 
                            	  4955: 	MOVE.w	(a0),d1			* else get variable 2 string length
                            	  4956: 	MOVE.w	d3,(a0)			* save variable 2 new string length
                            	  4957: no_variable2
                            	  4958: 	TST.l		d2				* test if variable 1 exists
                            	  4959: 	BEQ.s		EXIT_SWAP			* if variable 1 doesn't exist skip the
                            	  4960: 							* new value save
                            	  4961: 
                            	  4962: 	MOVE.l	d0,(a2)+			* save variable 1 new value
                            	  4963: 	TST.b		d4				* check the data type
                            	  4964: 	BPL.s		EXIT_SWAP			* if not string skip the new length save
                            	  4965: 
                            	  4966: 	MOVE.w	d1,(a2)			* save variable 1 new string length
                            	  4967: EXIT_SWAP
                            	  4968: 
                            	  4969:  endc
                            	  4970: 
01:0008382A 4E75            	  4971: 	RTS
                            	  4972: 
                            	  4973: 
                            	  4974: *************************************************************************************
                            	  4975: *
                            	  4976: * perform USR
                            	  4977: 
                            	  4978: LAB_USR
01:0008382C 4EAB1406        	  4979: 	JSR		Usrjmp(a3)			* do user vector
01:00083830 6000F558        	  4980: 	BRA		LAB_1BFB			* scan for ")", else do syntax error/warm start
                            	  4981: 
                            	  4982: 
                            	  4983: *************************************************************************************
                            	  4984: *
                            	  4985: * perform LOAD
                            	  4986: 
                            	  4987: LAB_LOAD
01:00083834 4EEB1418        	  4988: 	JMP		V_LOAD(a3)			* do load vector
                            	  4989: 
                            	  4990: 
                            	  4991: *************************************************************************************
                            	  4992: *
                            	  4993: * perform SAVE
                            	  4994: 
                            	  4995: LAB_SAVE
01:00083838 4EEB141E        	  4996: 	JMP		V_SAVE(a3)			* do save vector
                            	  4997: 
                            	  4998: 
                            	  4999: *************************************************************************************
                            	  5000: *
                            	  5001: * perform CALL
                            	  5002: 
                            	  5003: LAB_CALL
01:0008383C 487AF560        	  5004: 	PEA		LAB_GBYT		* put return address on stack
01:00083840 6100FF50        	  5005: 	BSR		LAB_GEAD			* get even address for word/long memory actions
                            	  5006: 							* address returned in d0 and on the stack
01:00083844 4E75            	  5007: 	RTS						* effectively calls the routine
                            	  5008: 
                            	  5009: * if the called routine exits correctly then it will return via the get byte routine.
                            	  5010: * this will then get the next byte for the interpreter and return
                            	  5011: 
                            	  5012: 
                            	  5013: *************************************************************************************
                            	  5014: *
                            	  5015: * perform WAIT
                            	  5016: 
                            	  5017: LAB_WAIT
01:00083846 6100FF16        	  5018: 	BSR		LAB_GADB			* get two parameters for POKE or WAIT
                            	  5019: 							* first parameter in a0, second in d0
01:0008384A 2F08            	  5020: 	MOVE.l	a0,-(sp)			* save address
01:0008384C 3F00            	  5021: 	MOVE.w	d0,-(sp)			* save byte
01:0008384E 7400            	  5022: 	MOVEQ		#0,d2				* clear mask
01:00083850 6100F54C        	  5023: 	BSR		LAB_GBYT			* scan memory
01:00083854 6706            	  5024: 	BEQ.s		LAB_2441			* skip if no third argument
                            	  5025: 
01:00083856 6100F536        	  5026: 	BSR		LAB_SCGB			* scan for "," & get byte,
                            	  5027: 							* else do syntax error/warm start
01:0008385A 2400            	  5028: 	MOVE.l	d0,d2				* copy mask
                            	  5029: LAB_2441
01:0008385C 321F            	  5030: 	MOVE.w	(sp)+,d1			* get byte
01:0008385E 205F            	  5031: 	MOVEA.l	(sp)+,a0			* get address
                            	  5032: LAB_2445
01:00083860 1010            	  5033: 	MOVE.b	(a0),d0			* read memory byte
01:00083862 B500            	  5034: 	EOR.b		d2,d0				* EOR with second argument (mask)
01:00083864 C001            	  5035: 	AND.b		d1,d0				* AND with first argument (byte)
01:00083866 67F8            	  5036: 	BEQ.s		LAB_2445			* loop if result is zero
                            	  5037: 
01:00083868 4E75            	  5038: 	RTS
                            	  5039: 
                            	  5040: 
                            	  5041: *************************************************************************************
                            	  5042: *
                            	  5043: * perform subtraction, FAC1 from FAC2
                            	  5044: 
                            	  5045: LAB_SUBTRACT
01:0008386A 0A2B00801EDD    	  5046: 	EORI.b	#$80,FAC1_s(a3)		* complement FAC1 sign
01:00083870 176B1EE51EE6    	  5047: 	MOVE.b	FAC2_s(a3),FAC_sc(a3)	* copy FAC2 sign byte
                            	  5048: 
01:00083876 102B1EDD        	  5049: 	MOVE.b	FAC1_s(a3),d0		* get FAC1 sign byte
01:0008387A B12B1EE6        	  5050: 	EOR.b		d0,FAC_sc(a3)		* EOR with FAC2 sign
                            	  5051: 
                            	  5052: 
                            	  5053: *************************************************************************************
                            	  5054: *
                            	  5055: * add FAC2 to FAC1
                            	  5056: 
                            	  5057: LAB_ADD
01:0008387E 102B1EDC        	  5058: 	MOVE.b	FAC1_e(a3),d0		* get exponent
01:00083882 6700033E        	  5059: 	BEQ		LAB_279B			* FAC1 was zero so copy FAC2 to FAC1 & return
                            	  5060: 
                            	  5061: 							* FAC1 is non zero
01:00083886 204BD1FC00081EE0	  5062: 	LEA		FAC2_m(a3),a0		* set pointer1 to FAC2 mantissa
01:0008388E 102B1EE4        	  5063: 	MOVE.b	FAC2_e(a3),d0		* get FAC2 exponent
01:00083892 6746            	  5064: 	BEQ.s		RTS_016			* exit if zero
                            	  5065: 
01:00083894 902B1EDC        	  5066: 	SUB.b		FAC1_e(a3),d0		* subtract FAC1 exponent
01:00083898 6722            	  5067: 	BEQ.s		LAB_24A8			* branch if = (go add mantissa)
                            	  5068: 
01:0008389A 650A            	  5069: 	BCS.s		LAB_249C			* branch if FAC2 < FAC1
                            	  5070: 
                            	  5071: 							* FAC2 > FAC1
01:0008389C 376B1EE41EDC    	  5072: 	MOVE.w	FAC2_e(a3),FAC1_e(a3)	* copy sign and exponent of FAC2
01:000838A2 4400            	  5073: 	NEG.b		d0				* negate exponent difference (make diff -ve)
01:000838A4 5148            	  5074: 	SUBQ.w	#8,a0				* pointer1 to FAC1
                            	  5075: 
                            	  5076: LAB_249C
01:000838A6 4400            	  5077: 	NEG.b		d0				* negate exponent difference (make diff +ve)
01:000838A8 2F01            	  5078: 	MOVE.l	d1,-(sp)			* save d1
01:000838AA B03C0020        	  5079: 	CMP.b		#32,d0			* compare exponent diff with 32
01:000838AE 6D04            	  5080: 	BLT.s		LAB_2467			* branch if range >= 32
                            	  5081: 
01:000838B0 7200            	  5082: 	MOVEQ		#0,d1				* clear d1
01:000838B2 6004            	  5083: 	BRA.s		LAB_2468			* go clear smaller mantissa
                            	  5084: 
                            	  5085: LAB_2467
01:000838B4 2210            	  5086: 	MOVE.l	(a0),d1			* get FACx mantissa
01:000838B6 E0A9            	  5087: 	LSR.l		d0,d1				* shift d0 times right
                            	  5088: LAB_2468
01:000838B8 2081            	  5089: 	MOVE.l	d1,(a0)			* save it back
01:000838BA 221F            	  5090: 	MOVE.l	(sp)+,d1			* restore d1
                            	  5091: 
                            	  5092: 							* exponents are equal now do mantissa add or
                            	  5093: 							* subtract
                            	  5094: LAB_24A8
01:000838BC 4A2B1EE6        	  5095: 	TST.b		FAC_sc(a3)			* test sign compare (FAC1 EOR FAC2)
01:000838C0 6B1A            	  5096: 	BMI.s		LAB_24F8			* if <> go do subtract
                            	  5097: 
01:000838C2 202B1EE0        	  5098: 	MOVE.l	FAC2_m(a3),d0		* get FAC2 mantissa
01:000838C6 D0AB1ED8        	  5099: 	ADD.l		FAC1_m(a3),d0		* add FAC1 mantissa
01:000838CA 640A            	  5100: 	BCC.s		LAB_24F7			* save and exit if no carry (FAC1 is normal)
                            	  5101: 
01:000838CC E290            	  5102: 	ROXR.l	#1,d0				* else shift carry back into mantissa
01:000838CE 522B1EDC        	  5103: 	ADDQ.b	#1,FAC1_e(a3)		* increment FAC1 exponent
01:000838D2 6500E86C        	  5104: 	BCS		LAB_OFER			* if carry do overflow error & warm start
                            	  5105: 
                            	  5106: LAB_24F7
01:000838D6 27401ED8        	  5107: 	MOVE.l	d0,FAC1_m(a3)		* save mantissa
                            	  5108: RTS_016
01:000838DA 4E75            	  5109: 	RTS
                            	  5110: 							* signs are different
                            	  5111: LAB_24F8
01:000838DC 224BD3FC00081ED8	  5112: 	LEA		FAC1_m(a3),a1		* pointer 2 to FAC1
01:000838E4 B3C8            	  5113: 	CMPA.l	a0,a1				* compare pointers
01:000838E6 6602            	  5114: 	BNE.s		LAB_24B4			* branch if <>
                            	  5115: 
01:000838E8 5049            	  5116: 	ADDQ.w	#8,a1				* else pointer2 to FAC2
                            	  5117: 
                            	  5118: 							* take smaller from bigger (take sign of bigger)
                            	  5119: LAB_24B4
01:000838EA 2011            	  5120: 	MOVE.l	(a1),d0			* get larger mantissa
01:000838EC 2210            	  5121: 	MOVE.l	(a0),d1			* get smaller mantissa
01:000838EE 27401ED8        	  5122: 	MOVE.l	d0,FAC1_m(a3)		* save larger mantissa
01:000838F2 93AB1ED8        	  5123: 	SUB.l		d1,FAC1_m(a3)		* subtract smaller
                            	  5124: 
                            	  5125: 
                            	  5126: *************************************************************************************
                            	  5127: *
                            	  5128: * do +/- (carry is sign) & normalise FAC1
                            	  5129: 
                            	  5130: LAB_24D0
01:000838F6 6408            	  5131: 	BCC.s		LAB_24D5			* branch if result is +ve
                            	  5132: 
                            	  5133: 							* erk! subtract is the wrong way round so
                            	  5134: 							* negate everything
01:000838F8 462B1EDD        	  5135: 	EORI.b	#$FF,FAC1_s(a3)		* complement FAC1 sign
01:000838FC 44AB1ED8        	  5136: 	NEG.l		FAC1_m(a3)			* negate FAC1 mantissa
                            	  5137: 
                            	  5138: 
                            	  5139: *************************************************************************************
                            	  5140: *
                            	  5141: * normalise FAC1
                            	  5142: 
                            	  5143: LAB_24D5
01:00083900 202B1ED8        	  5144: 	MOVE.l	FAC1_m(a3),d0		* get mantissa
01:00083904 6B2E            	  5145: 	BMI.s		LAB_24DA			* mantissa is normal so just exit
                            	  5146: 
01:00083906 6606            	  5147: 	BNE.s		LAB_24D9			* mantissa is not zero so go normalise FAC1
                            	  5148: 
01:00083908 37401EDC        	  5149: 	MOVE.w	d0,FAC1_e(a3)		* else make FAC1 = +zero
01:0008390C 4E75            	  5150: 	RTS
                            	  5151: 
                            	  5152: LAB_24D9
01:0008390E 2F01            	  5153: 	MOVE.l	d1,-(sp)			* save d1
01:00083910 2200            	  5154: 	MOVE.l	d0,d1				* mantissa to d1
01:00083912 7000            	  5155: 	MOVEQ		#0,d0				* clear d0
01:00083914 102B1EDC        	  5156: 	MOVE.b	FAC1_e(a3),d0		* get exponent byte
01:00083918 6714            	  5157: 	BEQ.s		LAB_24D8			* if exponent is zero then clean up and exit
                            	  5158: LAB_24D6
01:0008391A D281            	  5159: 	ADD.l		d1,d1				* shift mantissa, ADD is quicker for a single
                            	  5160: 							* shift
01:0008391C 5BC8FFFC        	  5161: 	DBMI		d0,LAB_24D6			* decrement exponent and loop if mantissa and
                            	  5162: 							* exponent +ve
                            	  5163: 
01:00083920 4A40            	  5164: 	TST.w		d0				* test exponent
01:00083922 670A            	  5165: 	BEQ.s		LAB_24D8			* if exponent is zero make FAC1 zero
                            	  5166: 
01:00083924 6A02            	  5167: 	BPL.s		LAB_24D7			* if exponent is >zero go save FAC1
                            	  5168: 
01:00083926 7001            	  5169: 	MOVEQ		#1,d0				* else set for zero after correction
                            	  5170: LAB_24D7
01:00083928 5300            	  5171: 	SUBQ.b	#1,d0				* adjust exponent for loop
01:0008392A 27411ED8        	  5172: 	MOVE.l	d1,FAC1_m(a3)		* save normalised mantissa
                            	  5173: LAB_24D8
01:0008392E 221F            	  5174: 	MOVE.l	(sp)+,d1			* restore d1
01:00083930 17401EDC        	  5175: 	MOVE.b	d0,FAC1_e(a3)		* save corrected exponent
                            	  5176: LAB_24DA
01:00083934 4E75            	  5177: 	RTS
                            	  5178: 
                            	  5179: 
                            	  5180: *************************************************************************************
                            	  5181: *
                            	  5182: * perform LOG()
                            	  5183: 
                            	  5184: LAB_LOG
01:00083936 4A2B1EDD        	  5185: 	TST.b		FAC1_s(a3)			* test sign
01:0008393A 6B00E808        	  5186: 	BMI		LAB_FCER			* if -ve do function call error/warm start
                            	  5187: 
01:0008393E 7E00            	  5188: 	MOVEQ		#0,d7				* clear d7
01:00083940 17471EE6        	  5189: 	MOVE.b	d7,FAC_sc(a3)		* clear sign compare
01:00083944 1E2B1EDC        	  5190: 	MOVE.b	FAC1_e(a3),d7		* get exponent
01:00083948 6700E7FA        	  5191: 	BEQ		LAB_FCER			* if 0 do function call error/warm start
                            	  5192: 
01:0008394C 9EBC00000081    	  5193: 	SUB.l		#$81,d7			* normalise exponent
01:00083952 177C00811EDC    	  5194: 	MOVE.b	#$81,FAC1_e(a3)		* force a value between 1 and 2
01:00083958 2C2B1ED8        	  5195: 	MOVE.l	FAC1_m(a3),d6		* copy mantissa
                            	  5196: 
01:0008395C 277C800000001EE0	  5197: 	MOVE.l	#$80000000,FAC2_m(a3)	* set mantissa for 1
01:00083964 377C81001EE4    	  5198: 	MOVE.w	#$8100,FAC2_e(a3)		* set exponent for 1
01:0008396A 6100FF12        	  5199: 	BSR		LAB_ADD			* find arg+1
01:0008396E 7000            	  5200: 	MOVEQ		#0,d0				* setup for calc skip
01:00083970 37401EE4        	  5201: 	MOVE.w	d0,FAC2_e(a3)		* set FAC1 for zero result
01:00083974 DC86            	  5202: 	ADD.l		d6,d6				* shift 1 bit out
01:00083976 27461EE0        	  5203: 	MOVE.l	d6,FAC2_m(a3)		* put back FAC2
01:0008397A 6758            	  5204: 	BEQ.s		LAB_LONN			* if 0 skip calculation
                            	  5205: 
01:0008397C 377C80001EE4    	  5206: 	MOVE.w	#$8000,FAC2_e(a3)		* set exponent for .5
01:00083982 61000130        	  5207: 	BSR		LAB_DIVIDE			* do (arg-1)/(arg+1)
01:00083986 4A2B1EDC        	  5208: 	TST.b		FAC1_e(a3)			* test exponent
01:0008398A 6748            	  5209: 	BEQ.s		LAB_LONN			* if 0 skip calculation
                            	  5210: 
01:0008398C 122B1EDC        	  5211: 	MOVE.b	FAC1_e(a3),d1		* get exponent
01:00083990 923C0082        	  5212: 	SUB.b		#$82,d1			* normalise and two integer bits
01:00083994 4401            	  5213: 	NEG.b		d1				* negate for shift
                            	  5214: **	CMP.b		#$1F,d1			* will mantissa vanish?
                            	  5215: **	BGT.s		LAB_dunno			* if so do ???
                            	  5216: 
01:00083996 202B1ED8        	  5217: 	MOVE.l	FAC1_m(a3),d0		* get mantissa
01:0008399A E2A8            	  5218: 	LSR.l		d1,d0				* shift in two integer bits
                            	  5219: 
                            	  5220: * d0 = arg
                            	  5221: * d0 = x, d1 = y
                            	  5222: * d2 = x1, d3 = y1
                            	  5223: * d4 = shift count
                            	  5224: * d5 = loop count
                            	  5225: * d6 = z
                            	  5226: * a0 = table pointer
                            	  5227: 
01:0008399C 7C00            	  5228: 	MOVEQ		#0,d6				* z = 0
01:0008399E 223C40000000    	  5229: 	MOVE.l	#1<<30,d1			* y = 1
01:000839A4 41FA141C        	  5230: 	LEA		TAB_HTHET,a0		* get pointer to hyperbolic tangent table
01:000839A8 7A1E            	  5231: 	MOVEQ		#30,d5			* loop 31 times
01:000839AA 7801            	  5232: 	MOVEQ		#1,d4				* set shift count
01:000839AC 6006            	  5233: 	BRA.s		LAB_LOCC			* entry point for loop
                            	  5234: 
                            	  5235: LAB_LAAD
01:000839AE E8A2            	  5236: 	ASR.l		d4,d2				* x1 >> i
01:000839B0 9282            	  5237: 	SUB.l		d2,d1				* y = y - x1
01:000839B2 DC90            	  5238: 	ADD.l		(a0),d6			* z = z + tanh(i)
                            	  5239: LAB_LOCC
01:000839B4 2400            	  5240: 	MOVE.l	d0,d2				* x1 = x
01:000839B6 2601            	  5241: 	MOVE.l	d1,d3				* y1 = Y
01:000839B8 E8A3            	  5242: 	ASR.l		d4,d3				* y1 >> i
01:000839BA 6402            	  5243: 	BCC.s		LAB_LOLP
                            	  5244: 
01:000839BC 5283            	  5245: 	ADDQ.l	#1,d3
                            	  5246: LAB_LOLP
01:000839BE 9083            	  5247: 	SUB.l		d3,d0				* x = x - y1
01:000839C0 6AEC            	  5248: 	BPL.s		LAB_LAAD			* branch if > 0
                            	  5249: 
01:000839C2 2002            	  5250: 	MOVE.l	d2,d0				* get x back
01:000839C4 5848            	  5251: 	ADDQ.w	#4,a0				* next entry
01:000839C6 5284            	  5252: 	ADDQ.l	#1,d4				* next i
01:000839C8 E28B            	  5253: 	LSR.l		#1,d3				* /2
01:000839CA 6704            	  5254: 	BEQ.s		LAB_LOCX			* branch y1 = 0
                            	  5255: 
01:000839CC 51CDFFF0        	  5256: 	DBF		d5,LAB_LOLP			* decrement and loop if not done
                            	  5257: 
                            	  5258: 							* now sort out the result
                            	  5259: LAB_LOCX
01:000839D0 DC86            	  5260: 	ADD.l		d6,d6				* *2
01:000839D2 2006            	  5261: 	MOVE.l	d6,d0				* setup for d7 = 0
                            	  5262: LAB_LONN
01:000839D4 2800            	  5263: 	MOVE.l	d0,d4				* save cordic result
01:000839D6 7A00            	  5264: 	MOVEQ		#0,d5				* set default exponent sign
01:000839D8 4A87            	  5265: 	TST.l		d7				* check original exponent sign
01:000839DA 6716            	  5266: 	BEQ.s		LAB_LOXO			* branch if original was 0
                            	  5267: 
01:000839DC 6A04            	  5268: 	BPL.s		LAB_LOXP			* branch if was +ve
                            	  5269: 
01:000839DE 4487            	  5270: 	NEG.l		d7				* make original exponent +ve
01:000839E0 7A80            	  5271: 	MOVEQ		#$80-$100,d5		* make sign -ve
                            	  5272: LAB_LOXP
01:000839E2 17451EDD        	  5273: 	MOVE.b	d5,FAC1_s(a3)		* save original exponent sign
01:000839E6 4847            	  5274: 	SWAP		d7				* 16 bit shift
01:000839E8 E18F            	  5275: 	LSL.l		#8,d7				* easy first part
01:000839EA 7A88            	  5276: 	MOVEQ		#$88-$100,d5		* start with byte
                            	  5277: LAB_LONE
01:000839EC 5385            	  5278: 	SUBQ.l	#1,d5				* decrement exponent
01:000839EE DE87            	  5279: 	ADD.l		d7,d7				* shift mantissa
01:000839F0 6AFA            	  5280: 	BPL.s		LAB_LONE			* loop if not normal
                            	  5281: 
                            	  5282: LAB_LOXO
01:000839F2 27471ED8        	  5283: 	MOVE.l	d7,FAC1_m(a3)		* save original exponent as mantissa
01:000839F6 17451EDC        	  5284: 	MOVE.b	d5,FAC1_e(a3)		* save exponent for this
01:000839FA 277CB17217F81EE0	  5285: 	MOVE.l	#$B17217F8,FAC2_m(a3)	* LOG(2) mantissa
01:00083A02 377C80001EE4    	  5286: 	MOVE.w	#$8000,FAC2_e(a3)		* LOG(2) exponent & sign
01:00083A08 176B1EDD1EE6    	  5287: 	MOVE.b	FAC1_s(a3),FAC_sc(a3)	* make sign compare = FAC1 sign
01:00083A0E 6118            	  5288: 	BSR.s		LAB_MULTIPLY		* do multiply
01:00083A10 27441EE0        	  5289: 	MOVE.l	d4,FAC2_m(a3)		* save cordic result
01:00083A14 6710            	  5290: 	BEQ.s		LAB_LOWZ			* branch if zero
                            	  5291: 
01:00083A16 377C82001EE4    	  5292: 	MOVE.w	#$8200,FAC2_e(a3)		* set exponent & sign
01:00083A1C 176B1EDD1EE6    	  5293: 	MOVE.b	FAC1_s(a3),FAC_sc(a3)	* clear sign compare
01:00083A22 6100FE5A        	  5294: 	BSR		LAB_ADD			* and add for final result
                            	  5295: 
                            	  5296: LAB_LOWZ
01:00083A26 4E75            	  5297: 	RTS
                            	  5298: 
                            	  5299: 
                            	  5300: *************************************************************************************
                            	  5301: *
                            	  5302: * multiply FAC1 by FAC2
                            	  5303: 
                            	  5304: LAB_MULTIPLY
01:00083A28 48E7F800        	  5305: 	MOVEM.l	d0-d4,-(sp)			* save registers
01:00083A2C 4A2B1EDC        	  5306: 	TST.b		FAC1_e(a3)			* test FAC1 exponent
01:00083A30 6776            	  5307: 	BEQ.s		LAB_MUUF			* if exponent zero go make result zero
                            	  5308: 
01:00083A32 102B1EE4        	  5309: 	MOVE.b	FAC2_e(a3),d0		* get FAC2 exponent
01:00083A36 6770            	  5310: 	BEQ.s		LAB_MUUF			* if exponent zero go make result zero
                            	  5311: 
01:00083A38 176B1EE61EDD    	  5312: 	MOVE.b	FAC_sc(a3),FAC1_s(a3)	* sign compare becomes sign
                            	  5313: 
01:00083A3E D02B1EDC        	  5314: 	ADD.b		FAC1_e(a3),d0		* multiply exponents by adding
01:00083A42 640A            	  5315: 	BCC.s		LAB_MNOC			* branch if no carry
                            	  5316: 
01:00083A44 903C0080        	  5317: 	SUB.b		#$80,d0			* normalise result
01:00083A48 6400E6F6        	  5318: 	BCC		LAB_OFER			* if no carry do overflow
                            	  5319: 
01:00083A4C 6006            	  5320: 	BRA.s		LAB_MADD			* branch
                            	  5321: 
                            	  5322: 							* no carry for exponent add
                            	  5323: LAB_MNOC
01:00083A4E 903C0080        	  5324: 	SUB.b		#$80,d0			* normalise result
01:00083A52 6554            	  5325: 	BCS.s		LAB_MUUF			* return zero if underflow
                            	  5326: 
                            	  5327: LAB_MADD
01:00083A54 17401EDC        	  5328: 	MOVE.b	d0,FAC1_e(a3)		* save exponent
                            	  5329: 
                            	  5330: 							* d1 (FAC1) x d2 (FAC2)
01:00083A58 222B1ED8        	  5331: 	MOVE.l	FAC1_m(a3),d1		* get FAC1 mantissa
01:00083A5C 242B1EE0        	  5332: 	MOVE.l	FAC2_m(a3),d2		* get FAC2 mantissa
                            	  5333: 
01:00083A60 3801            	  5334: 	MOVE.w	d1,d4				* copy low word FAC1
01:00083A62 2001            	  5335: 	MOVE.l	d1,d0				* copy long word FAC1
01:00083A64 4840            	  5336: 	SWAP		d0				* high word FAC1 to low word FAC1
01:00083A66 3600            	  5337: 	MOVE.w	d0,d3				* copy high word FAC1
                            	  5338: 
01:00083A68 C2C2            	  5339: 	MULU		d2,d1				* low word FAC2 x low word FAC1
01:00083A6A C0C2            	  5340: 	MULU		d2,d0				* low word FAC2 x high word FAC1
01:00083A6C 4842            	  5341: 	SWAP		d2				* high word FAC2 to low word FAC2
01:00083A6E C8C2            	  5342: 	MULU		d2,d4				* high word FAC2 x low word FAC1
01:00083A70 C6C2            	  5343: 	MULU		d2,d3				* high word FAC2 x high word FAC1
                            	  5344: 
                            	  5345: * done multiply, now add partial products
                            	  5346: 
                            	  5347: *			d1 =					aaaa  ----	FAC2_L x FAC1_L
                            	  5348: *			d0 =				bbbb  aaaa		FAC2_L x FAC1_H
                            	  5349: *			d4 =				bbbb  aaaa		FAC2_H x FAC1_L
                            	  5350: *			d3 =			cccc  bbbb			FAC2_H x FAC1_H
                            	  5351: *			product =		mmmm  mmmm
                            	  5352: 
01:00083A72 D2BC00008000    	  5353: 	ADD.L		#$8000,d1			* round up lowest word
01:00083A78 4241            	  5354: 	CLR.w		d1				* clear low word, don't need it
01:00083A7A 4841            	  5355: 	SWAP		d1				* align high word
01:00083A7C D280            	  5356: 	ADD.l		d0,d1				* add FAC2_L x FAC1_H (can't be carry)
                            	  5357: LAB_MUF1
01:00083A7E D284            	  5358: 	ADD.l		d4,d1				* now add intermediate (FAC2_H x FAC1_L)
01:00083A80 6406            	  5359: 	BCC.s		LAB_MUF2			* branch if no carry
                            	  5360: 
01:00083A82 D6BC00010000    	  5361: 	ADD.l		#$10000,d3			* else correct result
                            	  5362: LAB_MUF2
01:00083A88 D2BC00008000    	  5363: 	ADD.l		#$8000,d1			* round up low word
01:00083A8E 4241            	  5364: 	CLR.w		d1				* clear low word
01:00083A90 4841            	  5365: 	SWAP		d1				* align for final add
01:00083A92 D283            	  5366: 	ADD.l		d3,d1				* add FAC2_H x FAC1_H, result
01:00083A94 6B08            	  5367: 	BMI.s		LAB_MUF3			* branch if normalisation not needed
                            	  5368: 
01:00083A96 D281            	  5369: 	ADD.l		d1,d1				* shift mantissa
01:00083A98 532B1EDC        	  5370: 	SUBQ.b	#1,FAC1_e(a3)		* adjust exponent
01:00083A9C 670A            	  5371: 	BEQ.s		LAB_MUUF			* branch if underflow
                            	  5372: 
                            	  5373: LAB_MUF3
01:00083A9E 27411ED8        	  5374: 	MOVE.l	d1,FAC1_m(a3)		* save mantissa
                            	  5375: LAB_MUEX
01:00083AA2 4CDF001F        	  5376: 	MOVEM.l	(sp)+,d0-d4			* restore registers
01:00083AA6 4E75            	  5377: 	RTS
                            	  5378: 							* either zero or underflow result
                            	  5379: LAB_MUUF
01:00083AA8 7000            	  5380: 	MOVEQ		#0,d0				* quick clear
01:00083AAA 27401ED8        	  5381: 	MOVE.l	d0,FAC1_m(a3)		* clear mantissa
01:00083AAE 37401EDC        	  5382: 	MOVE.w	d0,FAC1_e(a3)		* clear sign and exponent
01:00083AB2 60EE            	  5383: 	BRA.s		LAB_MUEX			* restore regs & exit
                            	  5384: 
                            	  5385: 
                            	  5386: *************************************************************************************
                            	  5387: *
                            	  5388: * do FAC2/FAC1, result in FAC1
                            	  5389: * fast hardware divide version
                            	  5390: 
                            	  5391: LAB_DIVIDE
01:00083AB4 2F07            	  5392: 	MOVE.l	d7,-(sp)			* save d7
01:00083AB6 7000            	  5393: 	MOVEQ		#0,d0				* clear FAC2 exponent
01:00083AB8 2400            	  5394: 	MOVE.l	d0,d2				* clear FAC1 exponent
                            	  5395: 
01:00083ABA 142B1EDC        	  5396: 	MOVE.b	FAC1_e(a3),d2		* get FAC1 exponent
01:00083ABE 6700E66C        	  5397: 	BEQ		LAB_DZER			* if zero go do /0 error
                            	  5398: 
01:00083AC2 102B1EE4        	  5399: 	MOVE.b	FAC2_e(a3),d0		* get FAC2 exponent
01:00083AC6 6766            	  5400: 	BEQ.s		LAB_DIV0			* if zero return zero
                            	  5401: 
01:00083AC8 9042            	  5402: 	SUB.w		d2,d0				* get result exponent by subtracting
01:00083ACA D07C0080        	  5403: 	ADD.w		#$80,d0			* correct 16 bit exponent result
                            	  5404: 
01:00083ACE 176B1EE61EDD    	  5405: 	MOVE.b	FAC_sc(a3),FAC1_s(a3)	* sign compare is result sign
                            	  5406: 
                            	  5407: * now to do 32/32 bit mantissa divide
                            	  5408: 
01:00083AD4 422B1EE7        	  5409: 	CLR.b		flag(a3)			* clear 'flag' byte
01:00083AD8 262B1ED8        	  5410: 	MOVE.l	FAC1_m(a3),d3		* get FAC1 mantissa
01:00083ADC 282B1EE0        	  5411: 	MOVE.l	FAC2_m(a3),d4		* get FAC2 mantissa
01:00083AE0 B883            	  5412: 	CMP.l		d3,d4				* compare FAC2 with FAC1 mantissa
01:00083AE2 6744            	  5413: 	BEQ.s		LAB_MAN1			* set mantissa result = 1 if equal
                            	  5414: 
01:00083AE4 6506            	  5415: 	BCS.s		AC1gtAC2			* branch if FAC1 > FAC2
                            	  5416: 
01:00083AE6 9883            	  5417: 	SUB.l		d3,d4				* subtract FAC1 from FAC2, result now must be <1
01:00083AE8 562B1EE7        	  5418: 	ADDQ.b	#3,flag(a3)			* FAC2>FAC1 so set 'flag' byte
                            	  5419: AC1gtAC2
01:00083AEC 6146            	  5420: 	BSR.s		LAB_32_16			* do 32/16 divide
01:00083AEE 4841            	  5421: 	SWAP		d1				* move 16 bit result to high word
01:00083AF0 2802            	  5422: 	MOVE.l	d2,d4				* copy remainder longword
01:00083AF2 6142            	  5423: 	BSR.s		LAB_3216			* do 32/16 divide again (skip copy d4 to d2)
01:00083AF4 84C5            	  5424: 	DIVU.w	d5,d2				* now divide remainder to make guard word
01:00083AF6 1E2B1EE7        	  5425: 	MOVE.b	flag(a3),d7			* now normalise, get flag byte back
01:00083AFA 6708            	  5426: 	BEQ.s		LAB_DIVX			* skip add if null
                            	  5427: 
                            	  5428: * else result was >1 so we need to add 1 to result mantissa and adjust exponent
                            	  5429: 
01:00083AFC E20F            	  5430: 	LSR.b		#1,d7				* shift 1 into eXtend
01:00083AFE E291            	  5431: 	ROXR.l	#1,d1				* shift extend result >>
01:00083B00 E252            	  5432: 	ROXR.w	#1,d2				* shift extend guard word >>
01:00083B02 5200            	  5433: 	ADDQ.b	#1,d0				* adjust exponent
                            	  5434: 
                            	  5435: * now round result to 32 bits
                            	  5436: 
                            	  5437: LAB_DIVX
01:00083B04 D442            	  5438: 	ADD.w		d2,d2				* guard bit into eXtend bit
01:00083B06 6408            	  5439: 	BCC.s		L_DIVRND			* branch if guard=0
                            	  5440: 
01:00083B08 5281            	  5441: 	ADDQ.l	#1,d1				* add guard to mantissa
01:00083B0A 6404            	  5442: 	BCC.s		L_DIVRND			* branch if no overflow
                            	  5443: 
                            	  5444: LAB_SET1
01:00083B0C E291            	  5445: 	ROXR.l	#1,d1				* shift extend result >>
01:00083B0E 5240            	  5446: 	ADDQ.w	#1,d0				* adjust exponent
                            	  5447: 
                            	  5448: 							* test for over/under flow
                            	  5449: L_DIVRND
01:00083B10 3600            	  5450: 	MOVE.w	d0,d3				* copy exponent
01:00083B12 6B1A            	  5451: 	BMI.s		LAB_DIV0			* if -ve return zero
                            	  5452: 
01:00083B14 0243FF00        	  5453: 	ANDI.w	#$FF00,d3			* mask word high byte
01:00083B18 6600E626        	  5454: 	BNE		LAB_OFER			* branch if overflow
                            	  5455: 
                            	  5456: 							* move result into FAC1
                            	  5457: LAB_XDIV
01:00083B1C 2E1F            	  5458: 	MOVE.l	(sp)+,d7			* restore d7
01:00083B1E 17401EDC        	  5459: 	MOVE.b	d0,FAC1_e(a3)		* save result exponent
01:00083B22 27411ED8        	  5460: 	MOVE.l	d1,FAC1_m(a3)		* save result mantissa
01:00083B26 4E75            	  5461: 	RTS
                            	  5462: 
                            	  5463: * FAC1 mantissa = FAC2 mantissa so set result mantissa
                            	  5464: 
                            	  5465: LAB_MAN1
01:00083B28 7201            	  5466: 	MOVEQ		#1,d1				* set bit
01:00083B2A E2A9            	  5467: 	LSR.l		d1,d1				* bit into eXtend
01:00083B2C 60DE            	  5468: 	BRA.s		LAB_SET1			* set mantissa, adjust exponent and exit
                            	  5469: 
                            	  5470: * result is zero
                            	  5471: 
                            	  5472: LAB_DIV0
01:00083B2E 7000            	  5473: 	MOVEQ		#0,d0				* zero exponent & sign
01:00083B30 2200            	  5474: 	MOVE.l	d0,d1				* zero mantissa
01:00083B32 60E8            	  5475: 	BRA		LAB_XDIV			* exit divide
                            	  5476: 
                            	  5477: * divide 16 bits into 32, AB/Ex
                            	  5478: *
                            	  5479: * d4			AAAA	BBBB			* 32 bit numerator
                            	  5480: * d3			EEEE	xxxx			* 16 bit denominator
                            	  5481: *
                            	  5482: * returns -
                            	  5483: *
                            	  5484: * d1			xxxx	DDDD			* 16 bit result
                            	  5485: * d2				HHHH	IIII		* 32 bit remainder
                            	  5486: 
                            	  5487: LAB_32_16
01:00083B34 2404            	  5488: 	MOVE.l	d4,d2				* copy FAC2 mantissa		(AB)
                            	  5489: LAB_3216
01:00083B36 2A03            	  5490: 	MOVE.l	d3,d5				* copy FAC1 mantissa		(EF)
01:00083B38 4245            	  5491: 	CLR.w		d5				* clear low word d1		(Ex)
01:00083B3A 4845            	  5492: 	SWAP		d5				* swap high word to low word	(xE)
                            	  5493: 
                            	  5494: * d3			EEEE	FFFF			* denominator copy
                            	  5495: * d5		0000	EEEE				* denominator high word
                            	  5496: * d2			AAAA	BBBB			* numerator copy
                            	  5497: * d4			AAAA	BBBB			* numerator
                            	  5498: 
01:00083B3C 88C5            	  5499: 	DIVU.w	d5,d4				* do FAC2/FAC1 high word	(AB/E)
01:00083B3E 6802            	  5500: 	BVC.s		LAB_LT_1			* if no overflow DIV was ok
                            	  5501: 
01:00083B40 78FF            	  5502: 	MOVEQ		#-1,d4			* else set default value
                            	  5503: 
                            	  5504: * done the divide, now check the result, we have ...
                            	  5505: 
                            	  5506: * d3			EEEE	FFFF			* denominator copy
                            	  5507: * d5		0000	EEEE				* denominator high word
                            	  5508: * d2			AAAA	BBBB			* numerator copy
                            	  5509: * d4			MMMM	DDDD			* result MOD and DIV
                            	  5510: 
                            	  5511: LAB_LT_1
01:00083B42 3C04            	  5512: 	MOVE.w	d4,d6				* copy 16 bit result
01:00083B44 3204            	  5513: 	MOVE.w	d4,d1				* copy 16 bit result again
                            	  5514: 
                            	  5515: * we now have ..
                            	  5516: * d3			EEEE	FFFF			* denominator copy
                            	  5517: * d5		0000	EEEE				* denominator high word
                            	  5518: * d6			xxxx  DDDD			* result DIV copy
                            	  5519: * d1			xxxx  DDDD			* result DIV copy
                            	  5520: * d2			AAAA	BBBB			* numerator copy
                            	  5521: * d4			MMMM	DDDD			* result MOD and DIV
                            	  5522: 
                            	  5523: * now multiply out 32 bit denominator by 16 bit result
                            	  5524: * QRS = AB*D
                            	  5525: 
01:00083B46 CCC3            	  5526: 	MULU.w	d3,d6				* FFFF * DDDD =       rrrr  SSSS
01:00083B48 C8C5            	  5527: 	MULU.w	d5,d4				* EEEE * DDDD = QQQQ  rrrr
                            	  5528: 
                            	  5529: * we now have ..
                            	  5530: * d3			EEEE	FFFF			* denominator copy
                            	  5531: * d5		0000	EEEE				* denominator high word
                            	  5532: * d6				rrrr  SSSS		* 48 bit result partial low
                            	  5533: * d1			xxxx  DDDD			* result DIV copy
                            	  5534: * d2			AAAA	BBBB			* numerator copy
                            	  5535: * d4			QQQQ	rrrr			* 48 bit result partial
                            	  5536: 
01:00083B4A 3E06            	  5537: 	MOVE.w	d6,d7				* copy low word of low multiply
                            	  5538: 
                            	  5539: * d7				xxxx	SSSS		* 48 bit result partial low
                            	  5540: 
01:00083B4C 4246            	  5541: 	CLR.w		d6				* clear low word of low multiply
01:00083B4E 4846            	  5542: 	SWAP		d6				* high word of low multiply to low word
                            	  5543: 
                            	  5544: * d6			0000	rrrr			* high word of 48 bit result partial low
                            	  5545: 
01:00083B50 D886            	  5546: 	ADD.l		d6,d4
                            	  5547: 
                            	  5548: * d4			QQQQ	RRRR			* 48 bit result partial high longword
                            	  5549: 
01:00083B52 7C00            	  5550: 	MOVEQ		#0,d6				* clear to extend numerator to 48 bits
                            	  5551: 
                            	  5552: * now do GHI = AB0 - QRS (which is the remainder)
                            	  5553: 
01:00083B54 9C47            	  5554: 	SUB.w		d7,d6				* low word subtract
                            	  5555: 
                            	  5556: * d6				xxxx	IIII		* remainder low word
                            	  5557: 
01:00083B56 9584            	  5558: 	SUBX.l	d4,d2				* high longword subtract
                            	  5559: 
                            	  5560: * d2			GGGG	HHHH			* remainder high longword
                            	  5561: 
                            	  5562: * now if we got the divide correct then the remainder high longword will be +ve
                            	  5563: 
01:00083B58 6A08            	  5564: 	BPL.s		L_DDIV			* branch if result is ok (<needed)
                            	  5565: 
                            	  5566: * remainder was -ve so DDDD is too big
                            	  5567: 
                            	  5568: LAB_REMM
01:00083B5A 5341            	  5569: 	SUBQ.w	#1,d1				* adjust DDDD
                            	  5570: 
                            	  5571: * d3				xxxx	FFFF		* denominator copy
                            	  5572: * d6				xxxx	IIII		* remainder low word
                            	  5573: 
01:00083B5C DC43            	  5574: 	ADD.w		d3,d6				* add EF*1 low remainder low word
                            	  5575: 
                            	  5576: * d5			0000	EEEE			* denominator high word
                            	  5577: * d2			GGGG	HHHH			* remainder high longword
                            	  5578: 
01:00083B5E D585            	  5579: 	ADDX.l	d5,d2				* add extend EF*1 to remainder high longword
01:00083B60 6BF8            	  5580: 	BMI.s		LAB_REMM			* loop if result still too big
                            	  5581: 
                            	  5582: * all done and result correct or <
                            	  5583: 
                            	  5584: L_DDIV
01:00083B62 4842            	  5585: 	SWAP		d2				* remainder mid word to high word
                            	  5586: 
                            	  5587: * d2			HHHH	GGGG			* (high word /should/ be $0000)
                            	  5588: 
01:00083B64 3406            	  5589: 	MOVE.w	d6,d2				* remainder in high word
                            	  5590: 
                            	  5591: * d2				HHHH	IIII		* now is 32 bit remainder
                            	  5592: * d1			xxxx	DDDD			* 16 bit result
                            	  5593: 
01:00083B66 4E75            	  5594: 	RTS
                            	  5595: 
                            	  5596: 
                            	  5597: *************************************************************************************
                            	  5598: *
                            	  5599: * unpack memory (a0) into FAC1
                            	  5600: 
                            	  5601: LAB_UFAC
01:00083B68 2010            	  5602: 	MOVE.l	(a0),d0			* get packed value
01:00083B6A 4840            	  5603: 	SWAP		d0				* exponent and sign into least significant word
01:00083B6C 37401EDC        	  5604: 	MOVE.w	d0,FAC1_e(a3)		* save exponent and sign
01:00083B70 6708            	  5605: 	BEQ.s		LAB_NB1T			* branch if exponent (and the rest) zero
                            	  5606: 
01:00083B72 807C0080        	  5607: 	OR.w		#$80,d0			* set MSb
01:00083B76 4840            	  5608: 	SWAP		d0				* word order back to normal
01:00083B78 E180            	  5609: 	ASL.l		#8,d0				* shift exponent & clear guard byte
                            	  5610: LAB_NB1T
01:00083B7A 27401ED8        	  5611: 	MOVE.l	d0,FAC1_m(a3)		* move into FAC1
                            	  5612: 
01:00083B7E 102B1EDC        	  5613: 	MOVE.b	FAC1_e(a3),d0		* get FAC1 exponent
01:00083B82 4E75            	  5614: 	RTS
                            	  5615: 
                            	  5616: 
                            	  5617: *************************************************************************************
                            	  5618: *
                            	  5619: * set numeric variable, pack FAC1 into Lvarpl
                            	  5620: 
                            	  5621: LAB_PFAC
01:00083B84 2F08            	  5622: 	MOVE.l	a0,-(sp)			* save pointer
01:00083B86 206B1472        	  5623: 	MOVEA.l	Lvarpl(a3),a0		* get destination pointer
01:00083B8A 082B00061EFD    	  5624: 	BTST		#6,Dtypef(a3)		* test data type
01:00083B90 670C            	  5625: 	BEQ.s		LAB_277C			* branch if floating
                            	  5626: 
01:00083B92 610000C6        	  5627: 	BSR		LAB_2831			* convert FAC1 floating to fixed
                            	  5628: 							* result in d0 and Itemp
01:00083B96 2080            	  5629: 	MOVE.l	d0,(a0)			* save in var
01:00083B98 205F            	  5630: 	MOVE.l	(sp)+,a0			* restore pointer
01:00083B9A 4E75            	  5631: 	RTS
                            	  5632: 
                            	  5633: 
                            	  5634: *************************************************************************************
                            	  5635: *
                            	  5636: * normalise round and pack FAC1 into (a0)
                            	  5637: 
                            	  5638: LAB_2778
01:00083B9C 2F08            	  5639: 	MOVE.l	a0,-(sp)			* save pointer
                            	  5640: LAB_277C
01:00083B9E 6100FD60        	  5641: 	BSR		LAB_24D5			* normalise FAC1
01:00083BA2 612C            	  5642: 	BSR.s		LAB_27BA			* round FAC1
01:00083BA4 202B1ED8        	  5643: 	MOVE.l	FAC1_m(a3),d0		* get FAC1 mantissa
01:00083BA8 E098            	  5644: 	ROR.l		#8,d0				* align 24/32 bit mantissa
01:00083BAA 4840            	  5645: 	SWAP		d0				* exponent/sign into 0-15
01:00083BAC C07C007F        	  5646: 	AND.w		#$7F,d0			* clear exponent and sign bit
01:00083BB0 022B00801EDD    	  5647: 	ANDI.b	#$80,FAC1_s(a3)		* clear non sign bits in sign
01:00083BB6 806B1EDC        	  5648: 	OR.w		FAC1_e(a3),d0		* OR in exponent and sign
01:00083BBA 4840            	  5649: 	SWAP		d0				* move exponent and sign back to 16-31
01:00083BBC 2080            	  5650: 	MOVE.l	d0,(a0)			* store in destination
01:00083BBE 205F            	  5651: 	MOVE.l	(sp)+,a0			* restore pointer
01:00083BC0 4E75            	  5652: 	RTS
                            	  5653: 
                            	  5654: 
                            	  5655: *************************************************************************************
                            	  5656: *
                            	  5657: * copy FAC2 to FAC1
                            	  5658: 
                            	  5659: LAB_279B
01:00083BC2 376B1EE41EDC    	  5660: 	MOVE.w	FAC2_e(a3),FAC1_e(a3)	* copy exponent & sign
01:00083BC8 276B1EE01ED8    	  5661: 	MOVE.l	FAC2_m(a3),FAC1_m(a3)	* copy mantissa
01:00083BCE 4E75            	  5662: 	RTS
                            	  5663: 
                            	  5664: 
                            	  5665: *************************************************************************************
                            	  5666: *
                            	  5667: * round FAC1
                            	  5668: 
                            	  5669: LAB_27BA
01:00083BD0 102B1EDC        	  5670: 	MOVE.b	FAC1_e(a3),d0		* get FAC1 exponent
01:00083BD4 6720            	  5671: 	BEQ.s		LAB_27C4			* branch if zero
                            	  5672: 
01:00083BD6 202B1ED8        	  5673: 	MOVE.l	FAC1_m(a3),d0		* get FAC1
01:00083BDA D0BC00000080    	  5674: 	ADD.l		#$80,d0			* round to 24 bit
01:00083BE0 640A            	  5675: 	BCC.s		LAB_27C3			* branch if no overflow
                            	  5676: 
01:00083BE2 E290            	  5677: 	ROXR.l	#1,d0				* shift FAC1 mantissa
01:00083BE4 522B1EDC        	  5678: 	ADDQ.b	#1,FAC1_e(a3)		* correct exponent
01:00083BE8 6500E556        	  5679: 	BCS		LAB_OFER			* if carry do overflow error & warm start
                            	  5680: 
                            	  5681: LAB_27C3
01:00083BEC C03C0000        	  5682: 	AND.b		#$00,d0			* clear guard byte
01:00083BF0 27401ED8        	  5683: 	MOVE.l	d0,FAC1_m(a3)		* save back to FAC1
01:00083BF4 4E75            	  5684: 	RTS
                            	  5685: 
                            	  5686: LAB_27C4
01:00083BF6 17401EDD        	  5687: 	MOVE.b	d0,FAC1_s(a3)		* make zero always +ve
                            	  5688: RTS_017
01:00083BFA 4E75            	  5689: 	RTS
                            	  5690: 
                            	  5691: 
                            	  5692: *************************************************************************************
                            	  5693: *
                            	  5694: * get FAC1 sign
                            	  5695: * return d0=-1,C=1/-ve d0=+1,C=0/+ve
                            	  5696: 
                            	  5697: LAB_27CA
01:00083BFC 7000            	  5698: 	MOVEQ		#0,d0				* clear d0
01:00083BFE 102B1EDC        	  5699: 	MOVE.b	FAC1_e(a3),d0		* get FAC1 exponent
01:00083C02 67F6            	  5700: 	BEQ.s		RTS_017			* exit if zero (already correct SGN(0)=0)
                            	  5701: 
                            	  5702: 
                            	  5703: *************************************************************************************
                            	  5704: *
                            	  5705: * return d0=-1,C=1/-ve d0=+1,C=0/+ve
                            	  5706: * no = 0 check
                            	  5707: 
                            	  5708: LAB_27CE
01:00083C04 102B1EDD        	  5709: 	MOVE.b	FAC1_s(a3),d0		* else get FAC1 sign (b7)
                            	  5710: 
                            	  5711: 
                            	  5712: *************************************************************************************
                            	  5713: *
                            	  5714: * return d0=-1,C=1/-ve d0=+1,C=0/+ve
                            	  5715: * no = 0 check, sign in d0
                            	  5716: 
                            	  5717: LAB_27D0
01:00083C08 4880            	  5718: 	EXT.w		d0				* make word
01:00083C0A 48C0            	  5719: 	EXT.l		d0				* make longword
01:00083C0C E080            	  5720: 	ASR.l		#8,d0				* move sign bit through byte to carry
01:00083C0E 65EA            	  5721: 	BCS.s		RTS_017			* exit if carry set
                            	  5722: 
01:00083C10 7001            	  5723: 	MOVEQ		#1,d0				* set result for +ve sign
01:00083C12 4E75            	  5724: 	RTS
                            	  5725: 
                            	  5726: 
                            	  5727: *************************************************************************************
                            	  5728: *
                            	  5729: * perform SGN()
                            	  5730: 
                            	  5731: LAB_SGN
01:00083C14 61E6            	  5732: 	BSR.s		LAB_27CA			* get FAC1 sign
                            	  5733: 							* return d0=-1/-ve d0=+1/+ve
                            	  5734: 
                            	  5735: 
                            	  5736: *************************************************************************************
                            	  5737: *
                            	  5738: * save d0 as integer longword
                            	  5739: 
                            	  5740: LAB_27DB
01:00083C16 27401ED8        	  5741: 	MOVE.l	d0,FAC1_m(a3)		* save FAC1 mantissa
01:00083C1A 377CA0001EDC    	  5742: 	MOVE.w	#$A000,FAC1_e(a3)		* set FAC1 exponent & sign
01:00083C20 D080            	  5743: 	ADD.l		d0,d0				* top bit into carry
01:00083C22 6000FCD2        	  5744: 	BRA		LAB_24D0			* do +/- (carry is sign) & normalise FAC1
                            	  5745: 
                            	  5746: 
                            	  5747: *************************************************************************************
                            	  5748: *
                            	  5749: * perform ABS()
                            	  5750: 
                            	  5751: LAB_ABS
01:00083C26 177C00001EDD    	  5752: 	MOVE.b	#0,FAC1_s(a3)		* clear FAC1 sign
01:00083C2C 4E75            	  5753: 	RTS
                            	  5754: 
                            	  5755: 
                            	  5756: *************************************************************************************
                            	  5757: *
                            	  5758: * compare FAC1 with FAC2
                            	  5759: * returns d0=+1 Cb=0 if FAC1 > FAC2
                            	  5760: * returns d0= 0 Cb=0 if FAC1 = FAC2
                            	  5761: * returns d0=-1 Cb=1 if FAC1 < FAC2
                            	  5762: 
                            	  5763: LAB_27FA
01:00083C2E 122B1EE4        	  5764: 	MOVE.b	FAC2_e(a3),d1		* get FAC2 exponent
01:00083C32 67C8            	  5765: 	BEQ.s		LAB_27CA			* branch if FAC2 exponent=0 & get FAC1 sign
                            	  5766: 							* d0=-1,C=1/-ve d0=+1,C=0/+ve
                            	  5767: 
01:00083C34 102B1EE6        	  5768: 	MOVE.b	FAC_sc(a3),d0		* get FAC sign compare
01:00083C38 6BCA            	  5769: 	BMI.s		LAB_27CE			* if signs <> do return d0=-1,C=1/-ve
                            	  5770: 							* d0=+1,C=0/+ve & return
                            	  5771: 
01:00083C3A 102B1EDD        	  5772: 	MOVE.b	FAC1_s(a3),d0		* get FAC1 sign
01:00083C3E B22B1EDC        	  5773: 	CMP.b		FAC1_e(a3),d1		* compare FAC1 exponent with FAC2 exponent
01:00083C42 660A            	  5774: 	BNE.s		LAB_2828			* branch if different
                            	  5775: 
01:00083C44 222B1EE0        	  5776: 	MOVE.l	FAC2_m(a3),d1		* get FAC2 mantissa
01:00083C48 B2AB1ED8        	  5777: 	CMP.l		FAC1_m(a3),d1		* compare mantissas
01:00083C4C 6708            	  5778: 	BEQ.s		LAB_282F			* exit if mantissas equal
                            	  5779: 
                            	  5780: * gets here if number <> FAC1
                            	  5781: 
                            	  5782: LAB_2828
01:00083C4E 65B8            	  5783: 	BCS.s		LAB_27D0			* if FAC1 > FAC2 return d0=-1,C=1/-ve d0=+1,
                            	  5784: 							* C=0/+ve
                            	  5785: 
01:00083C50 0A000080        	  5786: 	EORI.b	#$80,d0			* else toggle FAC1 sign
                            	  5787: LAB_282E
01:00083C54 60B2            	  5788: 	BRA.s		LAB_27D0			* return d0=-1,C=1/-ve d0=+1,C=0/+ve
                            	  5789: 
                            	  5790: LAB_282F
01:00083C56 7000            	  5791: 	MOVEQ		#0,d0				* clear result
01:00083C58 4E75            	  5792: 	RTS
                            	  5793: 
                            	  5794: 
                            	  5795: *************************************************************************************
                            	  5796: *
                            	  5797: * convert FAC1 floating to fixed
                            	  5798: * result in d0 and Itemp, sets flags correctly
                            	  5799: 
                            	  5800: LAB_2831
01:00083C5A 202B1ED8        	  5801: 	MOVE.l	FAC1_m(a3),d0		* copy mantissa
01:00083C5E 6730            	  5802: 	BEQ.s		LAB_284J			* branch if mantissa = 0
                            	  5803: 
01:00083C60 2F01            	  5804: 	MOVE.l	d1,-(sp)			* save d1
01:00083C62 72A0            	  5805: 	MOVEQ		#$A0,d1			* set for no floating bits
01:00083C64 922B1EDC        	  5806: 	SUB.b		FAC1_e(a3),d1		* subtract FAC1 exponent
01:00083C68 6500E4D6        	  5807: 	BCS		LAB_OFER			* do overflow if too big
                            	  5808: 
01:00083C6C 660E            	  5809: 	BNE.s		LAB_284G			* branch if exponent was not $A0
                            	  5810: 
01:00083C6E 4A2B1EDD        	  5811: 	TST.b		FAC1_s(a3)			* test FAC1 sign
01:00083C72 6A1A            	  5812: 	BPL.s		LAB_284H			* branch if FAC1 +ve
                            	  5813: 
01:00083C74 4480            	  5814: 	NEG.l		d0
01:00083C76 6916            	  5815: 	BVS.s		LAB_284H			* branch if was $80000000
                            	  5816: 
01:00083C78 6000E4C6        	  5817: 	BRA		LAB_OFER			* do overflow if too big
                            	  5818: 
                            	  5819: LAB_284G
01:00083C7C B23C0020        	  5820: 	CMP.b		#$20,d1			* compare with minimum result for integer
01:00083C80 6502            	  5821: 	BCS.s		LAB_284L			* if < minimum just do shift
                            	  5822: 
01:00083C82 7000            	  5823: 	MOVEQ		#0,d0				* else return zero
                            	  5824: LAB_284L
01:00083C84 E2A8            	  5825: 	LSR.l		d1,d0				* shift integer
                            	  5826: 
01:00083C86 4A2B1EDD        	  5827: 	TST.b		FAC1_s(a3)			* test FAC1 sign (b7)
01:00083C8A 6A02            	  5828: 	BPL.s		LAB_284H			* branch if FAC1 +ve
                            	  5829: 
01:00083C8C 4480            	  5830: 	NEG.l		d0				* negate integer value
                            	  5831: LAB_284H
01:00083C8E 221F            	  5832: 	MOVE.l	(sp)+,d1			* restore d1
                            	  5833: LAB_284J
01:00083C90 2740142A        	  5834: 	MOVE.l	d0,Itemp(a3)		* save result to Itemp
01:00083C94 4E75            	  5835: 	RTS
                            	  5836: 
                            	  5837: 
                            	  5838: *************************************************************************************
                            	  5839: *
                            	  5840: * perform INT()
                            	  5841: 
                            	  5842: LAB_INT
01:00083C96 70A0            	  5843: 	MOVEQ		#$A0,d0			* set for no floating bits
01:00083C98 902B1EDC        	  5844: 	SUB.b		FAC1_e(a3),d0		* subtract FAC1 exponent
01:00083C9C 6310            	  5845: 	BLS.s		LAB_IRTS			* exit if exponent >= $A0
                            	  5846: 							* (too big for fraction part!)
                            	  5847: 
01:00083C9E B03C0020        	  5848: 	CMP.b		#$20,d0			* compare with minimum result for integer
01:00083CA2 6400026E        	  5849: 	BCC		LAB_POZE			* if >= minimum go return 0
                            	  5850: 							* (too small for integer part!)
                            	  5851: 
01:00083CA6 72FF            	  5852: 	MOVEQ		#-1,d1			* set integer mask
01:00083CA8 E1A1            	  5853: 	ASL.l		d0,d1				* shift mask [8+2*d0]
01:00083CAA C3AB1ED8        	  5854: 	AND.l		d1,FAC1_m(a3)		* mask mantissa
                            	  5855: LAB_IRTS
01:00083CAE 4E75            	  5856: 	RTS
                            	  5857: 
                            	  5858: 
                            	  5859: *************************************************************************************
                            	  5860: *
                            	  5861: * print " in line [LINE #]"
                            	  5862: 
                            	  5863: LAB_2953
01:00083CB0 41FA1818        	  5864: 	LEA		LAB_LMSG,a0		* point to " in line " message
01:00083CB4 6100ED1C        	  5865: 	BSR		LAB_18C3			* print null terminated string
                            	  5866: 
                            	  5867: 							* Print Basic line #
01:00083CB8 202B1452        	  5868: 	MOVE.l	Clinel(a3),d0		* get current line
                            	  5869: 
                            	  5870: 
                            	  5871: *************************************************************************************
                            	  5872: *
                            	  5873: * print d0 as unsigned integer
                            	  5874: 
                            	  5875: LAB_295E
01:00083CBC 43FA0E06        	  5876: 	LEA		Bin2dec,a1		* get table address
01:00083CC0 7200            	  5877: 	MOVEQ		#0,d1				* table index
01:00083CC2 204BD1FC00081F14	  5878: 	LEA		Usdss(a3),a0		* output string start
01:00083CCA 2401            	  5879: 	MOVE.l	d1,d2				* output string index
                            	  5880: LAB_2967
01:00083CCC 26311000        	  5881: 	MOVE.l	(a1,d1.w),d3		* get table value
01:00083CD0 6714            	  5882: 	BEQ.s		LAB_2969			* exit if end marker
                            	  5883: 
01:00083CD2 782F            	  5884: 	MOVEQ		#'0'-1,d4			* set character to "0"-1
                            	  5885: LAB_2968
01:00083CD4 5244            	  5886: 	ADDQ.w	#1,d4				* next numeric character
01:00083CD6 9083            	  5887: 	SUB.l		d3,d0				* subtract table value
01:00083CD8 6AFA            	  5888: 	BPL.s		LAB_2968			* not overdone so loop
                            	  5889: 
01:00083CDA D083            	  5890: 	ADD.l		d3,d0				* correct value
01:00083CDC 11842000        	  5891: 	MOVE.b	d4,(a0,d2.w)		* character out to string
01:00083CE0 5841            	  5892: 	ADDQ.w	#4,d1				* increment table pointer
01:00083CE2 5242            	  5893: 	ADDQ.w	#1,d2				* increment output string pointer
01:00083CE4 60E6            	  5894: 	BRA.s		LAB_2967			* loop
                            	  5895: 
                            	  5896: LAB_2969
01:00083CE6 D03C0030        	  5897: 	ADD.b		#'0',d0			* make last character
01:00083CEA 11802000        	  5898: 	MOVE.b	d0,(a0,d2.w)		* character out to string
01:00083CEE 5348            	  5899: 	SUBQ.w	#1,a0				* decrement a0 (allow simple loop)
                            	  5900: 
                            	  5901: 							* now find non zero start of string
                            	  5902: LAB_296A
01:00083CF0 5248            	  5903: 	ADDQ.w	#1,a0				* increment a0 (this will never carry to b16)
01:00083CF2 224BD3FC00081F1D	  5904: 	LEA		BHsend-1(a3),a1		* get string end
01:00083CFA B1C9            	  5905: 	CMPA.l	a1,a0				* are we at end
01:00083CFC 6700ECD4        	  5906: 	BEQ		LAB_18C3			* if so print null terminated string and RETURN
                            	  5907: 
01:00083D00 0C100030        	  5908: 	CMPI.b	#'0',(a0)			* is character "0" ?
01:00083D04 67EA            	  5909: 	BEQ.s		LAB_296A			* loop if so
                            	  5910: 
01:00083D06 6000ECCA        	  5911: 	BRA		LAB_18C3			* print null terminated string from memory & RET
                            	  5912: 
                            	  5913: 
                            	  5914: *************************************************************************************
                            	  5915: *
                            	  5916: * convert FAC1 to ASCII string result in (a0)
                            	  5917: * STR$() function enters here
                            	  5918: 
                            	  5919: * now outputs 7 significant digits
                            	  5920: 
                            	  5921: * d0 is character out
                            	  5922: * d1 is save index
                            	  5923: * d2 is gash
                            	  5924: 
                            	  5925: * a0 is output string pointer
                            	  5926: 
                            	  5927: LAB_2970
01:00083D0A 224BD3FC00081F0E	  5928: 	LEA		Decss(a3),a1		* set output string start
                            	  5929: 
01:00083D12 7420            	  5930: 	MOVEQ		#' ',d2			* character = " ", assume +ve
01:00083D14 08AB00071EDD    	  5931: 	BCLR.b	#7,FAC1_s(a3)		* test and clear FAC1 sign (b7)
01:00083D1A 6702            	  5932: 	BEQ.s		LAB_2978			* branch if +ve
                            	  5933: 
01:00083D1C 742D            	  5934: 	MOVEQ		#'-',d2			* else character = "-"
                            	  5935: LAB_2978
01:00083D1E 1282            	  5936: 	MOVE.b	d2,(a1)			* save the sign character
01:00083D20 142B1EDC        	  5937: 	MOVE.b	FAC1_e(a3),d2		* get FAC1 exponent
01:00083D24 6608            	  5938: 	BNE.s		LAB_2989			* branch if FAC1<>0
                            	  5939: 
                            	  5940: 							* exponent was $00 so FAC1 is 0
01:00083D26 7030            	  5941: 	MOVEQ		#'0',d0			* set character = "0"
01:00083D28 7201            	  5942: 	MOVEQ		#1,d1				* set output string index
01:00083D2A 600001A8        	  5943: 	BRA		LAB_2A89			* save last character, [EOT] & exit
                            	  5944: 
                            	  5945: 							* FAC1 is some non zero value
                            	  5946: LAB_2989
01:00083D2E 177C00001EF4    	  5947: 	MOVE.b	#0,numexp(a3)		* clear number exponent count
01:00083D34 B43C0081        	  5948: 	CMP.b		#$81,d2			* compare FAC1 exponent with $81 (>1.00000)
                            	  5949: 
01:00083D38 6448            	  5950: 	BCC.s		LAB_299C			* branch if FAC1=>1
                            	  5951: 
                            	  5952: 							* else FAC1 < 1
01:00083D3A 277C989680001EE0	  5953: 	MOVE.l	#$98968000,FAC2_m(a3)	* 10000000 mantissa
01:00083D42 377C98001EE4    	  5954: 	MOVE.w	#$9800,FAC2_e(a3)		* 10000000 exponent & sign
01:00083D48 176B1EDD1EE6    	  5955: 	MOVE.b	FAC1_s(a3),FAC_sc(a3)	* make FAC1 sign sign compare
01:00083D4E 6100FCD8        	  5956: 	BSR		LAB_MULTIPLY		* do FAC2*FAC1
                            	  5957: 
01:00083D52 177C00F91EF4    	  5958: 	MOVE.b	#$F9,numexp(a3)		* set number exponent count (-7)
01:00083D58 6028            	  5959: 	BRA.s		LAB_299C			* go test for fit
                            	  5960: 
                            	  5961: LAB_29B9
01:00083D5A 376B1EDC1EE4    	  5962: 	MOVE.w	FAC1_e(a3),FAC2_e(a3)	* copy exponent & sign from FAC1 to FAC2
01:00083D60 276B1ED81EE0    	  5963: 	MOVE.l	FAC1_m(a3),FAC2_m(a3)	* copy FAC1 mantissa to FAC2 mantissa
01:00083D66 176B1EDD1EE6    	  5964: 	MOVE.b	FAC1_s(a3),FAC_sc(a3)	* save FAC1_s as sign compare
                            	  5965: 
01:00083D6C 277CCCCCCCCD1ED8	  5966: 	MOVE.l	#$CCCCCCCD,FAC1_m(a3)	* 1/10 mantissa
01:00083D74 377C7D001EDC    	  5967: 	MOVE.w	#$7D00,FAC1_e(a3)		* 1/10 exponent & sign
01:00083D7A 6100FCAC        	  5968: 	BSR		LAB_MULTIPLY		* do FAC2*FAC1, effectively divide by 10 but
                            	  5969: 							* faster
                            	  5970: 
01:00083D7E 522B1EF4        	  5971: 	ADDQ.b	#1,numexp(a3)		* increment number exponent count
                            	  5972: LAB_299C
01:00083D82 277C98967F701EE0	  5973: 	MOVE.l	#$98967F70,FAC2_m(a3)	* 9999999.4375 mantissa
01:00083D8A 377C98001EE4    	  5974: 	MOVE.w	#$9800,FAC2_e(a3)		* 9999999.4375 exponent & sign
                            	  5975: 							* (max before scientific notation)
01:00083D90 61000150        	  5976: 	BSR		LAB_27F0			* fast compare FAC1 with FAC2
                            	  5977: 							* returns d0=+1 C=0 if FAC1 > FAC2
                            	  5978: 							* returns d0= 0 C=0 if FAC1 = FAC2
                            	  5979: 							* returns d0=-1 C=1 if FAC1 < FAC2
01:00083D94 62C4            	  5980: 	BHI.s		LAB_29B9			* go do /10 if FAC1 > 9999999.4375
                            	  5981: 
01:00083D96 6754            	  5982: 	BEQ.s		LAB_29C3			* branch if FAC1 = 9999999.4375
                            	  5983: 
                            	  5984: 							* FAC1 < 9999999.4375
01:00083D98 277CF423F8001EE0	  5985: 	MOVE.l	#$F423F800,FAC2_m(a3)	* set mantissa for 999999.5
01:00083DA0 377C94001EE4    	  5986: 	MOVE.w	#$9400,FAC2_e(a3)		* set exponent for 999999.5
                            	  5987: 
01:00083DA6 204BD1FC00081ED8	  5988: 	LEA		FAC1_m(a3),a0		* set pointer for x10
                            	  5989: LAB_29A7
01:00083DAE 61000132        	  5990: 	BSR		LAB_27F0			* fast compare FAC1 with FAC2
                            	  5991: 							* returns d0=+1 C=0 if FAC1 > FAC2
                            	  5992: 							* returns d0= 0 C=0 if FAC1 = FAC2
                            	  5993: 							* returns d0=-1 C=1 if FAC1 < FAC2
01:00083DB2 6220            	  5994: 	BHI.s		LAB_29C0			* branch if FAC1 > 99999.9375,no decimal places
                            	  5995: 
                            	  5996: 							* FAC1 <= 999999.5 so do x 10
01:00083DB4 2010            	  5997: 	MOVE.l	(a0),d0			* get FAC1 mantissa
01:00083DB6 12280004        	  5998: 	MOVE.b	4(a0),d1			* get FAC1 exponent
01:00083DBA 2400            	  5999: 	MOVE.l	d0,d2				* copy it
01:00083DBC E488            	  6000: 	LSR.l		#2,d0				* /4
01:00083DBE D082            	  6001: 	ADD.l		d2,d0				* add FAC1 (x1.125)
01:00083DC0 6404            	  6002: 	BCC.s		LAB_29B7			* branch if no carry
                            	  6003: 
01:00083DC2 E290            	  6004: 	ROXR.l	#1,d0				* shift carry back in
01:00083DC4 5201            	  6005: 	ADDQ.b	#1,d1				* increment exponent (never overflows)
                            	  6006: LAB_29B7
01:00083DC6 5601            	  6007: 	ADDQ.b	#3,d1				* correct exponent ( 8 x 1.125 = 10 )
                            	  6008: 							* (never overflows)
01:00083DC8 2080            	  6009: 	MOVE.l	d0,(a0)			* save new mantissa
01:00083DCA 11410004        	  6010: 	MOVE.b	d1,4(a0)			* save new exponent
01:00083DCE 532B1EF4        	  6011: 	SUBQ.b	#1,numexp(a3)		* decrement number exponent count
01:00083DD2 60DA            	  6012: 	BRA.s		LAB_29A7			* go test again
                            	  6013: 
                            	  6014: 							* now we have just the digits to do
                            	  6015: LAB_29C0
01:00083DD4 277C800000001EE0	  6016: 	MOVE.l	#$80000000,FAC2_m(a3)	* set mantissa for 0.5
01:00083DDC 377C80001EE4    	  6017: 	MOVE.w	#$8000,FAC2_e(a3)		* set exponent for 0.5
01:00083DE2 176B1EDD1EE6    	  6018: 	MOVE.b	FAC1_s(a3),FAC_sc(a3)	* sign compare = sign
01:00083DE8 6100FA94        	  6019: 	BSR		LAB_ADD			* add the 0.5 to FAC1 (round FAC1)
                            	  6020: 
                            	  6021: LAB_29C3
01:00083DEC 6100FE6C        	  6022: 	BSR		LAB_2831			* convert FAC1 floating to fixed
                            	  6023: 							* result in d0 and Itemp
01:00083DF0 7401            	  6024: 	MOVEQ		#$01,d2			* set default digits before dp = 1
01:00083DF2 102B1EF4        	  6025: 	MOVE.b	numexp(a3),d0		* get number exponent count
01:00083DF6 5000            	  6026: 	ADD.b		#8,d0				* allow 7 digits before point
01:00083DF8 6B0C            	  6027: 	BMI.s		LAB_29D9			* if -ve then 1 digit before dp
                            	  6028: 
01:00083DFA B03C0009        	  6029: 	CMP.b		#$09,d0			* d0>=9 if n>=1E7
01:00083DFE 6406            	  6030: 	BCC.s		LAB_29D9			* branch if >= $09
                            	  6031: 
                            	  6032: 							* < $08
01:00083E00 5300            	  6033: 	SUBQ.b	#1,d0				* take 1 from digit count
01:00083E02 1400            	  6034: 	MOVE.b	d0,d2				* copy byte
01:00083E04 7002            	  6035: 	MOVEQ		#$02,d0			* set exponent adjust
                            	  6036: LAB_29D9
01:00083E06 7200            	  6037: 	MOVEQ		#0,d1				* set output string index
01:00083E08 5500            	  6038: 	SUBQ.b	#2,d0				* -2
01:00083E0A 17401EF5        	  6039: 	MOVE.b	d0,expcnt(a3)		* save exponent adjust
01:00083E0E 17421EF4        	  6040: 	MOVE.b	d2,numexp(a3)		* save digits before dp count
01:00083E12 1002            	  6041: 	MOVE.b	d2,d0				* copy digits before dp count
01:00083E14 6702            	  6042: 	BEQ.s		LAB_29E4			* branch if no digits before dp
                            	  6043: 
01:00083E16 6A14            	  6044: 	BPL.s		LAB_29F7			* branch if digits before dp
                            	  6045: 
                            	  6046: LAB_29E4
01:00083E18 5281            	  6047: 	ADDQ.l	#1,d1				* increment index
01:00083E1A 13BC002E1000    	  6048: 	MOVE.b	#'.',(a1,d1.w)		* save to output string
                            	  6049: 
01:00083E20 4A02            	  6050: 	TST.b		d2				* test digits before dp count
01:00083E22 6708            	  6051: 	BEQ.s		LAB_29F7			* branch if no digits before dp
                            	  6052: 
01:00083E24 5281            	  6053: 	ADDQ.l	#1,d1				* increment index
01:00083E26 13BC00301000    	  6054: 	MOVE.b	#'0',(a1,d1.w)		* save to output string
                            	  6055: LAB_29F7
01:00083E2C 7400            	  6056: 	MOVEQ		#0,d2				* clear index (point to 1,000,000)
01:00083E2E 7080            	  6057: 	MOVEQ		#$80-$100,d0		* set output character
                            	  6058: LAB_29FB
01:00083E30 41FA112C        	  6059: 	LEA		LAB_2A9A,a0		* get base of table
01:00083E34 26302000        	  6060: 	MOVE.l	(a0,d2.w),d3		* get table value
                            	  6061: LAB_29FD
01:00083E38 5200            	  6062: 	ADDQ.b	#1,d0				* increment output character
01:00083E3A D7AB142A        	  6063: 	ADD.l		d3,Itemp(a3)		* add to (now fixed) mantissa
01:00083E3E 08000007        	  6064: 	BTST		#7,d0				* set test sense (z flag only)
01:00083E42 6504            	  6065: 	BCS.s		LAB_2A18			* did carry so has wrapped past zero
                            	  6066: 
01:00083E44 67F2            	  6067: 	BEQ.s		LAB_29FD			* no wrap and +ve test so try again
                            	  6068: 
01:00083E46 6002            	  6069: 	BRA.s		LAB_2A1A			* found this digit
                            	  6070: 
                            	  6071: LAB_2A18
01:00083E48 66EE            	  6072: 	BNE.s		LAB_29FD			* wrap and -ve test so try again
                            	  6073: 
                            	  6074: LAB_2A1A
01:00083E4A 6406            	  6075: 	BCC.s		LAB_2A21			* branch if +ve test result
                            	  6076: 
01:00083E4C 4400            	  6077: 	NEG.b		d0				* negate the digit number
01:00083E4E D03C000B        	  6078: 	ADD.b		#$0B,d0			* and subtract from 11 decimal
                            	  6079: LAB_2A21
01:00083E52 D03C002F        	  6080: 	ADD.b		#$2F,d0			* add "0"-1 to result
01:00083E56 5842            	  6081: 	ADDQ.w	#4,d2				* increment index to next less power of ten
01:00083E58 5241            	  6082: 	ADDQ.w	#1,d1				* increment output string index
01:00083E5A 1600            	  6083: 	MOVE.b	d0,d3				* copy character to d3
01:00083E5C C63C007F        	  6084: 	AND.b		#$7F,d3			* mask out top bit
01:00083E60 13831000        	  6085: 	MOVE.b	d3,(a1,d1.w)		* save to output string
01:00083E64 532B1EF4        	  6086: 	SUB.b		#1,numexp(a3)		* decrement # of characters before the dp
01:00083E68 6608            	  6087: 	BNE.s		LAB_2A3B			* branch if still characters to do
                            	  6088: 
                            	  6089: 							* else output the point
01:00083E6A 5281            	  6090: 	ADDQ.l	#1,d1				* increment index
01:00083E6C 13BC002E1000    	  6091: 	MOVE.b	#'.',(a1,d1.w)		* save to output string
                            	  6092: LAB_2A3B
01:00083E72 C03C0080        	  6093: 	AND.b		#$80,d0			* mask test sense bit
01:00083E76 0A000080        	  6094: 	EORI.b	#$80,d0			* invert it
01:00083E7A B43C001C        	  6095: 	CMP.b		#LAB_2A9B-LAB_2A9A,d2	* compare table index with max+4
01:00083E7E 66B0            	  6096: 	BNE.s		LAB_29FB			* loop if not max
                            	  6097: 
                            	  6098: 							* now remove trailing zeroes
                            	  6099: LAB_2A4B
01:00083E80 10311000        	  6100: 	MOVE.b	(a1,d1.w),d0		* get character from output string
01:00083E84 5381            	  6101: 	SUBQ.l	#1,d1				* decrement output string index
01:00083E86 B03C0030        	  6102: 	CMP.b		#'0',d0			* compare with "0"
01:00083E8A 67F4            	  6103: 	BEQ.s		LAB_2A4B			* loop until non "0" character found
                            	  6104: 
01:00083E8C B03C002E        	  6105: 	CMP.b		#'.',d0			* compare with "."
01:00083E90 6702            	  6106: 	BEQ.s		LAB_2A58			* branch if was dp
                            	  6107: 
                            	  6108: 							* else restore last character
01:00083E92 5281            	  6109: 	ADDQ.l	#1,d1				* increment output string index
                            	  6110: LAB_2A58
01:00083E94 13BC002B1002    	  6111: 	MOVE.b	#'+',2(a1,d1.w)		* save character "+" to output string
01:00083E9A 4A2B1EF5        	  6112: 	TST.b		expcnt(a3)			* test exponent count
01:00083E9E 6738            	  6113: 	BEQ.s		LAB_2A8C			* if zero go set null terminator & exit
                            	  6114: 
                            	  6115: 							* exponent isn't zero so write exponent
01:00083EA0 6A0A            	  6116: 	BPL.s		LAB_2A68			* branch if exponent count +ve
                            	  6117: 
01:00083EA2 13BC002D1002    	  6118: 	MOVE.b	#'-',2(a1,d1.w)		* save character "-" to output string
01:00083EA8 442B1EF5        	  6119: 	NEG.b		expcnt(a3)			* convert -ve to +ve
                            	  6120: LAB_2A68
01:00083EAC 13BC00451001    	  6121: 	MOVE.b	#'E',1(a1,d1.w)		* save character "E" to output string
01:00083EB2 142B1EF5        	  6122: 	MOVE.b	expcnt(a3),d2		* get exponent count
01:00083EB6 702F            	  6123: 	MOVEQ		#$2F,d0			* one less than "0" character
                            	  6124: LAB_2A74
01:00083EB8 5200            	  6125: 	ADDQ.b	#1,d0				* increment 10's character
01:00083EBA 943C000A        	  6126: 	SUB.b		#$0A,d2			* subtract 10 from exponent count
01:00083EBE 64F8            	  6127: 	BCC.s		LAB_2A74			* loop while still >= 0
                            	  6128: 
01:00083EC0 D43C003A        	  6129: 	ADD.b		#$3A,d2			* add character ":", $30+$0A, result is 10-value
01:00083EC4 13801003        	  6130: 	MOVE.b	d0,3(a1,d1.w)		* save 10's character to output string
01:00083EC8 13821004        	  6131: 	MOVE.b	d2,4(a1,d1.w)		* save 1's character to output string
01:00083ECC 13BC00001005    	  6132: 	MOVE.b	#0,5(a1,d1.w)		* save null terminator after last character
01:00083ED2 600A            	  6133: 	BRA.s		LAB_2A91			* go set string pointer (a0) and exit
                            	  6134: 
                            	  6135: LAB_2A89
01:00083ED4 13801000        	  6136: 	MOVE.b	d0,(a1,d1.w)		* save last character to output string
                            	  6137: LAB_2A8C
01:00083ED8 13BC00001001    	  6138: 	MOVE.b	#0,1(a1,d1.w)		* save null terminator after last character
                            	  6139: LAB_2A91
01:00083EDE 2049            	  6140: 	MOVEA.l	a1,a0				* set result string pointer (a0)
01:00083EE0 4E75            	  6141: 	RTS
                            	  6142: 
                            	  6143: 
                            	  6144: *************************************************************************************
                            	  6145: *
                            	  6146: * fast compare FAC1 with FAC2
                            	  6147: * assumes both are +ve and FAC2>0
                            	  6148: * returns d0=+1 C=0 if FAC1 > FAC2
                            	  6149: * returns d0= 0 C=0 if FAC1 = FAC2
                            	  6150: * returns d0=-1 C=1 if FAC1 < FAC2
                            	  6151: 
                            	  6152: LAB_27F0
01:00083EE2 7000            	  6153: 	MOVEQ		#0,d0				* set for FAC1 = FAC2
01:00083EE4 122B1EE4        	  6154: 	MOVE.b	FAC2_e(a3),d1		* get FAC2 exponent
01:00083EE8 B22B1EDC        	  6155: 	CMP.b		FAC1_e(a3),d1		* compare FAC1 exponent with FAC2 exponent
01:00083EEC 660A            	  6156: 	BNE.s		LAB_27F1			* branch if different
                            	  6157: 
01:00083EEE 222B1EE0        	  6158: 	MOVE.l	FAC2_m(a3),d1		* get FAC2 mantissa
01:00083EF2 B2AB1ED8        	  6159: 	CMP.l		FAC1_m(a3),d1		* compare mantissas
01:00083EF6 6708            	  6160: 	BEQ.s		LAB_27F3			* exit if mantissas equal
                            	  6161: 
                            	  6162: LAB_27F1
01:00083EF8 6504            	  6163: 	BCS.s		LAB_27F2			* if FAC1 > FAC2 return d0=+1,C=0
                            	  6164: 
01:00083EFA 5380            	  6165: 	SUBQ.l	#1,d0				* else FAC1 < FAC2 return d0=-1,C=1
01:00083EFC 4E75            	  6166: 	RTS
                            	  6167: 
                            	  6168: LAB_27F2
01:00083EFE 5280            	  6169: 	ADDQ.l	#1,d0
                            	  6170: LAB_27F3
01:00083F00 4E75            	  6171: 	RTS
                            	  6172: 
                            	  6173: 
                            	  6174: *************************************************************************************
                            	  6175: *
                            	  6176: * make FAC1 = 1
                            	  6177: 
                            	  6178: LAB_POON
01:00083F02 277C800000001ED8	  6179: 	MOVE.l	#$80000000,FAC1_m(a3)	* 1 mantissa
01:00083F0A 377C81001EDC    	  6180: 	MOVE.w	#$8100,FAC1_e(a3)		* 1 exonent & sign
01:00083F10 4E75            	  6181: 	RTS
                            	  6182: 
                            	  6183: 
                            	  6184: *************************************************************************************
                            	  6185: *
                            	  6186: * make FAC1 = 0
                            	  6187: 
                            	  6188: LAB_POZE
01:00083F12 7000            	  6189: 	MOVEQ		#0,d0				* clear longword
01:00083F14 27401ED8        	  6190: 	MOVE.l	d0,FAC1_m(a3)		* 0 mantissa
01:00083F18 37401EDC        	  6191: 	MOVE.w	d0,FAC1_e(a3)		* 0 exonent & sign
01:00083F1C 4E75            	  6192: 	RTS
                            	  6193: 
                            	  6194: 
                            	  6195: *************************************************************************************
                            	  6196: *
                            	  6197: * perform power function
                            	  6198: * the number is in FAC2, the power is in FAC1
                            	  6199: * no longer trashes Itemp
                            	  6200: 
                            	  6201: LAB_POWER
01:00083F1E 4A2B1EDC        	  6202: 	TST.b		FAC1_e(a3)			* test power
01:00083F22 67DE            	  6203: 	BEQ.s		LAB_POON			* if zero go return 1
                            	  6204: 
01:00083F24 4A2B1EE4        	  6205: 	TST.b		FAC2_e(a3)			* test number
01:00083F28 67E8            	  6206: 	BEQ.s		LAB_POZE			* if zero go return 0
                            	  6207: 
01:00083F2A 1F2B1EE5        	  6208: 	MOVE.b	FAC2_s(a3),-(sp)		* save number sign
01:00083F2E 6A20            	  6209: 	BPL.s		LAB_POWP			* power of positive number
                            	  6210: 
01:00083F30 7200            	  6211: 	MOVEQ		#0,d1				* clear d1
01:00083F32 17411EE5        	  6212: 	MOVE.b	d1,FAC2_s(a3)		* make sign +ve
                            	  6213: 
                            	  6214: 							* number sign was -ve and can only be raised to
                            	  6215: 							* an integer power which gives an x +j0 result,
                            	  6216: 							* else do 'function call' error
01:00083F36 122B1EDC        	  6217: 	MOVE.b	FAC1_e(a3),d1		* get power exponent
01:00083F3A 927C0080        	  6218: 	SUB.w		#$80,d1			* normalise to .5
01:00083F3E 6300E204        	  6219: 	BLS		LAB_FCER			* if 0<power<1 then do 'function call' error
                            	  6220: 
                            	  6221: 							* now shift all the integer bits out
01:00083F42 202B1ED8        	  6222: 	MOVE.l	FAC1_m(a3),d0		* get power mantissa
01:00083F46 E3A0            	  6223: 	ASL.l		d1,d0				* shift mantissa
01:00083F48 6600E1FA        	  6224: 	BNE		LAB_FCER			* if power<>INT(power) then do 'function call'
                            	  6225: 							* error
                            	  6226: 
01:00083F4C 6502            	  6227: 	BCS.s		LAB_POWP			* if integer value odd then leave result -ve
                            	  6228: 
01:00083F4E 1E80            	  6229: 	MOVE.b	d0,(sp)			* save result sign +ve
                            	  6230: LAB_POWP
01:00083F50 2F2B1ED8        	  6231: 	MOVE.l	FAC1_m(a3),-(sp)		* save power mantissa
01:00083F54 3F2B1EDC        	  6232: 	MOVE.w	FAC1_e(a3),-(sp)		* save power sign & exponent
                            	  6233: 
01:00083F58 6100FC68        	  6234: 	BSR		LAB_279B			* copy number to FAC1
01:00083F5C 6100F9D8        	  6235: 	BSR		LAB_LOG			* find log of number
                            	  6236: 
01:00083F60 301F            	  6237: 	MOVE.w	(sp)+,d0			* get power sign & exponent
01:00083F62 275F1EE0        	  6238: 	MOVE.l	(sp)+,FAC2_m(a3)		* get power mantissa
01:00083F66 37401EE4        	  6239: 	MOVE.w	d0,FAC2_e(a3)		* save sign & exponent to FAC2
01:00083F6A 17401EE6        	  6240: 	MOVE.b	d0,FAC_sc(a3)		* save sign as sign compare
01:00083F6E 102B1EDD        	  6241: 	MOVE.b	FAC1_s(a3),d0		* get FAC1 sign
01:00083F72 B12B1EE6        	  6242: 	EOR.b		d0,FAC_sc(a3)		* make sign compare (FAC1_s EOR FAC2_s)
                            	  6243: 
01:00083F76 6100FAB0        	  6244: 	BSR		LAB_MULTIPLY		* multiply by power
01:00083F7A 6158            	  6245: 	BSR.s		LAB_EXP			* find exponential
01:00083F7C 175F1EDD        	  6246: 	MOVE.b	(sp)+,FAC1_s(a3)		* restore number sign
01:00083F80 4E75            	  6247: 	RTS
                            	  6248: 
                            	  6249: 
                            	  6250: *************************************************************************************
                            	  6251: *
                            	  6252: * do - FAC1
                            	  6253: 
                            	  6254: LAB_GTHAN
01:00083F82 4A2B1EDC        	  6255: 	TST.b		FAC1_e(a3)			* test for non zero FAC1
01:00083F86 6706            	  6256: 	BEQ.s		RTS_020			* branch if null
                            	  6257: 
01:00083F88 0A2B00801EDD    	  6258: 	EORI.b	#$80,FAC1_s(a3)		* (else) toggle FAC1 sign bit
                            	  6259: RTS_020
01:00083F8E 4E75            	  6260: 	RTS
                            	  6261: 
                            	  6262: 
                            	  6263: *************************************************************************************
                            	  6264: *
                            	  6265: 							* return +1
                            	  6266: LAB_EX1
01:00083F90 277C800000001ED8	  6267: 	MOVE.l	#$80000000,FAC1_m(a3)	* +1 mantissa
01:00083F98 377C81001EDC    	  6268: 	MOVE.w	#$8100,FAC1_e(a3)		* +1 sign & exponent
01:00083F9E 4E75            	  6269: 	RTS
                            	  6270: 							* do over/under flow
                            	  6271: LAB_EXOU
01:00083FA0 4A2B1EDD        	  6272: 	TST.b		FAC1_s(a3)			* test sign
01:00083FA4 6A00E19A        	  6273: 	BPL		LAB_OFER			* was +ve so do overflow error
                            	  6274: 
                            	  6275: 							* else underflow so return zero
01:00083FA8 7000            	  6276: 	MOVEQ		#0,d0				* clear longword
01:00083FAA 27401ED8        	  6277: 	MOVE.l	d0,FAC1_m(a3)		* 0 mantissa
01:00083FAE 37401EDC        	  6278: 	MOVE.w	d0,FAC1_e(a3)		* 0 sign & exponent
01:00083FB2 4E75            	  6279: 	RTS
                            	  6280: 							* fraction was zero so do 2^n
                            	  6281: LAB_EXOF
01:00083FB4 277C800000001ED8	  6282: 	MOVE.l	#$80000000,FAC1_m(a3)	* +n mantissa
01:00083FBC 177C00001EDD    	  6283: 	MOVE.b	#0,FAC1_s(a3)		* clear sign
01:00083FC2 4A2B1EFC        	  6284: 	TST.b		cosout(a3)			* test sign flag
01:00083FC6 6A02            	  6285: 	BPL.s		LAB_EXOL			* branch if +ve
                            	  6286: 
01:00083FC8 4481            	  6287: 	NEG.l		d1				* else do 1/2^n
                            	  6288: LAB_EXOL
01:00083FCA D23C0081        	  6289: 	ADD.b		#$81,d1			* adjust exponent
01:00083FCE 17411EDC        	  6290: 	MOVE.b	d1,FAC1_e(a3)		* save exponent
01:00083FD2 4E75            	  6291: 	RTS
                            	  6292: 
                            	  6293: * perform EXP()	(x^e)
                            	  6294: * valid input range is -88 to +88
                            	  6295: 
                            	  6296: LAB_EXP
01:00083FD4 102B1EDC        	  6297: 	MOVE.b	FAC1_e(a3),d0		* get exponent
01:00083FD8 67B6            	  6298: 	BEQ.s		LAB_EX1			* return 1 for zero in
                            	  6299: 
01:00083FDA B03C0064        	  6300: 	CMP.b		#$64,d0			* compare exponent with min
01:00083FDE 65B0            	  6301: 	BCS.s		LAB_EX1			* if smaller just return 1
                            	  6302: 
                            	  6303: **	MOVEM.l	d1-d6/a0,-(sp)		* save the registers
01:00083FE0 177C00001EFC    	  6304: 	MOVE.b	#0,cosout(a3)		* flag +ve number
01:00083FE6 222B1ED8        	  6305: 	MOVE.l	FAC1_m(a3),d1		* get mantissa
01:00083FEA B03C0087        	  6306: 	CMP.b		#$87,d0			* compare exponent with max
01:00083FEE 62B0            	  6307: 	BHI.s		LAB_EXOU			* go do over/under flow if greater
                            	  6308: 
01:00083FF0 6608            	  6309: 	BNE.s		LAB_EXCM			* branch if less
                            	  6310: 
                            	  6311: 							* else is 2^7
01:00083FF2 B2BCB00F33C7    	  6312: 	CMP.l		#$B00F33C7,d1		* compare mantissa with n*2^7 max
01:00083FF8 64A6            	  6313: 	BCC.s		LAB_EXOU			* if => go over/underflow
                            	  6314: 
                            	  6315: LAB_EXCM
01:00083FFA 4A2B1EDD        	  6316: 	TST.b		FAC1_s(a3)			* test sign
01:00083FFE 6A0C            	  6317: 	BPL.s		LAB_EXPS			* branch if arg +ve
                            	  6318: 
01:00084000 177C00FF1EFC    	  6319: 	MOVE.b	#$FF,cosout(a3)		* flag -ve number
01:00084006 177C00001EDD    	  6320: 	MOVE.b	#0,FAC1_s(a3)		* take absolute value
                            	  6321: LAB_EXPS
                            	  6322: 							* now do n/LOG(2)
01:0008400C 277CB8AA3B291EE0	  6323: 	MOVE.l	#$B8AA3B29,FAC2_m(a3)	* 1/LOG(2) mantissa
01:00084014 377C81001EE4    	  6324: 	MOVE.w	#$8100,FAC2_e(a3)		* 1/LOG(2) exponent & sign
01:0008401A 177C00001EE6    	  6325: 	MOVE.b	#0,FAC_sc(a3)		* we know they're both +ve
01:00084020 6100FA06        	  6326: 	BSR		LAB_MULTIPLY		* effectively divide by log(2)
                            	  6327: 
                            	  6328: 							* max here is +/- 127
                            	  6329: 							* now separate integer and fraction
01:00084024 177C00001F21    	  6330: 	MOVE.b	#0,tpower(a3)		* clear exponent add byte
01:0008402A 1A2B1EDC        	  6331: 	MOVE.b	FAC1_e(a3),d5		* get exponent
01:0008402E 9A3C0080        	  6332: 	SUB.b		#$80,d5			* normalise
01:00084032 6324            	  6333: 	BLS.s		LAB_ESML			* branch if < 1 (d5 is 0 or -ve)
                            	  6334: 
                            	  6335: 							* result is > 1
01:00084034 202B1ED8        	  6336: 	MOVE.l	FAC1_m(a3),d0		* get mantissa
01:00084038 2200            	  6337: 	MOVE.l	d0,d1				* copy it
01:0008403A 2C05            	  6338: 	MOVE.l	d5,d6				* copy normalised exponent
                            	  6339: 
01:0008403C 4446            	  6340: 	NEG.w		d6				* make -ve
01:0008403E DC7C0020        	  6341: 	ADD.w		#32,d6			* is now 32-d6
01:00084042 ECA9            	  6342: 	LSR.l		d6,d1				* just integer bits
01:00084044 17411F21        	  6343: 	MOVE.b	d1,tpower(a3)		* set exponent add byte
                            	  6344: 
01:00084048 EBA8            	  6345: 	LSL.l		d5,d0				* shift out integer bits
01:0008404A 6700FF68        	  6346: 	BEQ		LAB_EXOF			* fraction is zero so do 2^n
                            	  6347: 
01:0008404E 27401ED8        	  6348: 	MOVE.l	d0,FAC1_m(a3)		* fraction to FAC1
01:00084052 377C80001EDC    	  6349: 	MOVE.w	#$8000,FAC1_e(a3)		* set exponent & sign
                            	  6350: 
                            	  6351: 							* multiple was < 1
                            	  6352: LAB_ESML
01:00084058 277CB17217F81EE0	  6353: 	MOVE.l	#$B17217F8,FAC2_m(a3)	* LOG(2) mantissa
01:00084060 377C80001EE4    	  6354: 	MOVE.w	#$8000,FAC2_e(a3)		* LOG(2) exponent & sign
01:00084066 177C00001EE6    	  6355: 	MOVE.b	#0,FAC_sc(a3)		* clear sign compare
01:0008406C 6100F9BA        	  6356: 	BSR		LAB_MULTIPLY		* multiply by log(2)
                            	  6357: 
01:00084070 202B1ED8        	  6358: 	MOVE.l	FAC1_m(a3),d0		* get mantissa
01:00084074 1A2B1EDC        	  6359: 	MOVE.b	FAC1_e(a3),d5		* get exponent
01:00084078 9A7C0082        	  6360: 	SUB.w		#$82,d5			* normalise and -2 (result is -1 to -30)
01:0008407C 4445            	  6361: 	NEG.w		d5				* make +ve
01:0008407E EAA8            	  6362: 	LSR.l		d5,d0				* shift for 2 integer bits
                            	  6363: 
                            	  6364: * d0 = arg
                            	  6365: * d6 = x, d1 = y
                            	  6366: * d2 = x1, d3 = y1
                            	  6367: * d4 = shift count
                            	  6368: * d5 = loop count
                            	  6369: 							* now do cordic set-up
01:00084080 7200            	  6370: 	MOVEQ		#0,d1				* y = 0
01:00084082 2C3C26A3D110    	  6371: 	MOVE.l	#KFCTSEED,d6		* x = 1 with jkh inverse factored out
01:00084088 41FA0D38        	  6372: 	LEA		TAB_HTHET,a0		* get pointer to hyperbolic arctan table
01:0008408C 7800            	  6373: 	MOVEQ		#0,d4				* clear shift count
                            	  6374:  
                            	  6375: 							* cordic loop, shifts 4 and 13 (and 39
                            	  6376: 							* if it went that far) need to be repeated
01:0008408E 7A03            	  6377: 	MOVEQ		#3,d5				* 4 loops
01:00084090 6136            	  6378: 	BSR.s		LAB_EXCC			* do loops 1 through 4
01:00084092 5948            	  6379: 	SUBQ.w	#4,a0				* do table entry again
01:00084094 5384            	  6380: 	SUBQ.l	#1,d4				* do shift count again
01:00084096 7A09            	  6381: 	MOVEQ		#9,d5				* 10 loops
01:00084098 612E            	  6382: 	BSR.s		LAB_EXCC			* do loops 4 (again) through 13
01:0008409A 5948            	  6383: 	SUBQ.w	#4,a0				* do table entry again
01:0008409C 5384            	  6384: 	SUBQ.l	#1,d4				* do shift count again
01:0008409E 7A12            	  6385: 	MOVEQ		#18,d5			* 19 loops
01:000840A0 6126            	  6386: 	BSR.s		LAB_EXCC			* do loops 13 (again) through 31
                            	  6387:  
                            	  6388: 							* now get the result
01:000840A2 4A2B1EFC        	  6389: 	TST.b		cosout(a3)			* test sign flag
01:000840A6 6A06            	  6390: 	BPL.s		LAB_EXPL			* branch if +ve
                            	  6391: 
01:000840A8 4481            	  6392: 	NEG.l		d1				* do -y
01:000840AA 442B1F21        	  6393: 	NEG.b		tpower(a3)			* do -exp
                            	  6394: LAB_EXPL
01:000840AE 7083            	  6395: 	MOVEQ		#$83-$100,d0		* set exponent
01:000840B0 DC81            	  6396: 	ADD.l		d1,d6				* y = y +/- x
01:000840B2 6B06            	  6397: 	BMI.s		LAB_EXRN			* branch if result normal
                            	  6398: 
                            	  6399: LAB_EXNN
01:000840B4 5380            	  6400: 	SUBQ.l	#1,d0				* decrement exponent
01:000840B6 DC86            	  6401: 	ADD.l		d6,d6				* shift mantissa
01:000840B8 6AFA            	  6402: 	BPL.s		LAB_EXNN			* loop if not normal
                            	  6403: 
                            	  6404: LAB_EXRN
01:000840BA 27461ED8        	  6405: 	MOVE.l	d6,FAC1_m(a3)		* save exponent result
01:000840BE D02B1F21        	  6406: 	ADD.b		tpower(a3),d0		* add integer part
01:000840C2 17401EDC        	  6407: 	MOVE.b	d0,FAC1_e(a3)		* save exponent
                            	  6408: **	MOVEM.l	(sp)+,d1-d6/a0		* restore registers
01:000840C6 4E75            	  6409: 	RTS
                            	  6410:  
                            	  6411: 							* cordic loop
                            	  6412: LAB_EXCC
01:000840C8 5284            	  6413: 	ADDQ.l	#1,d4				* increment shift count
01:000840CA 2406            	  6414: 	MOVE.l	d6,d2				* x1 = x
01:000840CC E8A2            	  6415: 	ASR.l		d4,d2				* x1 >> n
01:000840CE 2601            	  6416: 	MOVE.l	d1,d3				* y1 = y
01:000840D0 E8A3            	  6417: 	ASR.l		d4,d3				* y1 >> n
01:000840D2 4A80            	  6418: 	TST.l		d0				* test arg
01:000840D4 6B0C            	  6419: 	BMI.s		LAB_EXAD			* branch if -ve
                            	  6420: 
01:000840D6 D282            	  6421: 	ADD.l		d2,d1				* y = y + x1
01:000840D8 DC83            	  6422: 	ADD.l		d3,d6				* x = x + y1
01:000840DA 9098            	  6423: 	SUB.l		(a0)+,d0			* arg = arg - atnh(a0)
01:000840DC 51CDFFEA        	  6424: 	DBF		d5,LAB_EXCC			* decrement and loop if not done
                            	  6425: 
01:000840E0 4E75            	  6426: 	RTS
                            	  6427: 
                            	  6428: LAB_EXAD
01:000840E2 9282            	  6429: 	SUB.l		d2,d1				* y = y - x1
01:000840E4 9C83            	  6430: 	SUB.l		d3,d6				* x = x + y1
01:000840E6 D098            	  6431: 	ADD.l		(a0)+,d0			* arg = arg + atnh(a0)
01:000840E8 51CDFFDE        	  6432: 	DBF		d5,LAB_EXCC			* decrement and loop if not done
                            	  6433: 
01:000840EC 4E75            	  6434: 	RTS
                            	  6435: 
                            	  6436: 
                            	  6437: *************************************************************************************
                            	  6438: *
                            	  6439: * RND(n), 32 bit Galois version. make n=0 for 19th next number in sequence or n<>0
                            	  6440: * to get 19th next number in sequence after seed n. This version of the PRNG uses
                            	  6441: * the Galois method and a sample of 65536 bytes produced gives the following values.
                            	  6442: 
                            	  6443: * Entropy = 7.997442 bits per byte
                            	  6444: * Optimum compression would reduce these 65536 bytes by 0 percent
                            	  6445: 
                            	  6446: * Chi square distribution for 65536 samples is 232.01, and
                            	  6447: * randomly would exceed this value 75.00 percent of the time
                            	  6448: 
                            	  6449: * Arithmetic mean value of data bytes is 127.6724, 127.5 would be random
                            	  6450: * Monte Carlo value for Pi is 3.122871269, error 0.60 percent
                            	  6451: * Serial correlation coefficient is -0.000370, totally uncorrelated would be 0.0
                            	  6452: 
                            	  6453: LAB_RND
01:000840EE 4A2B1EDC        	  6454: 	TST.b		FAC1_e(a3)			* get FAC1 exponent
01:000840F2 670C            	  6455: 	BEQ.s		NextPRN			* do next random number if zero
                            	  6456: 
                            	  6457: 							* else get seed into random number store
01:000840F4 204BD1FC00081EE8	  6458: 	LEA		PRNlword(a3),a0		* set PRNG pointer
01:000840FC 6100FA9E        	  6459: 	BSR		LAB_2778			* pack FAC1 into (a0)
                            	  6460: NextPRN
01:00084100 72AF            	  6461: 	MOVEQ		#$AF-$100,d1		* set EOR value
01:00084102 7412            	  6462: 	MOVEQ		#18,d2			* do this 19 times
01:00084104 202B1EE8        	  6463: 	MOVE.l	PRNlword(a3),d0		* get current
                            	  6464: Ninc0
01:00084108 D080            	  6465: 	ADD.l		d0,d0				* shift left 1 bit
01:0008410A 6402            	  6466: 	BCC.s		Ninc1				* branch if bit 32 not set
                            	  6467: 
01:0008410C B300            	  6468: 	EOR.b		d1,d0				* do Galois LFSR feedback
                            	  6469: Ninc1
01:0008410E 51CAFFF8        	  6470: 	DBF		d2,Ninc0			* loop
                            	  6471: 
01:00084112 27401EE8        	  6472: 	MOVE.l	d0,PRNlword(a3)		* save back to seed word
01:00084116 27401ED8        	  6473: 	MOVE.l	d0,FAC1_m(a3)		* copy to FAC1 mantissa
01:0008411A 377C80001EDC    	  6474: 	MOVE.w	#$8000,FAC1_e(a3)		* set the exponent and clear the sign
01:00084120 6000F7DE        	  6475: 	BRA		LAB_24D5			* normalise FAC1 & return
                            	  6476: 
                            	  6477: 
                            	  6478: *************************************************************************************
                            	  6479: *
                            	  6480: * cordic TAN(x) routine, TAN(x) = SIN(x)/COS(x)
                            	  6481: * x = angle in radians
                            	  6482: 
                            	  6483: LAB_TAN
01:00084124 6138            	  6484: 	BSR.s		LAB_SIN			* go do SIN/COS cordic compute
01:00084126 376B1EDC1EE4    	  6485: 	MOVE.w	FAC1_e(a3),FAC2_e(a3)	* copy exponent & sign from FAC1 to FAC2
01:0008412C 276B1ED81EE0    	  6486: 	MOVE.l	FAC1_m(a3),FAC2_m(a3)	* copy FAC1 mantissa to FAC2 mantissa
01:00084132 27411ED8        	  6487: 	MOVE.l	d1,FAC1_m(a3)		* get COS(x) mantissa
01:00084136 17431EDC        	  6488: 	MOVE.b	d3,FAC1_e(a3)		* get COS(x) exponent
01:0008413A 6700E004        	  6489: 	BEQ		LAB_OFER			* do overflow if COS = 0
                            	  6490: 
01:0008413E 6100F7C0        	  6491: 	BSR		LAB_24D5			* normalise FAC1
01:00084142 6000F970        	  6492: 	BRA		LAB_DIVIDE			* do FAC2/FAC1 and return, FAC_sc set by SIN
                            	  6493: 							* COS calculation
                            	  6494: 
                            	  6495: 
                            	  6496: *************************************************************************************
                            	  6497: *
                            	  6498: * cordic SIN(x), COS(x) routine
                            	  6499: * x = angle in radians
                            	  6500: 
                            	  6501: LAB_COS
01:00084146 277CC90FDAA31EE0	  6502: 	MOVE.l	#$C90FDAA3,FAC2_m(a3)	* pi/2 mantissa (LSB is rounded up so
                            	  6503: 							* COS(PI/2)=0)
01:0008414E 377C81001EE4    	  6504: 	MOVE.w	#$8100,FAC2_e(a3)		* pi/2 exponent and sign
01:00084154 176B1EDD1EE6    	  6505: 	MOVE.b	FAC1_s(a3),FAC_sc(a3)	* sign = FAC1 sign (b7)
01:0008415A 6100F722        	  6506: 	BSR		LAB_ADD			* add FAC2 to FAC1, adjust for COS(x)
                            	  6507: 
                            	  6508: 
                            	  6509: *************************************************************************************
                            	  6510: *
                            	  6511: * SIN/COS cordic calculator
                            	  6512: 
                            	  6513: LAB_SIN
01:0008415E 177C00001EFC    	  6514: 	MOVE.b	#0,cosout(a3)		* set needed result
                            	  6515: 
01:00084164 277CA2F9836F1EE0	  6516: 	MOVE.l	#$A2F9836F,FAC2_m(a3)	* 1/pi mantissa (LSB is rounded up so SIN(PI)=0)
01:0008416C 377C7F001EE4    	  6517: 	MOVE.w	#$7F00,FAC2_e(a3)		* 1/pi exponent & sign
01:00084172 176B1EDD1EE6    	  6518: 	MOVE.b	FAC1_s(a3),FAC_sc(a3)	* sign = FAC1 sign (b7)
01:00084178 6100F8AE        	  6519: 	BSR		LAB_MULTIPLY		* multiply by 1/pi
                            	  6520: 
01:0008417C 102B1EDC        	  6521: 	MOVE.b	FAC1_e(a3),d0		* get FAC1 exponent
01:00084180 671C            	  6522: 	BEQ.s		LAB_SCZE			* branch if zero
                            	  6523: 
01:00084182 41FA0B3E        	  6524: 	LEA		TAB_SNCO,a0		* get pointer to constants table
01:00084186 2C2B1ED8        	  6525: 	MOVE.l	FAC1_m(a3),d6		* get FAC1 mantissa
01:0008418A 5300            	  6526: 	SUBQ.b	#1,d0				* 2 radians in 360 degrees so /2
01:0008418C 6710            	  6527: 	BEQ.s		LAB_SCZE			* branch if zero
                            	  6528: 
01:0008418E 903C0080        	  6529: 	SUB.b		#$80,d0			* normalise exponent
01:00084192 6B18            	  6530: 	BMI.s		LAB_SCL0			* branch if < 1
                            	  6531: 
                            	  6532: 							* X is > 1
01:00084194 B03C0020        	  6533: 	CMP.b		#$20,d0			* is it >= 2^32
01:00084198 6404            	  6534: 	BCC.s		LAB_SCZE			* may as well do zero
                            	  6535: 
01:0008419A E1AE            	  6536: 	LSL.l		d0,d6				* shift out integer part bits
01:0008419C 6618            	  6537: 	BNE.s		LAB_CORD			* if fraction go test quadrant and adjust
                            	  6538: 
                            	  6539: 							* else no fraction so do zero
                            	  6540: LAB_SCZE
01:0008419E 7481            	  6541: 	MOVEQ		#$81-$100,d2		* set exponent for 1.0
01:000841A0 7600            	  6542: 	MOVEQ		#0,d3				* set exponent for 0.0
01:000841A2 203C80000000    	  6543: 	MOVE.l	#$80000000,d0		* mantissa for 1.0
01:000841A8 2203            	  6544: 	MOVE.l	d3,d1				* mantissa for 0.0
01:000841AA 605C            	  6545: 	BRA.s		outloop			* go output it
                            	  6546: 
                            	  6547: 							* x is < 1
                            	  6548: LAB_SCL0
01:000841AC 4400            	  6549: 	NEG.b		d0				* make +ve
01:000841AE B03C001E        	  6550: 	CMP.b		#$1E,d0			* is it <= 2^-30
01:000841B2 64EA            	  6551: 	BCC.s		LAB_SCZE			* may as well do zero
                            	  6552: 
01:000841B4 E0AE            	  6553: 	LSR.l		d0,d6				* shift out <= 2^-32 bits
                            	  6554: 
                            	  6555: * cordic calculator, argument in d6
                            	  6556: * table pointer in a0, returns in d0-d3
                            	  6557: 
                            	  6558: LAB_CORD
01:000841B6 176B1EDD1EE6    	  6559: 	MOVE.b	FAC1_s(a3),FAC_sc(a3)	* copy as sign compare for TAN
01:000841BC DC86            	  6560: 	ADD.l		d6,d6				* shift 0.5 bit into carry
01:000841BE 6404            	  6561: 	BCC.s		LAB_LTPF			* branch if less than 0.5
                            	  6562: 
01:000841C0 462B1EDD        	  6563: 	EORI.b	#$FF,FAC1_s(a3)		* toggle result sign
                            	  6564: LAB_LTPF
01:000841C4 DC86            	  6565: 	ADD.l		d6,d6				* shift 0.25 bit into carry
01:000841C6 6408            	  6566: 	BCC.s		LAB_LTPT			* branch if less than 0.25
                            	  6567: 
01:000841C8 462B1EFC        	  6568: 	EORI.b	#$FF,cosout(a3)		* toggle needed result
01:000841CC 462B1EE6        	  6569: 	EORI.b	#$FF,FAC_sc(a3)		* toggle sign compare for TAN
                            	  6570: 
                            	  6571: LAB_LTPT
01:000841D0 E48E            	  6572: 	LSR.l		#2,d6				* shift the bits back (clear integer bits)
01:000841D2 67CA            	  6573: 	BEQ.s		LAB_SCZE			* no fraction so go do zero
                            	  6574: 
                            	  6575: 							* set start values
01:000841D4 7A01            	  6576: 	MOVEQ		#1,d5				* set bit count
01:000841D6 2028FFFC        	  6577: 	MOVE.l	-4(a0),d0			* get multiply constant (1st itteration d0)
01:000841DA 2200            	  6578: 	MOVE.l	d0,d1				* 1st itteration d1
01:000841DC 9C98            	  6579: 	SUB.l		(a0)+,d6			* 1st always +ve so do 1st step
01:000841DE 6008            	  6580: 	BRA.s		mainloop			* jump into routine
                            	  6581: 
                            	  6582: subloop
01:000841E0 9C98            	  6583: 	SUB.l		(a0)+,d6			* z = z - arctan(i)/2pi
01:000841E2 9083            	  6584: 	SUB.l		d3,d0				* x = x - y1
01:000841E4 D282            	  6585: 	ADD.l		d2,d1				* y = y + x1
01:000841E6 6012            	  6586: 	BRA.s		nexta				* back to main loop
                            	  6587: 
                            	  6588: mainloop
01:000841E8 2400            	  6589: 	MOVE.l	d0,d2				* x1 = x
01:000841EA EAA2            	  6590: 	ASR.l		d5,d2				* / (2 ^ i)
01:000841EC 2601            	  6591: 	MOVE.l	d1,d3				* y1 = y
01:000841EE EAA3            	  6592: 	ASR.l		d5,d3				* / (2 ^ i)
01:000841F0 4A86            	  6593: 	TST.l		d6				* test sign (is 2^0 bit)
01:000841F2 6AEC            	  6594: 	BPL.s		subloop			* go do subtract if > 1
                            	  6595: 
01:000841F4 DC98            	  6596: 	ADD.l		(a0)+,d6			* z = z + arctan(i)/2pi
01:000841F6 D083            	  6597: 	ADD.l		d3,d0				* x = x + y1
01:000841F8 9282            	  6598: 	SUB.l		d2,d1				* y = y + x1
                            	  6599: nexta
01:000841FA 5285            	  6600: 	ADDQ.l	#1,d5				* i = i + 1
01:000841FC BABC0000001E    	  6601: 	CMP.l		#$1E,d5			* check end condition
01:00084202 66E4            	  6602: 	BNE.s		mainloop			* loop if not all done
                            	  6603: 
                            	  6604: 							* now untangle output value
01:00084204 7481            	  6605: 	MOVEQ		#$81-$100,d2		* set exponent for 0 to .99 rec.
01:00084206 2602            	  6606: 	MOVE.l	d2,d3				* copy it for cos output
                            	  6607: outloop
01:00084208 4A2B1EFC        	  6608: 	TST.b		cosout(a3)			* did we want cos output?
01:0008420C 6B04            	  6609: 	BMI.s		subexit			* if so skip
                            	  6610: 
01:0008420E C141            	  6611: 	EXG		d0,d1				* swap SIN and COS mantissas
01:00084210 C543            	  6612: 	EXG		d2,d3				* swap SIN and COS exponents
                            	  6613: subexit
01:00084212 27401ED8        	  6614: 	MOVE.l	d0,FAC1_m(a3)		* set result mantissa
01:00084216 17421EDC        	  6615: 	MOVE.b	d2,FAC1_e(a3)		* set result exponent
01:0008421A 6000F6E4        	  6616: 	BRA		LAB_24D5			* normalise FAC1 & return
                            	  6617: 
                            	  6618: 
                            	  6619: 
                            	  6620: *************************************************************************************
                            	  6621: *
                            	  6622: * perform ATN()
                            	  6623: 
                            	  6624: LAB_ATN
01:0008421E 102B1EDC        	  6625: 	MOVE.b	FAC1_e(a3),d0		* get FAC1 exponent
01:00084222 670000AA        	  6626: 	BEQ		RTS_021			* ATN(0) = 0 so skip calculation
                            	  6627: 
01:00084226 177C00001EFC    	  6628: 	MOVE.b	#0,cosout(a3)		* set result needed
01:0008422C B03C0081        	  6629: 	CMP.b		#$81,d0			* compare exponent with 1
01:00084230 6528            	  6630: 	BCS.s		LAB_ATLE			* branch if n<1
                            	  6631: 
01:00084232 6608            	  6632: 	BNE.s		LAB_ATGO			* branch if n>1
                            	  6633: 
01:00084234 202B1ED8        	  6634: 	MOVE.l	FAC1_m(a3),d0		* get mantissa
01:00084238 D080            	  6635: 	ADD.l		d0,d0				* shift left
01:0008423A 671E            	  6636: 	BEQ.s		LAB_ATLE			* branch if n=1
                            	  6637: 
                            	  6638: LAB_ATGO
01:0008423C 277C800000001EE0	  6639: 	MOVE.l	#$80000000,FAC2_m(a3)	* set mantissa for 1
01:00084244 377C81001EE4    	  6640: 	MOVE.w	#$8100,FAC2_e(a3)		* set exponent for 1
01:0008424A 176B1EDD1EE6    	  6641: 	MOVE.b	FAC1_s(a3),FAC_sc(a3)	* sign compare = sign
01:00084250 6100F862        	  6642: 	BSR		LAB_DIVIDE			* do 1/n
01:00084254 177C00FF1EFC    	  6643: 	MOVE.b	#$FF,cosout(a3)		* set inverse result needed
                            	  6644: LAB_ATLE
01:0008425A 202B1ED8        	  6645: 	MOVE.l	FAC1_m(a3),d0		* get FAC1 mantissa
01:0008425E 7282            	  6646: 	MOVEQ		#$82,d1			* set to correct exponent
01:00084260 922B1EDC        	  6647: 	SUB.b		FAC1_e(a3),d1		* subtract FAC1 exponent (always <= 1)
01:00084264 E2A8            	  6648: 	LSR.l		d1,d0				* shift in two integer part bits
01:00084266 41FA0ADA        	  6649: 	LEA		TAB_ATNC,a0		* get pointer to arctan table
01:0008426A 7C00            	  6650: 	MOVEQ		#0,d6				* Z = 0
01:0008426C 223C40000000    	  6651: 	MOVE.l	#1<<30,d1			* y = 1
01:00084272 7A1D            	  6652: 	MOVEQ		#29,d5			* loop 30 times
01:00084274 7801            	  6653: 	MOVEQ		#1,d4				* shift counter
01:00084276 6006            	  6654: 	BRA.s		LAB_ATCD			* enter loop
                            	  6655: 
                            	  6656: LAB_ATNP
01:00084278 E8A2            	  6657: 	ASR.l		d4,d2				* x1 / 2^i
01:0008427A D282            	  6658: 	ADD.l		d2,d1				* y = y + x1
01:0008427C DC90            	  6659: 	ADD.l		(a0),d6			* z = z + atn(i)
                            	  6660: LAB_ATCD
01:0008427E 2400            	  6661: 	MOVE.l	d0,d2				* x1 = x
01:00084280 2601            	  6662: 	MOVE.l	d1,d3				* y1 = y
01:00084282 E8A3            	  6663: 	ASR.l		d4,d3				* y1 / 2^i
                            	  6664: LAB_CATN
01:00084284 9083            	  6665: 	SUB.l		d3,d0				* x = x - y1
01:00084286 6AF0            	  6666: 	BPL.s		LAB_ATNP			* branch if x >= 0
                            	  6667: 
01:00084288 2002            	  6668: 	MOVE.l	d2,d0				* else get x back
01:0008428A 5848            	  6669: 	ADDQ.w	#4,a0				* increment pointer
01:0008428C 5284            	  6670: 	ADDQ.l	#1,d4				* increment i
01:0008428E E283            	  6671: 	ASR.l		#1,d3				* y1 / 2^i
01:00084290 51CDFFF2        	  6672: 	DBF		d5,LAB_CATN			* decrement and loop if not done
                            	  6673: 
01:00084294 177C00821EDC    	  6674: 	MOVE.b	#$82,FAC1_e(a3)		* set new exponent
01:0008429A 27461ED8        	  6675: 	MOVE.l	d6,FAC1_m(a3)		* save mantissa
01:0008429E 6100F660        	  6676: 	BSR		LAB_24D5			* normalise FAC1
                            	  6677: 
01:000842A2 4A2B1EFC        	  6678: 	TST.b		cosout(a3)			* was it > 1 ?
01:000842A6 6A26            	  6679: 	BPL.s		RTS_021			* branch if not
                            	  6680: 
01:000842A8 1E2B1EDD        	  6681: 	MOVE.b	FAC1_s(a3),d7		* get sign
01:000842AC 177C00001EDD    	  6682: 	MOVE.b	#0,FAC1_s(a3)		* clear sign
01:000842B2 277CC90FDAA21EE0	  6683: 	MOVE.l	#$C90FDAA2,FAC2_m(a3)	* set -(pi/2)
01:000842BA 377C81801EE4    	  6684: 	MOVE.w	#$8180,FAC2_e(a3)		* set exponent and sign
01:000842C0 177C00FF1EE6    	  6685: 	MOVE.b	#$FF,FAC_sc(a3)		* set sign compare
01:000842C6 6100F5B6        	  6686: 	BSR		LAB_ADD			* perform addition, FAC2 to FAC1
01:000842CA 17471EDD        	  6687: 	MOVE.b	d7,FAC1_s(a3)		* restore sign
                            	  6688: RTS_021
01:000842CE 4E75            	  6689: 	RTS
                            	  6690: 
                            	  6691: 
                            	  6692: *************************************************************************************
                            	  6693: *
                            	  6694: * perform BITSET
                            	  6695: 
                            	  6696: LAB_BITSET
01:000842D0 6100F48C        	  6697: 	BSR		LAB_GADB			* get two parameters for POKE or WAIT
                            	  6698: 							* first parameter in a0, second in d0
01:000842D4 B03C0008        	  6699: 	CMP.b		#$08,d0			* only 0 to 7 are allowed
01:000842D8 6400DE6A        	  6700: 	BCC		LAB_FCER			* branch if > 7
                            	  6701: 
01:000842DC 01D0            	  6702: 	BSET		d0,(a0)			* set bit
01:000842DE 4E75            	  6703: 	RTS
                            	  6704: 
                            	  6705: 
                            	  6706: *************************************************************************************
                            	  6707: *
                            	  6708: * perform BITCLR
                            	  6709: 
                            	  6710: LAB_BITCLR
01:000842E0 6100F47C        	  6711: 	BSR		LAB_GADB			* get two parameters for POKE or WAIT
                            	  6712: 							* first parameter in a0, second in d0
01:000842E4 B03C0008        	  6713: 	CMP.b		#$08,d0			* only 0 to 7 are allowed
01:000842E8 6400DE5A        	  6714: 	BCC		LAB_FCER			* branch if > 7
                            	  6715: 
01:000842EC 0190            	  6716: 	BCLR		d0,(a0)			* clear bit
01:000842EE 4E75            	  6717: 	RTS
                            	  6718: 
                            	  6719: 
                            	  6720: *************************************************************************************
                            	  6721: *
                            	  6722: * perform BITTST()
                            	  6723: 
                            	  6724: LAB_BTST
01:000842F0 101D            	  6725: 	MOVE.b	(a5)+,d0			* increment BASIC pointer
01:000842F2 6100F46A        	  6726: 	BSR		LAB_GADB			* get two parameters for POKE or WAIT
                            	  6727: 							* first parameter in a0, second in d0
01:000842F6 B03C0008        	  6728: 	CMP.b		#$08,d0			* only 0 to 7 are allowed
01:000842FA 6400DE48        	  6729: 	BCC		LAB_FCER			* branch if > 7
                            	  6730: 
01:000842FE 2200            	  6731: 	MOVE.l	d0,d1				* copy bit # to test
01:00084300 6100EA9C        	  6732: 	BSR		LAB_GBYT			* get next BASIC byte
01:00084304 B03C0029        	  6733: 	CMP.b		#')',d0			* is next character ")"
01:00084308 6600DE46        	  6734: 	BNE		LAB_SNER			* if not ")" go do syntax error, then warm start
                            	  6735: 
01:0008430C 6100EA8E        	  6736: 	BSR		LAB_IGBY			* update execute pointer (to character past ")")
01:00084310 7000            	  6737: 	MOVEQ		#0,d0				* set the result as zero
01:00084312 0310            	  6738: 	BTST		d1,(a0)			* test bit
01:00084314 6700F900        	  6739: 	BEQ		LAB_27DB			* branch if zero (already correct)
                            	  6740: 
01:00084318 70FF            	  6741: 	MOVEQ		#-1,d0			* set for -1 result
01:0008431A 6000F8FA        	  6742: 	BRA		LAB_27DB			* go do SGN tail
                            	  6743: 
                            	  6744: 
                            	  6745: *************************************************************************************
                            	  6746: *
                            	  6747: * perform USING$()
                            	  6748: 
                            	  6749: fsd	EQU	 0					*   (sp) format string descriptor pointer
                            	  6750: fsti	EQU	 4					*  4(sp) format string this index
                            	  6751: fsli	EQU	 6					*  6(sp) format string last index
                            	  6752: fsdpi	EQU	 8					*  8(sp) format string decimal point index
                            	  6753: fsdc	EQU	10					* 10(sp) format string decimal characters
                            	  6754: fend	EQU	12-4					*  x(sp) end-4, fsd is popped by itself
                            	  6755: 
                            	  6756: ofchr	EQU	'#'					* the overflow character
                            	  6757: 
                            	  6758: LAB_USINGS
01:0008431E 4A2B1EFD        	  6759: 	TST.b		Dtypef(a3)			* test data type, $80=string
01:00084322 6A00DDD8        	  6760: 	BPL		LAB_FOER			* if not string type go do format error
                            	  6761: 
01:00084326 246B1ED8        	  6762: 	MOVEA.l	FAC1_m(a3),a2		* get the format string descriptor pointer
01:0008432A 3E2A0004        	  6763: 	MOVE.w	4(a2),d7			* get the format string length
01:0008432E 6700DDCC        	  6764: 	BEQ		LAB_FOER			* if null string go do format error
                            	  6765: 
                            	  6766: * clear the format string values
                            	  6767: 
01:00084332 7000            	  6768: 	MOVEQ		#0,d0				* clear d0
01:00084334 3F00            	  6769: 	MOVE.w	d0,-(sp)			* clear the format string decimal characters
01:00084336 3F00            	  6770: 	MOVE.w	d0,-(sp)			* clear the format string decimal point index
01:00084338 3F00            	  6771: 	MOVE.w	d0,-(sp)			* clear the format string last index
01:0008433A 3F00            	  6772: 	MOVE.w	d0,-(sp)			* clear the format string this index
01:0008433C 2F0A            	  6773: 	MOVE.l	a2,-(sp)			* save the format string descriptor pointer
                            	  6774: 
                            	  6775: * make a null return string for the first string add
                            	  6776: 
01:0008433E 7200            	  6777: 	MOVEQ		#0,d1				* make a null string
01:00084340 2041            	  6778: 	MOVEA.l	d1,a0				* with a null pointer
01:00084342 6100F0BE        	  6779: 	BSR		LAB_RTST			* push a string on the descriptor stack
                            	  6780: 							* a0 = pointer, d1 = length
                            	  6781: 
                            	  6782: * do the USING$() function next value
                            	  6783: 
01:00084346 101D            	  6784: 	MOVE.b	(a5)+,d0			* get the next BASIC byte
                            	  6785: LAB_U002
01:00084348 B03C002C        	  6786: 	CMP.b		#',',d0			* compare with comma
01:0008434C 6600DE02        	  6787: 	BNE		LAB_SNER			* if not "," go do syntax error
                            	  6788: 
01:00084350 61000290        	  6789: 	BSR		LAB_ProcFo			* process the format string
01:00084354 4A02            	  6790: 	TST.b		d2				* test the special characters flag
01:00084356 6700DDA4        	  6791: 	BEQ		LAB_FOER			* if no special characters go do format error
                            	  6792: 
01:0008435A 6100E8E0        	  6793: 	BSR		LAB_EVEX			* evaluate the expression
01:0008435E 4A2B1EFD        	  6794: 	TST.b		Dtypef(a3)			* test the data type
01:00084362 6B00DDC0        	  6795: 	BMI		LAB_TMER			* if string type go do type missmatch error
                            	  6796: 
01:00084366 4A2B1EDC        	  6797: 	TST.b		FAC1_e(a3)			* test FAC1 exponent
01:0008436A 6732            	  6798: 	BEQ.s		LAB_U004			* if FAC1 = 0 skip the rounding
                            	  6799: 
01:0008436C 322F000A        	  6800: 	MOVE.w	fsdc(sp),d1			* get the format string decimal character count
01:00084370 B27C0008        	  6801: 	CMP.w		#8,d1				* compare the fraction digit count with 8
01:00084374 6428            	  6802: 	BCC.s		LAB_U004			* if >= 8 skip the rounding
                            	  6803: 
01:00084376 3001            	  6804: 	MOVE.w	d1,d0				* else copy the fraction digit count
01:00084378 D241            	  6805: 	ADD.w		d1,d1				* * 2
01:0008437A D240            	  6806: 	ADD.w		d0,d1				* * 3
01:0008437C D241            	  6807: 	ADD.w		d1,d1				* * 6
01:0008437E 41FA0854        	  6808: 	LEA		LAB_P_10,a0		* get the rounding table base
01:00084382 277010021EE0    	  6809: 	MOVE.l	2(a0,d1.w),FAC2_m(a3)	* get the rounding mantissa
01:00084388 30301000        	  6810: 	MOVE.w	(a0,d1.w),d0		* get the rounding exponent
01:0008438C 907C0100        	  6811: 	SUB.w		#$100,d0			* effectively divide the mantissa by 2
01:00084390 37401EE4        	  6812: 	MOVE.w	d0,FAC2_e(a3)		* save the rounding exponent
01:00084394 177C00001EE6    	  6813: 	MOVE.b	#$00,FAC_sc(a3)		* clear the sign compare
01:0008439A 6100F4E2        	  6814: 	BSR		LAB_ADD			* round the value to n places
                            	  6815: LAB_U004
01:0008439E 6100F96A        	  6816: 	BSR		LAB_2970			* convert FAC1 to string - not on stack
                            	  6817: 
01:000843A2 61000200        	  6818: 	BSR		LAB_DupFmt			* duplicate the processed format string section
                            	  6819: 							* returns length in d1, pointer in a0
                            	  6820: 
                            	  6821: * process the number string, length in d6, decimal point index in d2
                            	  6822: 
01:000843A6 244BD5FC00081F0E	  6823: 	LEA		Decss(a3),a2		* set the number string start
01:000843AE 7C00            	  6824: 	MOVEQ		#0,d6				* clear the number string index
01:000843B0 782E            	  6825: 	MOVEQ		#'.',d4			* set the decimal point character
                            	  6826: LAB_U005
01:000843B2 3406            	  6827: 	MOVE.w	d6,d2				* save the index to flag the decimal point
                            	  6828: LAB_U006
01:000843B4 5246            	  6829: 	ADDQ.w	#1,d6				* increment the number string index
01:000843B6 10326000        	  6830: 	MOVE.b	(a2,d6.w),d0		* get a number string character
01:000843BA 677A            	  6831: 	BEQ.s		LAB_U010			* if null then number complete
                            	  6832: 
01:000843BC B03C0045        	  6833: 	CMP.b		#'E',d0			* compare the character with an "E"
01:000843C0 6706            	  6834: 	BEQ.s		LAB_U008			* was sx[.x]Esxx so go handle sci notation
                            	  6835: 
01:000843C2 B004            	  6836: 	CMP.b		d4,d0				* compare the character with "."
01:000843C4 66EE            	  6837: 	BNE.s		LAB_U006			* if not decimal point go get the next digit
                            	  6838: 
01:000843C6 60EA            	  6839: 	BRA.s		LAB_U005			* go save the index and get the next digit
                            	  6840: 
                            	  6841: * have found an sx[.x]Esxx number, the [.x] will not be present for a single digit
                            	  6842: 
                            	  6843: LAB_U008
01:000843C8 3606            	  6844: 	MOVE.w	d6,d3				* copy the index to the "E"
01:000843CA 5343            	  6845: 	SUBQ.w	#1,d3				* -1 gives the last digit index
                            	  6846: 
01:000843CC 5246            	  6847: 	ADDQ.w	#1,d6				* increment the index to the exponent sign
01:000843CE 10326000        	  6848: 	MOVE.b	(a2,d6.w),d0		* get the exponent sign character
01:000843D2 B03C002D        	  6849: 	CMP.b		#'-',d0			* compare the exponent sign with "-"
01:000843D6 6600DD6C        	  6850: 	BNE		LAB_FCER			* if it wasn't sx[.x]E-xx go do function
                            	  6851: 							* call error
                            	  6852: 
                            	  6853: * found an sx[.x]E-xx number so check the exponent magnitude
                            	  6854: 
01:000843DA 5246            	  6855: 	ADDQ.w	#1,d6				* increment the index to the exponent 10s
01:000843DC 10326000        	  6856: 	MOVE.b	(a2,d6.w),d0		* get the exponent 10s character
01:000843E0 B03C0030        	  6857: 	CMP.b		#'0',d0			* compare the exponent 10s with "0"
01:000843E4 6704            	  6858: 	BEQ.s		LAB_U009			* if it was sx[.x]E-0x go get the exponent
                            	  6859: 							* 1s character
                            	  6860: 
01:000843E6 700A            	  6861: 	MOVEQ		#10,d0			* else start writing at index 10
01:000843E8 6008            	  6862: 	BRA.s		LAB_U00A			* go copy the digits
                            	  6863: 
                            	  6864: * found an sx[.x]E-0x number so get the exponent magnitude
                            	  6865: 
                            	  6866: LAB_U009
01:000843EA 5246            	  6867: 	ADDQ.w	#1,d6				* increment the index to the exponent 1s
01:000843EC 700F            	  6868: 	MOVEQ		#$0F,d0			* set the mask for the exponent 1s digit
01:000843EE C0326000        	  6869: 	AND.b		(a2,d6.w),d0		* get and convert the exponent 1s digit
                            	  6870: LAB_U00A
01:000843F2 3403            	  6871: 	MOVE.w	d3,d2				* copy the number last digit index
01:000843F4 0C420001        	  6872: 	CMPI.w	#1,d2				* is the number of the form sxE-0x
01:000843F8 6602            	  6873: 	BNE.s		LAB_U00B			* if it is sx.xE-0x skip the increment
                            	  6874: 
                            	  6875: 							* else make room for the decimal point
01:000843FA 5242            	  6876: 	ADDQ.w	#1,d2				* add 1 to the write index
                            	  6877: LAB_U00B
01:000843FC D440            	  6878: 	ADD.w		d0,d2				* add the exponent 1s to the write index
01:000843FE 700A            	  6879: 	MOVEQ		#10,d0			* set the maximum write index
01:00084400 9042            	  6880: 	SUB.w		d2,d0				* compare the index with the maximum
01:00084402 6E0C            	  6881: 	BGT.s		LAB_U00C			* if the index < the maximum continue
                            	  6882: 
01:00084404 D440            	  6883: 	ADD.w		d0,d2				* else set the index to the maximum
01:00084406 D640            	  6884: 	ADD.w		d0,d3				* adjust the read index
01:00084408 0C430001        	  6885: 	CMPI.w	#1,d3				* compare the adjusted index with 1
01:0008440C 6E02            	  6886: 	BGT.s		LAB_U00C			* if > 1 continue
                            	  6887: 
01:0008440E 7600            	  6888: 	MOVEQ		#0,d3				* else allow for the decimal point
                            	  6889: LAB_U00C
01:00084410 3C02            	  6890: 	MOVE.w		d2,d6				* copy the write index as the number
                            	  6891: 							* string length
01:00084412 7000            	  6892: 	MOVEQ		#0,d0				* clear d0 to null terminate the number
                            	  6893: 							* string
                            	  6894: LAB_U00D
01:00084414 15802000        	  6895: 	MOVE.b	d0,(a2,d2.w)		* save the character to the number string
01:00084418 5342            	  6896: 	SUBQ.w	#1,d2				* decrement the number write index
01:0008441A 0C420001        	  6897: 	CMPI.w	#1,d2				* compare the number write index with 1
01:0008441E 6712            	  6898: 	BEQ.s		LAB_U00F			* if at the decimal point go save it
                            	  6899: 
                            	  6900: 							* else write a digit to the number string
01:00084420 7030            	  6901: 	MOVEQ		#'0',d0			* default to "0"
01:00084422 4A43            	  6902: 	TST.w		d3				* test the number read index
01:00084424 67EE            	  6903: 	BEQ.s		LAB_U00D			* if zero just go save the "0"
                            	  6904: 
                            	  6905: LAB_U00E
01:00084426 10323000        	  6906: 	MOVE.b	(a2,d3.w),d0		* read the next number digit
01:0008442A 5343            	  6907: 	SUBQ.w	#1,d3				* decrement the read index
01:0008442C B004            	  6908: 	CMP.b		d4,d0				* compare the digit with "."
01:0008442E 66E4            	  6909: 	BNE.s		LAB_U00D			* if not "." go save the digit
                            	  6910: 
01:00084430 60F4            	  6911: 	BRA.s		LAB_U00E			* else go get the next digit
                            	  6912: 
                            	  6913: LAB_U00F
01:00084432 15842000        	  6914: 	MOVE.b	d4,(a2,d2.w)		* save the decimal point
                            	  6915: LAB_U010
01:00084436 4A42            	  6916: 	TST.w		d2				* test the number string decimal point index
01:00084438 6602            	  6917: 	BNE.s		LAB_U014			* if dp present skip the reset
                            	  6918: 
01:0008443A 3406            	  6919: 	MOVE.w	d6,d2				* make the decimal point index = the length
                            	  6920: 
                            	  6921: * copy the fractional digit characters from the number string
                            	  6922: 
                            	  6923: LAB_U014
01:0008443C 3602            	  6924: 	MOVE.w	d2,d3				* copy the number string decimal point index
01:0008443E 5243            	  6925: 	ADDQ.w	#1,d3				* increment the number string index
01:00084440 382F0008        	  6926: 	MOVE.w	fsdpi(sp),d4		* get the new format string decimal point index
                            	  6927: LAB_U018
01:00084444 5244            	  6928: 	ADDQ.w	#1,d4				* increment the new format string index
01:00084446 B244            	  6929: 	CMP.w		d4,d1				* compare it with the new format string length
01:00084448 6322            	  6930: 	BLS.s		LAB_U022			* if done the fraction digits go do integer
                            	  6931: 
01:0008444A 10304000        	  6932: 	MOVE.b	(a0,d4.w),d0		* get a new format string character
01:0008444E B03C0025        	  6933: 	CMP.b		#'%',d0			* compare it with "%"
01:00084452 6706            	  6934: 	BEQ.s		LAB_U01C			* if "%" go copy a number character
                            	  6935: 
01:00084454 B03C0023        	  6936: 	CMP.b		#'#',d0			* compare it with "#"
01:00084458 66EA            	  6937: 	BNE.s		LAB_U018			* if not "#" go do the next new format character
                            	  6938: 
                            	  6939: LAB_U01C
01:0008445A 7030            	  6940: 	MOVEQ		#'0',d0			* default to "0" character
01:0008445C BC43            	  6941: 	CMP.w		d3,d6				* compare the number string index with length
01:0008445E 6306            	  6942: 	BLS.s		LAB_U020			* if there skip the character get
                            	  6943: 
01:00084460 10323000        	  6944: 	MOVE.b	(a2,d3.w),d0		* get a character from the number string
01:00084464 5243            	  6945: 	ADDQ.w	#1,d3				* increment the number string index
                            	  6946: LAB_U020
01:00084466 11804000        	  6947: 	MOVE.b	d0,(a0,d4.w)		* save the number character to the new format
                            	  6948: 							* string
01:0008446A 60D8            	  6949: 	BRA.s		LAB_U018			* go do the next new format character
                            	  6950: 
                            	  6951: * now copy the integer digit characters from the number string
                            	  6952: 
                            	  6953: LAB_U022
01:0008446C 7C00            	  6954: 	MOVEQ		#0,d6				* clear the sign done flag
01:0008446E 7A00            	  6955: 	MOVEQ		#0,d5				* clear the sign present flag
01:00084470 5342            	  6956: 	SUBQ.w	#1,d2				* decrement the number string index
01:00084472 6608            	  6957: 	BNE.s		LAB_U026			* if not now at sign continue
                            	  6958: 
01:00084474 7401            	  6959: 	MOVEQ		#1,d2				* increment the number string index
01:00084476 15BC00302000    	  6960: 	MOVE.b	#'0',(a2,d2.w)		* replace the point with a zero
                            	  6961: LAB_U026
01:0008447C 382F0008        	  6962: 	MOVE.w	fsdpi(sp),d4		* get the new format string decimal point index
01:00084480 B244            	  6963: 	CMP.w		d4,d1				* compare it with the new format string length
01:00084482 6402            	  6964: 	BCC.s		LAB_U02A			* if within the string go use the index
                            	  6965: 
01:00084484 3801            	  6966: 	MOVE.w	d1,d4				* else set the index to the end of the string
                            	  6967: LAB_U02A
01:00084486 5344            	  6968: 	SUBQ.w	#1,d4				* decrement the new format string index
01:00084488 6B62            	  6969: 	BMI.s		LAB_U03E			* if all done go test for any overflow
                            	  6970: 
01:0008448A 10304000        	  6971: 	MOVE.b	(a0,d4.w),d0		* else get a new format string character
                            	  6972: 
01:0008448E 7E30            	  6973: 	MOVEQ		#'0',d7			* default to "0" character
01:00084490 B03C0025        	  6974: 	CMP.b		#'%',d0			* compare it with "%"
01:00084494 6708            	  6975: 	BEQ.s		LAB_U02B			* if "%" go copy a number character
                            	  6976: 
01:00084496 7E20            	  6977: 	MOVEQ		#' ',d7			* default to " " character
01:00084498 B03C0023        	  6978: 	CMP.b		#'#',d0			* compare it with "#"
01:0008449C 6606            	  6979: 	BNE.s		LAB_U02C			* if not "#" go try ","
                            	  6980: 
                            	  6981: LAB_U02B
01:0008449E 4A42            	  6982: 	TST.w		d2				* test the number string index
01:000844A0 6634            	  6983: 	BNE.s		LAB_U036			* if not at the sign go get a number character
                            	  6984: 
01:000844A2 6042            	  6985: 	BRA.s		LAB_U03C			* else go save the default character
                            	  6986: 
                            	  6987: LAB_U02C
01:000844A4 B03C002C        	  6988: 	CMP.b		#',',d0			* compare it with ","
01:000844A8 6610            	  6989: 	BNE.s		LAB_U030			* if not "," go try the sign characters
                            	  6990: 
01:000844AA 4A42            	  6991: 	TST.w		d2				* test the number string index
01:000844AC 6608            	  6992: 	BNE.s		LAB_U02E			* if not at the sign keep the ","
                            	  6993: 
01:000844AE 0C30002540FF    	  6994: 	CMP.b		#'%',-1(a0,d4.w)		* else compare the next format string character
                            	  6995: 							* with "%"
01:000844B4 6630            	  6996: 	BNE.s		LAB_U03C			* if not "%" keep the default character
                            	  6997: 
                            	  6998: LAB_U02E
01:000844B6 1E00            	  6999: 	MOVE.b	d0,d7				* else use the "," character
01:000844B8 602C            	  7000: 	BRA.s		LAB_U03C			* go save the character to the string
                            	  7001: 
                            	  7002: LAB_U030
01:000844BA B03C002D        	  7003: 	CMP.b		#'-',d0			* compare it with "-"
01:000844BE 6710            	  7004: 	BEQ.s		LAB_U034			* if "-" go do the sign character
                            	  7005: 
01:000844C0 B03C002B        	  7006: 	CMP.b		#'+',d0			* compare it with "+"
01:000844C4 66C0            	  7007: 	BNE.s		LAB_U02A			* if not "+" go do the next new format character
                            	  7008: 
01:000844C6 0C12002D        	  7009: 	CMP.b		#'-',(a2)			* compare the sign character with "-"
01:000844CA 6704            	  7010: 	BEQ.s		LAB_U034			* if "-" don't change the sign character
                            	  7011: 
01:000844CC 14BC002B        	  7012: 	MOVE.b	#'+',(a2)			* else make the sign character "+"
                            	  7013: LAB_U034
01:000844D0 1A00            	  7014: 	MOVE.b	d0,d5				* set the sign present flag
01:000844D2 4A42            	  7015: 	TST.w		d2				* test the number string index
01:000844D4 6708            	  7016: 	BEQ.s		LAB_U038			* if at the sign keep the default character
                            	  7017: 
                            	  7018: LAB_U036
01:000844D6 1E322000        	  7019: 	MOVE.b	(a2,d2.w),d7		* else get a character from the number string
01:000844DA 5342            	  7020: 	SUBQ.w	#1,d2				* decrement the number string index
01:000844DC 6008            	  7021: 	BRA.s		LAB_U03C			* go save the character
                            	  7022: 
                            	  7023: LAB_U038
01:000844DE 4A06            	  7024: 	TST.b		d6				* test the sign done flag
01:000844E0 6604            	  7025: 	BNE.s		LAB_U03C			* if the sign has been done go use the space
                            	  7026: 							* character
                            	  7027: 
01:000844E2 1E12            	  7028: 	MOVE.b	(a2),d7			* else get the sign character
01:000844E4 1C07            	  7029: 	MOVE.b	d7,d6				* flag that the sign has been done
                            	  7030: LAB_U03C
01:000844E6 11874000        	  7031: 	MOVE.b	d7,(a0,d4.w)		* save the number character to the new format
                            	  7032: 							* string
01:000844EA 609A            	  7033: 	BRA.s		LAB_U02A			* go do the next new format character
                            	  7034: 
                            	  7035: * test for overflow conditions
                            	  7036: 
                            	  7037: LAB_U03E
01:000844EC 4A42            	  7038: 	TST.w		d2				* test the number string index
01:000844EE 6614            	  7039: 	BNE.s		LAB_U040			* if all the digits aren't done go output
                            	  7040: 							* an overflow indication
                            	  7041: 
                            	  7042: * test for sign overflows
                            	  7043: 
01:000844F0 4A05            	  7044: 	TST.b		d5				* test the sign present flag
01:000844F2 6754            	  7045: 	BEQ.s		LAB_U04A			* if no sign present go add the string
                            	  7046: 
                            	  7047: * there was a sign in the format string
                            	  7048: 
01:000844F4 4A06            	  7049: 	TST.b		d6				* test the sign done flag
01:000844F6 6650            	  7050: 	BNE.s		LAB_U04A			* if the sign is done go add the string
                            	  7051: 
                            	  7052: * the sign isn't done so see if it was mandatory
                            	  7053: 
01:000844F8 0C05002B        	  7054: 	CMPI.b	#'+',d5			* compare the sign with "+"
01:000844FC 6706            	  7055: 	BEQ.s		LAB_U040			* if it was "+" go output an overflow
                            	  7056: 							* indication
                            	  7057: 
                            	  7058: * the sign wasn't mandatory but the number may have been negative
                            	  7059: 
01:000844FE 0C12002D        	  7060: 	CMP.b		#'-',(a2)			* compare the sign character with "-"
01:00084502 6644            	  7061: 	BNE.s		LAB_U04A			* if it wasn't "-" go add the string
                            	  7062: 
                            	  7063: * else the sign was "-" and a sign hasn't been output so ..
                            	  7064: 
                            	  7065: * the number overflowed the format string so replace all the special format characters
                            	  7066: * with the overflow character
                            	  7067: 
                            	  7068: LAB_U040
01:00084504 7A23            	  7069: 	MOVEQ		#ofchr,d5			* set the overflow character
01:00084506 3E01            	  7070: 	MOVE.w	d1,d7				* copy the new format string length
01:00084508 5347            	  7071: 	SUBQ.w	#1,d7				* adjust for the loop type
01:0008450A 3C2F0004        	  7072: 	MOVE.w	fsti(sp),d6			* copy the new format string last index
01:0008450E 5346            	  7073: 	SUBQ.w	#1,d6				* -1 gives the last character of this string
01:00084510 6E02            	  7074: 	BGT.s		LAB_U044			* if not zero continue
                            	  7075: 
01:00084512 3C07            	  7076: 	MOVE.w	d7,d6				* else set the format string index to the end
                            	  7077: LAB_U044
01:00084514 10316000        	  7078: 	MOVE.b	(a1,d6.w),d0		* get a character from the format string
01:00084518 0C000023        	  7079: 	CMPI.b	#'#',d0			* compare it with "#" special format character
01:0008451C 671E            	  7080: 	BEQ.s		LAB_U046			* if "#" go use the overflow character
                            	  7081: 
01:0008451E 0C000025        	  7082: 	CMPI.b	#'%',d0			* compare it with "%" special format character
01:00084522 6718            	  7083: 	BEQ.s		LAB_U046			* if "%" go use the overflow character
                            	  7084: 
01:00084524 0C00002C        	  7085: 	CMPI.b	#',',d0			* compare it with "," special format character
01:00084528 6712            	  7086: 	BEQ.s		LAB_U046			* if "," go use the overflow character
                            	  7087: 
01:0008452A 0C00002B        	  7088: 	CMPI.b	#'+',d0			* compare it with "+" special format character
01:0008452E 670C            	  7089: 	BEQ.s		LAB_U046			* if "+" go use the overflow character
                            	  7090: 
01:00084530 0C00002D        	  7091: 	CMPI.b	#'-',d0			* compare it with "-" special format character
01:00084534 6706            	  7092: 	BEQ.s		LAB_U046			* if "-" go use the overflow character
                            	  7093: 
01:00084536 0C00002E        	  7094: 	CMPI.b	#'.',d0			* compare it with "." special format character
01:0008453A 6602            	  7095: 	BNE.s		LAB_U048			* if not "." skip the using overflow character
                            	  7096: 
                            	  7097: LAB_U046
01:0008453C 1005            	  7098: 	MOVE.b	d5,d0				* use the overflow character
                            	  7099: LAB_U048
01:0008453E 11807000        	  7100: 	MOVE.b	d0,(a0,d7.w)		* save the character to the new format string
01:00084542 5346            	  7101: 	SUBQ.w	#1,d6				* decrement the format string index
01:00084544 51CFFFCE        	  7102: 	DBF		d7,LAB_U044			* decrement the count and loop if not all done
                            	  7103: 
                            	  7104: * add the new string to the previous string
                            	  7105: 
                            	  7106: LAB_U04A
01:00084548 41EC0006        	  7107: 	LEA		6(a4),a0			* get the descriptor pointer for string 1
01:0008454C 274C1ED8        	  7108: 	MOVE.l	a4,FAC1_m(a3)		* save the descriptor pointer for string 2
01:00084550 6100EFF8        	  7109: 	BSR		LAB_224E			* concatenate the strings
                            	  7110: 
                            	  7111: * now check for any tail on the format string
                            	  7112: 
01:00084554 302F0004        	  7113: 	MOVE.w	fsti(sp),d0			* get this index
01:00084558 6720            	  7114: 	BEQ.s		LAB_U04C			* if at start of string skip the output
                            	  7115: 
01:0008455A 3F400006        	  7116: 	MOVE.w	d0,fsli(sp)			* save this index to the last index
01:0008455E 61000082        	  7117: 	BSR		LAB_ProcFo			* now process the format string
01:00084562 4A02            	  7118: 	TST.b		d2				* test the special characters flag
01:00084564 6614            	  7119: 	BNE.s		LAB_U04C			* if special characters present skip the output
                            	  7120: 
                            	  7121: * else output the new string part
                            	  7122: 
01:00084566 613C            	  7123: 	BSR.s		LAB_DupFmt			* duplicate the processed format string section
01:00084568 3F6F00040006    	  7124: 	MOVE.w	fsti(sp),fsli(sp)		* copy this index to the last index
                            	  7125: 
                            	  7126: * add the new string to the previous string
                            	  7127: 
01:0008456E 41EC0006        	  7128: 	LEA		6(a4),a0			* get the descriptor pointer for string 1
01:00084572 274C1ED8        	  7129: 	MOVE.l	a4,FAC1_m(a3)		* save the descriptor pointer for string 2
01:00084576 6100EFD2        	  7130: 	BSR		LAB_224E			* concatenate the strings
                            	  7131: 
                            	  7132: * check for another value or end of function
                            	  7133: 
                            	  7134: LAB_U04C
01:0008457A 101D            	  7135: 	MOVE.b	(a5)+,d0			* get the next BASIC byte
01:0008457C B03C0029        	  7136: 	CMP.b		#')',d0			* compare with close bracket
01:00084580 6600FDC6        	  7137: 	BNE		LAB_U002			* if not ")" go do next value
                            	  7138: 
                            	  7139: * pop the result string off the descriptor stack
                            	  7140: 
01:00084584 204C            	  7141: 	MOVEA.l	a4,a0				* copy the result string descriptor pointer
01:00084586 222B1446        	  7142: 	MOVE.l	Sstorl(a3),d1		* save the bottom of string space
01:0008458A 6100F020        	  7143: 	BSR		LAB_22BA			* pop (a0) descriptor, returns with ..
                            	  7144: 							* d0 = length, a0 = pointer
01:0008458E 27411446        	  7145: 	MOVE.l	d1,Sstorl(a3)		* restore the bottom of string space
01:00084592 2248            	  7146: 	MOVEA.l	a0,a1				* copy the string result pointer
01:00084594 3200            	  7147: 	MOVE.w	d0,d1				* copy the string result length
                            	  7148: 
                            	  7149: * pop the format string off the descriptor stack
                            	  7150: 
01:00084596 205F            	  7151: 	MOVEA.l	(sp)+,a0			* pull the format string descriptor pointer
01:00084598 6100F012        	  7152: 	BSR		LAB_22BA			* pop (a0) descriptor, returns with ..
                            	  7153: 							* d0 = length, a0 = pointer
                            	  7154: 
01:0008459C 508F            	  7155: 	LEA		fend(sp),sp			* dump the saved values
                            	  7156: 
                            	  7157: * push the result string back on the descriptor stack and return
                            	  7158: 
01:0008459E 2049            	  7159: 	MOVEA.l	a1,a0				* copy the result string pointer back
01:000845A0 6000EE60        	  7160: 	BRA		LAB_RTST			* push a string on the descriptor stack and
                            	  7161: 							* return. a0 = pointer, d1 = length
                            	  7162: 
                            	  7163: 
                            	  7164: *************************************************************************************
                            	  7165: *
                            	  7166: * duplicate the processed format string section
                            	  7167: 
                            	  7168: 							* make a string as long as the format string
                            	  7169: LAB_DupFmt
01:000845A4 226F0004        	  7170: 	MOVEA.l	4+fsd(sp),a1		* get the format string descriptor pointer
01:000845A8 3E290004        	  7171: 	MOVE.w	4(a1),d7			* get the format string length
01:000845AC 342F000A        	  7172: 	MOVE.w	4+fsli(sp),d2		* get the format string last index
01:000845B0 3C2F0008        	  7173: 	MOVE.w	4+fsti(sp),d6		* get the format string this index
01:000845B4 3206            	  7174: 	MOVE.w	d6,d1				* copy the format string this index
01:000845B6 9242            	  7175: 	SUB.w		d2,d1				* subtract the format string last index
01:000845B8 6202            	  7176: 	BHI.s		LAB_D002			* if > 0 skip the correction
                            	  7177: 
01:000845BA D247            	  7178: 	ADD.w		d7,d1				* else add the format string length as the
                            	  7179: 							* correction
                            	  7180: LAB_D002
01:000845BC 6100EE5E        	  7181: 	BSR		LAB_2115			* make string space d1 bytes long
                            	  7182: 							* return a0/Sutill = pointer, others unchanged
                            	  7183: 
                            	  7184: * push the new string on the descriptor stack
                            	  7185: 
01:000845C0 6100EE40        	  7186: 	BSR		LAB_RTST			* push a string on the descriptor stack and
                            	  7187: 							* return. a0 = pointer, d1 = length
                            	  7188: 
                            	  7189: * copy the characters from the format string
                            	  7190: 
01:000845C4 226F0004        	  7191: 	MOVEA.l	4+fsd(sp),a1		* get the format string descriptor pointer
01:000845C8 2251            	  7192: 	MOVEA.l	(a1),a1			* get the format string pointer
01:000845CA 7800            	  7193: 	MOVEQ		#0,d4				* clear the new string index
                            	  7194: LAB_D00A
01:000845CC 11B120004000    	  7195: 	MOVE.b	(a1,d2.w),(a0,d4.w)	* get a character from the format string and
                            	  7196: 							* save it to the new string
01:000845D2 5244            	  7197: 	ADDQ.w	#1,d4				* increment the new string index
01:000845D4 5242            	  7198: 	ADDQ.w	#1,d2				* increment the format string index
01:000845D6 BE42            	  7199: 	CMP.w		d2,d7				* compare the format index with the length
01:000845D8 6602            	  7200: 	BNE.s		LAB_D00E			* if not there skip the reset
                            	  7201: 
01:000845DA 7400            	  7202: 	MOVEQ		#0,d2				* else reset the format string index
                            	  7203: LAB_D00E
01:000845DC BC42            	  7204: 	CMP.w		d2,d6				* compare the index with this index
01:000845DE 66EC            	  7205: 	BNE.s		LAB_D00A			* if not equal go do the next character
                            	  7206: 
01:000845E0 4E75            	  7207: 	RTS
                            	  7208: 
                            	  7209: 
                            	  7210: **************************************************************************************
                            	  7211: *
                            	  7212: * process the format string
                            	  7213: 
                            	  7214: LAB_ProcFo
01:000845E2 226F0004        	  7215: 	MOVEA.l	4+fsd(sp),a1		* get the format string descriptor pointer
01:000845E6 3E290004        	  7216: 	MOVE.w	4(a1),d7			* get the format string length
01:000845EA 2251            	  7217: 	MOVEA.l	(a1),a1			* get the format string pointer
01:000845EC 3C2F000A        	  7218: 	MOVE.w	4+fsli(sp),d6		* get the format string last index
                            	  7219: 
01:000845F0 3F47000C        	  7220: 	MOVE.w	d7,4+fsdpi(sp)		* set the format string decimal point index
                            	  7221: *##	MOVE.w	#-1,4+fsdpi(sp)		* set the format string decimal point index
01:000845F4 7A00            	  7222: 	MOVEQ		#0,d5				* no decimal point
01:000845F6 7600            	  7223: 	MOVEQ		#0,d3				* no decimal characters
01:000845F8 7400            	  7224: 	MOVEQ		#0,d2				* no special characters
                            	  7225: LAB_P004
01:000845FA 10316000        	  7226: 	MOVE.b	(a1,d6.w),d0		* get a format string byte
                            	  7227: 
01:000845FE B03C002C        	  7228: 	CMP.b		#',',d0			* compare it with ","
01:00084602 6742            	  7229: 	BEQ.s		LAB_P01A			* if "," go do the next format string byte
                            	  7230: 
01:00084604 B03C0023        	  7231: 	CMP.b		#'#',d0			* compare it with "#"
01:00084608 6706            	  7232: 	BEQ.s		LAB_P008			* if "#" go flag special characters
                            	  7233: 
01:0008460A B03C0025        	  7234: 	CMP.b		#'%',d0			* compare it with "%"
01:0008460E 6608            	  7235: 	BNE.s		LAB_P00C			* if not "%" go try "+"
                            	  7236: 
                            	  7237: LAB_P008
01:00084610 4A85            	  7238: 	TST.l		d5				* test the decimal point flag
01:00084612 6A10            	  7239: 	BPL.s		LAB_P00E			* if no point skip counting decimal characters
                            	  7240: 
01:00084614 5243            	  7241: 	ADDQ.w	#1,d3				* else increment the decimal character count
01:00084616 602E            	  7242: 	BRA.s		LAB_P01A			* go do the next character
                            	  7243: 
                            	  7244: LAB_P00C
01:00084618 B03C002B        	  7245: 	CMP.b		#'+',d0			* compare it with "+"
01:0008461C 6706            	  7246: 	BEQ.s		LAB_P00E			* if "+" go flag special characters
                            	  7247: 
01:0008461E B03C002D        	  7248: 	CMP.b		#'-',d0			* compare it with "-"
01:00084622 6604            	  7249: 	BNE.s		LAB_P010			* if not "-" go check decimal point
                            	  7250: 
                            	  7251: LAB_P00E
01:00084624 8400            	  7252: 	OR.b		d0,d2				* flag special characters
01:00084626 601E            	  7253: 	BRA.s		LAB_P01A			* go do the next character
                            	  7254: 
                            	  7255: LAB_P010
01:00084628 B03C002E        	  7256: 	CMP.b		#'.',d0			* compare it with "."
01:0008462C 6614            	  7257: 	BNE.s		LAB_P018			* if not "." go check next
                            	  7258: 
                            	  7259: * "." a decimal point
                            	  7260: 
01:0008462E 4A85            	  7261: 	TST.l		d5				* if there is already a decimal point
01:00084630 6B14            	  7262: 	BMI.s		LAB_P01A			* go do the next character
                            	  7263: 
01:00084632 3006            	  7264: 	MOVE.w	d6,d0				* copy the decimal point index
01:00084634 906F000A        	  7265: 	SUB.w		4+fsli(sp),d0		* calculate it from the scan start
01:00084638 3F40000C        	  7266: 	MOVE.w	d0,4+fsdpi(sp)		* save the decimal point index
01:0008463C 7AFF            	  7267: 	MOVEQ		#-1,d5			* flag decimal point
01:0008463E 8400            	  7268: 	OR.b		d0,d2				* flag special characters
01:00084640 6004            	  7269: 	BRA.s		LAB_P01A			* go do the next character
                            	  7270: 
                            	  7271: * was not a special character
                            	  7272: 
                            	  7273: LAB_P018
01:00084642 4A02            	  7274: 	TST.b		d2				* test if there have been special characters
01:00084644 6608            	  7275: 	BNE.s		LAB_P01E			* if so exit the format string process
                            	  7276: 
                            	  7277: LAB_P01A
01:00084646 5246            	  7278: 	ADDQ.w	#1,d6				* increment the format string index
01:00084648 BE46            	  7279: 	CMP.w		d6,d7				* compare it with the format string length
01:0008464A 62AE            	  7280: 	BHI.s		LAB_P004			* if length > index go get the next character
                            	  7281: 
01:0008464C 7C00            	  7282: 	MOVEQ		#0,d6				* length = index so reset the format string
                            	  7283: 							* index
                            	  7284: LAB_P01E
01:0008464E 3F460008        	  7285: 	MOVE.w	d6,4+fsti(sp)		* save the format string this index
01:00084652 3F43000E        	  7286: 	MOVE.w	d3,4+fsdc(sp)		* save the format string decimal characters
                            	  7287: 
01:00084656 4E75            	  7288: 	RTS
                            	  7289: 
                            	  7290: 
                            	  7291: *************************************************************************************
                            	  7292: *
                            	  7293: * perform BIN$()
                            	  7294: * # of leading 0s is in d1, the number is in d0
                            	  7295: 
                            	  7296: LAB_BINS
01:00084658 B23C0021        	  7297: 	CMP.b		#$21,d1			* max + 1
01:0008465C 6400DAE6        	  7298: 	BCC		LAB_FCER			* exit if too big ( > or = )
                            	  7299: 
01:00084660 741F            	  7300: 	MOVEQ		#$1F,d2			* bit count-1
01:00084662 204BD1FC00081EFE	  7301: 	LEA		Binss(a3),a0		* point to string
01:0008466A 7830            	  7302: 	MOVEQ		#$30,d4			* "0" character for ADDX
                            	  7303: NextB1
01:0008466C 7600            	  7304: 	MOVEQ		#0,d3				* clear byte
01:0008466E E288            	  7305: 	LSR.l		#1,d0				* shift bit into Xb
01:00084670 D704            	  7306: 	ADDX.b	d4,d3				* add carry and character to zero
01:00084672 11832000        	  7307: 	MOVE.b	d3,(a0,d2.w)		* save character to string
01:00084676 51CAFFF4        	  7308: 	DBF		d2,NextB1			* decrement and loop if not done
                            	  7309: 
                            	  7310: * this is the exit code and is also used by HEX$()
                            	  7311: 
                            	  7312: EndBHS
01:0008467A 177C00001F1E    	  7313: 	MOVE.b	#0,BHsend(a3)		* null terminate the string
01:00084680 4A01            	  7314: 	TST.b		d1				* test # of characters
01:00084682 670E            	  7315: 	BEQ.s		NextB2			* go truncate string
                            	  7316: 
01:00084684 4481            	  7317: 	NEG.l		d1				* make -ve
01:00084686 D2BC00081F1E    	  7318: 	ADD.l		#BHsend,d1			* effectively (end-length)
01:0008468C 41F31000        	  7319: 	LEA		0(a3,d1.w),a0		* effectively add (end-length) to pointer
01:00084690 600E            	  7320: 	BRA.s		BinPr				* go print string
                            	  7321: 
                            	  7322: * truncate string to remove leading "0"s
                            	  7323: 
                            	  7324: NextB2
01:00084692 1010            	  7325: 	MOVE.b	(a0),d0			* get byte
01:00084694 670A            	  7326: 	BEQ.s		BinPr				* if null then end of string so add 1 and go
                            	  7327: 							* print it
                            	  7328: 
01:00084696 B03C0030        	  7329: 	CMP.b		#'0',d0			* compare with "0"
01:0008469A 6612            	  7330: 	BNE.s		GoPr				* if not "0" then go print string from here
                            	  7331: 
01:0008469C 5248            	  7332: 	ADDQ.w	#1,a0				* else increment pointer
01:0008469E 60F2            	  7333: 	BRA.s		NextB2			* loop always
                            	  7334: 
                            	  7335: * make fixed length output string - ignore overflows!
                            	  7336: 
                            	  7337: BinPr
01:000846A0 224BD3FC00081F1E	  7338: 	LEA		BHsend(a3),a1		* get string end
01:000846A8 B1C9            	  7339: 	CMPA.l	a1,a0				* are we at the string end
01:000846AA 6602            	  7340: 	BNE.s		GoPr				* branch if not
                            	  7341: 
01:000846AC 5348            	  7342: 	SUBQ.w	#1,a0				* else need at least one zero
                            	  7343: GoPr
01:000846AE 6000ED0C        	  7344: 	BRA		LAB_20AE			* print " terminated string to FAC1, stack & RET
                            	  7345: 
                            	  7346: 
                            	  7347: *************************************************************************************
                            	  7348: *
                            	  7349: * perform HEX$()
                            	  7350: * # of leading 0s is in d1, the number is in d0
                            	  7351: 
                            	  7352: LAB_HEXS
01:000846B2 B23C0009        	  7353: 	CMP.b		#$09,d1			* max + 1
01:000846B6 6400DA8C        	  7354: 	BCC		LAB_FCER			* exit if too big ( > or = )
                            	  7355: 
01:000846BA 7407            	  7356: 	MOVEQ		#$07,d2			* nibble count-1
01:000846BC 204BD1FC00081F16	  7357: 	LEA		Hexss(a3),a0		* point to string
01:000846C4 7830            	  7358: 	MOVEQ		#$30,d4			* "0" character for ABCD
                            	  7359: NextH1
01:000846C6 1600            	  7360: 	MOVE.b	d0,d3				* copy lowest byte
01:000846C8 E898            	  7361: 	ROR.l		#4,d0				* shift nibble into 0-3
01:000846CA C63C000F        	  7362: 	AND.b		#$0F,d3			* just this nibble
01:000846CE 1A03            	  7363: 	MOVE.b	d3,d5				* copy it
01:000846D0 DA3C00F6        	  7364: 	ADD.b		#$F6,d5			* set extend bit
01:000846D4 C704            	  7365: 	ABCD		d4,d3				* decimal add extend and character to zero
01:000846D6 11832000        	  7366: 	MOVE.b	d3,(a0,d2.w)		* save character to string
01:000846DA 51CAFFEA        	  7367: 	DBF		d2,NextH1			* decrement and loop if not done
                            	  7368: 
01:000846DE 609A            	  7369: 	BRA.s		EndBHS			* go process string
                            	  7370: 
                            	  7371: 
                            	  7372: *************************************************************************************
                            	  7373: *
                            	  7374: * ctrl-c check routine. includes limited "life" byte save for INGET routine
                            	  7375: 
                            	  7376: VEC_CC
01:000846E0 4A2B1F30        	  7377: 	TST.b		ccflag(a3)			* check [CTRL-C] check flag
01:000846E4 661E            	  7378: 	BNE.s		RTS_022			* exit if [CTRL-C] check inhibited
                            	  7379: 
01:000846E6 4EAB140C        	  7380: 	JSR		V_INPT(a3)			* scan input device
01:000846EA 640E            	  7381: 	BCC.s		LAB_FBA0			* exit if buffer empty
                            	  7382: 
01:000846EC 17401F31        	  7383: 	MOVE.b	d0,ccbyte(a3)		* save received byte
01:000846F0 177C00201F32    	  7384: 	MOVE.b	#$20,ccnull(a3)		* set "life" timer for bytes countdown
01:000846F6 6000DECA        	  7385: 	BRA		LAB_1636			* return to BASIC
                            	  7386: 
                            	  7387: LAB_FBA0
01:000846FA 4A2B1F32        	  7388: 	TST.b		ccnull(a3)			* get countdown byte
01:000846FE 6704            	  7389: 	BEQ.s		RTS_022			* exit if finished
                            	  7390: 
01:00084700 532B1F32        	  7391: 	SUBQ.b	#1,ccnull(a3)		* else decrement countdown
                            	  7392: RTS_022
01:00084704 4E75            	  7393: 	RTS
                            	  7394: 
                            	  7395: 
                            	  7396: *************************************************************************************
                            	  7397: *
                            	  7398: * get byte from input device, no waiting
                            	  7399: * returns with carry set if byte in A
                            	  7400: 
                            	  7401: INGET
01:00084706 4EAB140C        	  7402: 	JSR		V_INPT(a3)			* call scan input device
01:0008470A 650A            	  7403: 	BCS.s		LAB_FB95			* if byte go reset timer
                            	  7404: 
01:0008470C 102B1F32        	  7405: 	MOVE.b	ccnull(a3),d0		* get countdown
01:00084710 67F2            	  7406: 	BEQ.s		RTS_022			* exit if empty
                            	  7407: 
01:00084712 102B1F31        	  7408: 	MOVE.b	ccbyte(a3),d0		* get last received byte
                            	  7409: LAB_FB95
01:00084716 177C00001F32    	  7410: 	MOVE.b	#$00,ccnull(a3)		* clear timer because we got a byte
01:0008471C 003C0001        	  7411: 	ORI.b		#1,CCR			* set carry, flag we got a byte
01:00084720 4E75            	  7412: 	RTS
                            	  7413: 
                            	  7414: 
                            	  7415: *************************************************************************************
                            	  7416: *
                            	  7417: * perform MAX()
                            	  7418: 
                            	  7419: LAB_MAX
01:00084722 6100E51A        	  7420: 	BSR		LAB_EVEZ			* evaluate expression (no decrement)
01:00084726 4A2B1EFD        	  7421: 	TST.b		Dtypef(a3)			* test data type
01:0008472A 6B00D9F8        	  7422: 	BMI		LAB_TMER			* if string do Type missmatch Error/warm start
                            	  7423: 
                            	  7424: LAB_MAXN
01:0008472E 612C            	  7425: 	BSR.s		LAB_PHFA			* push FAC1, evaluate expression,
                            	  7426: 							* pull FAC2 & compare with FAC1
01:00084730 64FC            	  7427: 	BCC.s		LAB_MAXN			* branch if no swap to do
                            	  7428: 
01:00084732 6100F48E        	  7429: 	BSR		LAB_279B			* copy FAC2 to FAC1
01:00084736 60F6            	  7430: 	BRA.s		LAB_MAXN			* go do next
                            	  7431: 
                            	  7432: 
                            	  7433: *************************************************************************************
                            	  7434: *
                            	  7435: * perform MIN()
                            	  7436: 
                            	  7437: LAB_MIN
01:00084738 6100E504        	  7438: 	BSR		LAB_EVEZ			* evaluate expression (no decrement)
01:0008473C 4A2B1EFD        	  7439: 	TST.b		Dtypef(a3)			* test data type
01:00084740 6B00D9E2        	  7440: 	BMI		LAB_TMER			* if string do Type missmatch Error/warm start
                            	  7441: 
                            	  7442: LAB_MINN
01:00084744 6116            	  7443: 	BSR.s		LAB_PHFA			* push FAC1, evaluate expression,
                            	  7444: 							* pull FAC2 & compare with FAC1
01:00084746 63FC            	  7445: 	BLS.s		LAB_MINN			* branch if no swap to do
                            	  7446: 
01:00084748 6100F478        	  7447: 	BSR		LAB_279B			* copy FAC2 to FAC1
01:0008474C 60F6            	  7448: 	BRA.s		LAB_MINN			* go do next (branch always)
                            	  7449: 
                            	  7450: * exit routine. don't bother returning to the loop code
                            	  7451: * check for correct exit, else so syntax error
                            	  7452: 
                            	  7453: LAB_MMEC
01:0008474E B03C0029        	  7454: 	CMP.b		#')',d0			* is it end of function?
01:00084752 6600D9FC        	  7455: 	BNE		LAB_SNER			* if not do MAX MIN syntax error
                            	  7456: 
01:00084756 588F            	  7457: 	LEA		4(sp),sp			* dump return address (faster)
01:00084758 6000E642        	  7458: 	BRA		LAB_IGBY			* update BASIC execute pointer (to chr past ")")
                            	  7459: 							* and return
                            	  7460: 
                            	  7461: * check for next, evaluate & return or exit
                            	  7462: * this is the routine that does most of the work
                            	  7463: 
                            	  7464: LAB_PHFA
01:0008475C 6100E640        	  7465: 	BSR		LAB_GBYT			* get next BASIC byte
01:00084760 B03C002C        	  7466: 	CMP.b		#',',d0			* is there more ?
01:00084764 66E8            	  7467: 	BNE.s		LAB_MMEC			* if not go do end check
                            	  7468: 
01:00084766 3F2B1EDC        	  7469: 	MOVE.w	FAC1_e(a3),-(sp)		* push exponent and sign
01:0008476A 2F2B1ED8        	  7470: 	MOVE.l	FAC1_m(a3),-(sp)		* push mantissa
                            	  7471: 
01:0008476E 6100E4CE        	  7472: 	BSR		LAB_EVEZ			* evaluate expression (no decrement)
01:00084772 4A2B1EFD        	  7473: 	TST.b		Dtypef(a3)			* test data type
01:00084776 6B00D9AC        	  7474: 	BMI		LAB_TMER			* if string do Type missmatch Error/warm start
                            	  7475: 
                            	  7476: 
                            	  7477: 							* pop FAC2 (MAX/MIN expression so far)
01:0008477A 275F1EE0        	  7478: 	MOVE.l	(sp)+,FAC2_m(a3)		* pop mantissa
                            	  7479: 
01:0008477E 301F            	  7480: 	MOVE.w	(sp)+,d0			* pop exponent and sign
01:00084780 37401EE4        	  7481: 	MOVE.w	d0,FAC2_e(a3)		* save exponent and sign
01:00084784 176B1EDD1EE6    	  7482: 	MOVE.b	FAC1_s(a3),FAC_sc(a3)	* get FAC1 sign
01:0008478A B12B1EE6        	  7483: 	EOR.b		d0,FAC_sc(a3)		* EOR to create sign compare
01:0008478E 6000F49E        	  7484: 	BRA		LAB_27FA			* compare FAC1 with FAC2 & return
                            	  7485: 							* returns d0=+1 Cb=0 if FAC1 > FAC2
                            	  7486: 							* returns d0= 0 Cb=0 if FAC1 = FAC2
                            	  7487: 							* returns d0=-1 Cb=1 if FAC1 < FAC2
                            	  7488: 
                            	  7489: 
                            	  7490: *************************************************************************************
                            	  7491: *
                            	  7492: * perform WIDTH
                            	  7493: 
                            	  7494: LAB_WDTH
01:00084792 B03C002C        	  7495: 	CMP.b		#',',d0			* is next byte ","
01:00084796 672C            	  7496: 	BEQ.s		LAB_TBSZ			* if so do tab size
                            	  7497: 
01:00084798 6100EF6E        	  7498: 	BSR		LAB_GTBY			* get byte parameter, result in d0 and Itemp
01:0008479C 4A00            	  7499: 	TST.b		d0				* test result
01:0008479E 6712            	  7500: 	BEQ.s		LAB_NSTT			* branch if set for infinite line
                            	  7501: 
01:000847A0 B03C0010        	  7502: 	CMP.b		#$10,d0			* else make min width = 16d
01:000847A4 6500D99E        	  7503: 	BCS		LAB_FCER			* if less do function call error & exit
                            	  7504: 
                            	  7505: * this next compare ensures that we can't exit WIDTH via an error leaving the
                            	  7506: * tab size greater than the line length.
                            	  7507: 
01:000847A8 B02B1F2A        	  7508: 	CMP.b		TabSiz(a3),d0		* compare with tab size
01:000847AC 6404            	  7509: 	BCC.s		LAB_NSTT			* branch if >= tab size
                            	  7510: 
01:000847AE 17401F2A        	  7511: 	MOVE.b	d0,TabSiz(a3)		* else make tab size = terminal width
                            	  7512: LAB_NSTT
01:000847B2 17401F2E        	  7513: 	MOVE.b	d0,TWidth(a3)		* set the terminal width
01:000847B6 6100E5E6        	  7514: 	BSR		LAB_GBYT			* get BASIC byte back
01:000847BA 672C            	  7515: 	BEQ.s		WExit				* exit if no following
                            	  7516: 
01:000847BC B03C002C        	  7517: 	CMP.b		#',',d0			* else is it ","
01:000847C0 6600D98E        	  7518: 	BNE		LAB_SNER			* if not do syntax error
                            	  7519: 
                            	  7520: LAB_TBSZ
01:000847C4 6100EF3E        	  7521: 	BSR		LAB_SGBY			* increment and get byte, result in d0 and Itemp
01:000847C8 4A00            	  7522: 	TST.b		d0				* test TAB size
01:000847CA 6B00D978        	  7523: 	BMI		LAB_FCER			* if >127 do function call error & exit
                            	  7524: 
01:000847CE B03C0001        	  7525: 	CMP.b		#1,d0				* compare with min-1
01:000847D2 6500D970        	  7526: 	BCS		LAB_FCER			* if <=1 do function call error & exit
                            	  7527: 
01:000847D6 122B1F2E        	  7528: 	MOVE.b	TWidth(a3),d1		* set flags for width
01:000847DA 6708            	  7529: 	BEQ.s		LAB_SVTB			* skip check if infinite line
                            	  7530: 
01:000847DC B02B1F2E        	  7531: 	CMP.b		TWidth(a3),d0		* compare TAB with width
01:000847E0 6E00D962        	  7532: 	BGT		LAB_FCER			* branch if too big
                            	  7533: 
                            	  7534: LAB_SVTB
01:000847E4 17401F2A        	  7535: 	MOVE.b	d0,TabSiz(a3)		* save TAB size
                            	  7536: 
                            	  7537: * calculate tab column limit from TAB size. The Iclim is set to the last tab
                            	  7538: * position on a line that still has at least one whole tab width between it
                            	  7539: * and the end of the line.
                            	  7540: 
                            	  7541: WExit
01:000847E8 102B1F2E        	  7542: 	MOVE.b	TWidth(a3),d0		* get width
01:000847EC 670A            	  7543: 	BEQ.s		LAB_WDLP			* branch if infinite line
                            	  7544: 
01:000847EE B02B1F2A        	  7545: 	CMP.b		TabSiz(a3),d0		* compare with tab size
01:000847F2 6404            	  7546: 	BCC.s		LAB_WDLP			* branch if >= tab size
                            	  7547: 
01:000847F4 17401F2A        	  7548: 	MOVE.b	d0,TabSiz(a3)		* else make tab size = terminal width
                            	  7549: LAB_WDLP
01:000847F8 902B1F2A        	  7550: 	SUB.b		TabSiz(a3),d0		* subtract tab size
01:000847FC 64FA            	  7551: 	BCC.s		LAB_WDLP			* loop while no borrow
                            	  7552: 
01:000847FE D02B1F2A        	  7553: 	ADD.b		TabSiz(a3),d0		* add tab size back
01:00084802 D02B1F2A        	  7554: 	ADD.b		TabSiz(a3),d0		* add tab size back again
                            	  7555: 
01:00084806 4400            	  7556: 	NEG.b		d0				* make -ve
01:00084808 D02B1F2E        	  7557: 	ADD.b		TWidth(a3),d0		* subtract remainder from width
01:0008480C 17401F2F        	  7558: 	MOVE.b	d0,Iclim(a3)		* save tab column limit
                            	  7559: RTS_023
01:00084810 4E75            	  7560: 	RTS
                            	  7561: 
                            	  7562: 
                            	  7563: *************************************************************************************
                            	  7564: *
                            	  7565: * perform SQR()
                            	  7566: 
                            	  7567: * d0 is number to find the root of
                            	  7568: * d1 is the root result
                            	  7569: * d2 is the remainder
                            	  7570: * d3 is a counter
                            	  7571: * d4 is temp
                            	  7572: 
                            	  7573: LAB_SQR
01:00084812 4A2B1EDD        	  7574: 	TST.b		FAC1_s(a3)			* test FAC1 sign
01:00084816 6B00D92C        	  7575: 	BMI		LAB_FCER			* if -ve do function call error
                            	  7576: 
01:0008481A 4A2B1EDC        	  7577: 	TST.b		FAC1_e(a3)			* test exponent
01:0008481E 67F0            	  7578: 	BEQ.s		RTS_023			* exit if zero
                            	  7579: 
01:00084820 48E77800        	  7580: 	MOVEM.l	d1-d4,-(sp)			* save registers
01:00084824 202B1ED8        	  7581: 	MOVE.l	FAC1_m(a3),d0		* copy FAC1
01:00084828 7400            	  7582: 	MOVEQ		#0,d2				* clear remainder
01:0008482A 2202            	  7583: 	MOVE.l	d2,d1				* clear root
                            	  7584: 
01:0008482C 761F            	  7585: 	MOVEQ		#$1F,d3			* $1F for DBF, 64 pairs of bits to
                            	  7586: 							* do for a 32 bit result
01:0008482E 082B00001EDC    	  7587: 	BTST		#0,FAC1_e(a3)		* test exponent odd/even
01:00084834 6606            	  7588: 	BNE.s		LAB_SQE2			* if odd only 1 shift first time
                            	  7589: 
                            	  7590: LAB_SQE1
01:00084836 D080            	  7591: 	ADD.l		d0,d0				* shift highest bit of number ..
01:00084838 D582            	  7592: 	ADDX.l	d2,d2				* .. into remainder .. never overflows
01:0008483A D281            	  7593: 	ADD.l		d1,d1				* root = root * 2 .. never overflows
                            	  7594: LAB_SQE2
01:0008483C D080            	  7595: 	ADD.l		d0,d0				* shift highest bit of number ..
01:0008483E D582            	  7596: 	ADDX.l	d2,d2				* .. into remainder .. never overflows
                            	  7597: 
01:00084840 2801            	  7598: 	MOVE.l	d1,d4				* copy root
01:00084842 D884            	  7599: 	ADD.l		d4,d4				* 2n
01:00084844 5284            	  7600: 	ADDQ.l	#1,d4				* 2n+1
                            	  7601: 
01:00084846 B484            	  7602: 	CMP.l		d4,d2				* compare 2n+1 to remainder
01:00084848 6504            	  7603: 	BCS.s		LAB_SQNS			* skip sub if remainder smaller
                            	  7604: 
01:0008484A 9484            	  7605: 	SUB.l		d4,d2				* subtract temp from remainder
01:0008484C 5281            	  7606: 	ADDQ.l	#1,d1				* increment root
                            	  7607: LAB_SQNS
01:0008484E 51CBFFE6        	  7608: 	DBF		d3,LAB_SQE1			* loop if not all done
                            	  7609: 
01:00084852 27411ED8        	  7610: 	MOVE.l	d1,FAC1_m(a3)		* save result mantissa
01:00084856 102B1EDC        	  7611: 	MOVE.b	FAC1_e(a3),d0		* get exponent (d0 is clear here)
01:0008485A 907C0080        	  7612: 	SUB.w		#$80,d0			* normalise
01:0008485E E248            	  7613: 	LSR.w		#1,d0				* /2
01:00084860 6402            	  7614: 	BCC.s		LAB_SQNA			* skip increment if carry clear
                            	  7615: 
01:00084862 5240            	  7616: 	ADDQ.w	#1,d0				* add bit zero back in (allow for half shift)
                            	  7617: LAB_SQNA
01:00084864 D07C0080        	  7618: 	ADD.w		#$80,d0			* re-bias to $80
01:00084868 17401EDC        	  7619: 	MOVE.b	d0,FAC1_e(a3)		* save it
01:0008486C 4CDF001E        	  7620: 	MOVEM.l	(sp)+,d1-d4			* restore registers
01:00084870 6000F08E        	  7621: 	BRA		LAB_24D5			* normalise FAC1 & return
                            	  7622: 
                            	  7623: 
                            	  7624: *************************************************************************************
                            	  7625: *
                            	  7626: * perform VARPTR()
                            	  7627: 
                            	  7628: LAB_VARPTR
01:00084874 101D            	  7629: 	MOVE.b	(a5)+,d0			* increment pointer
                            	  7630: LAB_VARCALL
01:00084876 6100E732        	  7631: 	BSR		LAB_GVAR			* get variable address in a0
01:0008487A 6100E50E        	  7632: 	BSR		LAB_1BFB			* scan for ")", else do syntax error/warm start
01:0008487E 2008            	  7633: 	MOVE.l	a0,d0				* copy the variable address
01:00084880 6000EA24        	  7634: 	BRA		LAB_AYFC			* convert d0 to signed longword in FAC1 & return
                            	  7635: 
                            	  7636: 
                            	  7637: *************************************************************************************
                            	  7638: *
                            	  7639: * perform RAMBASE
                            	  7640: 
                            	  7641: LAB_RAM
01:00084884 204BD1FC00081400	  7642: 	LEA		ram_base(a3),a0		* get start of EhBASIC RAM
01:0008488C 2008            	  7643: 	MOVE.l	a0,d0				* copy it
01:0008488E 6000EA16        	  7644: 	BRA		LAB_AYFC			* convert d0 to signed longword in FAC1 & return
                            	  7645: 
                            	  7646: 
                            	  7647: *************************************************************************************
                            	  7648: *
                            	  7649: * perform PI
                            	  7650: 
                            	  7651: LAB_PI
01:00084892 277CC90FDAA21ED8	  7652: 	MOVE.l	#$C90FDAA2,FAC1_m(a3)	* pi mantissa (32 bit)
01:0008489A 377C82001EDC    	  7653: 	MOVE.w	#$8200,FAC1_e(a3)		* pi exponent and sign
01:000848A0 4E75            	  7654: 	RTS
                            	  7655: 
                            	  7656: 
                            	  7657: *************************************************************************************
                            	  7658: *
                            	  7659: * perform TWOPI
                            	  7660: 
                            	  7661: LAB_TWOPI
01:000848A2 277CC90FDAA21ED8	  7662: 	MOVE.l	#$C90FDAA2,FAC1_m(a3)	* 2pi mantissa (32 bit)
01:000848AA 377C83001EDC    	  7663: 	MOVE.w	#$8300,FAC1_e(a3)		* 2pi exponent and sign
01:000848B0 4E75            	  7664: 	RTS
                            	  7665: 
                            	  7666: 
                            	  7667: *************************************************************************************
                            	  7668: *
                            	  7669: * get ASCII string equivalent into FAC1 as integer32 or float
                            	  7670: 
                            	  7671: * entry is with a5 pointing to the first character of the string
                            	  7672: * exit with a5 pointing to the first character after the string
                            	  7673: 
                            	  7674: * d0 is character
                            	  7675: * d1 is mantissa
                            	  7676: * d2 is partial and table mantissa
                            	  7677: * d3 is mantissa exponent (decimal & binary)
                            	  7678: * d4 is decimal exponent
                            	  7679: 
                            	  7680: * get FAC1 from string
                            	  7681: * this routine now handles hex and binary values from strings
                            	  7682: * starting with "$" and "%" respectively
                            	  7683: 
                            	  7684: LAB_2887
01:000848B2 48E77C00        	  7685: 	MOVEM.l	d1-d5,-(sp)			* save registers
01:000848B6 7200            	  7686: 	MOVEQ		#$00,d1			* clear temp accumulator
01:000848B8 2601            	  7687: 	MOVE.l	d1,d3				* set mantissa decimal exponent count
01:000848BA 2801            	  7688: 	MOVE.l	d1,d4				* clear decimal exponent
01:000848BC 17411EDD        	  7689: 	MOVE.b	d1,FAC1_s(a3)		* clear sign byte
01:000848C0 17411EFD        	  7690: 	MOVE.b	d1,Dtypef(a3)		* set float data type
01:000848C4 17411EF7        	  7691: 	MOVE.b	d1,expneg(a3)		* clear exponent sign
01:000848C8 6100E4D4        	  7692: 	BSR		LAB_GBYT			* get first byte back
01:000848CC 653C            	  7693: 	BCS.s		LAB_28FE			* go get floating if 1st character numeric
                            	  7694: 
01:000848CE B03C002D        	  7695: 	CMP.b		#'-',d0			* or is it -ve number
01:000848D2 6608            	  7696: 	BNE.s		LAB_289A			* branch if not
                            	  7697: 
01:000848D4 177C00FF1EDD    	  7698: 	MOVE.b	#$FF,FAC1_s(a3)		* set sign byte
01:000848DA 6006            	  7699: 	BRA.s		LAB_289C			* now go scan & check for hex/bin/int
                            	  7700: 
                            	  7701: LAB_289A
                            	  7702: 							* first character wasn't numeric or -
01:000848DC B03C002B        	  7703: 	CMP.b		#'+',d0			* compare with '+'
01:000848E0 6606            	  7704: 	BNE.s		LAB_289D			* branch if not '+' (go check for '.'/hex/binary
                            	  7705: 							* /integer)
                            	  7706: 	
                            	  7707: LAB_289C
                            	  7708: 							* was "+" or "-" to start, so get next character
01:000848E2 6100E4B8        	  7709: 	BSR		LAB_IGBY			* increment & scan memory
01:000848E6 6522            	  7710: 	BCS.s		LAB_28FE			* branch if numeric character
                            	  7711: 
                            	  7712: LAB_289D
01:000848E8 B03C002E        	  7713: 	CMP.b		#'.',d0			* else compare with '.'
01:000848EC 67000092        	  7714: 	BEQ		LAB_2904			* branch if '.'
                            	  7715: 
                            	  7716: 							* code here for hex/binary/integer numbers
01:000848F0 B03C0024        	  7717: 	CMP.b		#'$',d0			* compare with '$'
01:000848F4 6700010A        	  7718: 	BEQ		LAB_CHEX			* branch if '$'
                            	  7719: 
01:000848F8 B03C0025        	  7720: 	CMP.b		#'%',d0			* else compare with '%'
01:000848FC 67000164        	  7721: 	BEQ		LAB_CBIN			* branch if '%'
                            	  7722: 
01:00084900 6000008C        	  7723: 	BRA		LAB_2Y01			* not #.$%& so return 0
                            	  7724: 
                            	  7725: LAB_28FD
01:00084904 6100E496        	  7726: 	BSR		LAB_IGBY			* get next character
01:00084908 646C            	  7727: 	BCC.s		LAB_2902			* exit loop if not a digit
                            	  7728: 
                            	  7729: LAB_28FE
01:0008490A 610001A8        	  7730: 	BSR		d1x10				* multiply d1 by 10 and add character
01:0008490E 64F4            	  7731: 	BCC.s		LAB_28FD			* loop for more if no overflow
                            	  7732: 
                            	  7733: LAB_28FF
                            	  7734: 							* overflowed mantissa, count 10s exponent
01:00084910 5283            	  7735: 	ADDQ.l	#1,d3				* increment mantissa decimal exponent count
01:00084912 6100E488        	  7736: 	BSR		LAB_IGBY			* get next character
01:00084916 65F8            	  7737: 	BCS.s		LAB_28FF			* loop while numeric character
                            	  7738: 
                            	  7739: 							* done overflow, now flush fraction or do E
01:00084918 B03C002E        	  7740: 	CMP.b		#'.',d0			* else compare with '.'
01:0008491C 6606            	  7741: 	BNE.s		LAB_2901			* branch if not '.'
                            	  7742: 
                            	  7743: LAB_2900
                            	  7744: 							* flush remaining fraction digits
01:0008491E 6100E47C        	  7745: 	BSR		LAB_IGBY			* get next character
01:00084922 65FA            	  7746: 	BCS		LAB_2900			* loop while numeric character
                            	  7747: 
                            	  7748: LAB_2901
                            	  7749: 							* done number, only (possible) exponent remains
01:00084924 B03C0045        	  7750: 	CMP.b		#'E',d0			* else compare with 'E'
01:00084928 6664            	  7751: 	BNE.s		LAB_2Y01			* if not 'E' all done, go evaluate
                            	  7752: 
                            	  7753: 							* process exponent
01:0008492A 6100E470        	  7754: 	BSR		LAB_IGBY			* get next character
01:0008492E 6528            	  7755: 	BCS.s		LAB_2X04			* branch if digit
                            	  7756: 
01:00084930 B03C002D        	  7757: 	CMP.b		#'-',d0			* or is it -ve number
01:00084934 6706            	  7758: 	BEQ.s		LAB_2X01			* branch if so
                            	  7759: 
01:00084936 B03C00B3        	  7760: 	CMP.b		#TK_MINUS,d0		* or is it -ve number
01:0008493A 6608            	  7761: 	BNE.s		LAB_2X02			* branch if not
                            	  7762: 
                            	  7763: LAB_2X01
01:0008493C 177C00FF1EF7    	  7764: 	MOVE.b	#$FF,expneg(a3)		* set exponent sign
01:00084942 600E            	  7765: 	BRA.s		LAB_2X03			* now go scan & check exponent
                            	  7766: 
                            	  7767: LAB_2X02
01:00084944 B03C002B        	  7768: 	CMP.b		#'+',d0			* or is it +ve number
01:00084948 6708            	  7769: 	BEQ.s		LAB_2X03			* branch if so
                            	  7770: 
01:0008494A B03C00B2        	  7771: 	CMP.b		#TK_PLUS,d0			* or is it +ve number
01:0008494E 6600D800        	  7772: 	BNE		LAB_SNER			* wasn't - + TK_MINUS TK_PLUS or # so do error
                            	  7773: 
                            	  7774: LAB_2X03
01:00084952 6100E448        	  7775: 	BSR		LAB_IGBY			* get next character
01:00084956 6436            	  7776: 	BCC.s		LAB_2Y01			* if not digit all done, go evaluate
                            	  7777: LAB_2X04
01:00084958 C8FC000A        	  7778: 	MULU		#10,d4			* multiply decimal exponent by 10
01:0008495C C0BC000000FF    	  7779: 	AND.l		#$FF,d0			* mask character
01:00084962 903C0030        	  7780: 	SUB.b		#'0',d0			* convert to value
01:00084966 D880            	  7781: 	ADD.l		d0,d4				* add to decimal exponent
01:00084968 B83C0030        	  7782: 	CMP.b		#48,d4			* compare with decimal exponent limit+10
01:0008496C 6FE4            	  7783: 	BLE.s		LAB_2X03			* loop if no overflow/underflow
                            	  7784: 
                            	  7785: LAB_2X05
                            	  7786: 							* exponent value has overflowed
01:0008496E 6100E42C        	  7787: 	BSR		LAB_IGBY			* get next character
01:00084972 65FA            	  7788: 	BCS.s		LAB_2X05			* loop while numeric digit
                            	  7789: 
01:00084974 6018            	  7790: 	BRA.s		LAB_2Y01			* all done, go evaluate
                            	  7791: 
                            	  7792: LAB_2902
01:00084976 B03C002E        	  7793: 	CMP.b		#'.',d0			* else compare with '.'
01:0008497A 6704            	  7794: 	BEQ.s		LAB_2904			* branch if was '.'
                            	  7795: 
01:0008497C 60A6            	  7796: 	BRA.s		LAB_2901			* branch if not '.' (go check/do 'E')
                            	  7797: 
                            	  7798: LAB_2903
01:0008497E 5383            	  7799: 	SUBQ.l	#1,d3				* decrement mantissa decimal exponent
                            	  7800: LAB_2904
                            	  7801: 							* was dp so get fraction part
01:00084980 6100E41A        	  7802: 	BSR		LAB_IGBY			* get next character
01:00084984 649E            	  7803: 	BCC.s		LAB_2901			* exit loop if not a digit (go check/do 'E')
                            	  7804: 
01:00084986 6100012C        	  7805: 	BSR		d1x10				* multiply d1 by 10 and add character
01:0008498A 64F2            	  7806: 	BCC.s		LAB_2903			* loop for more if no overflow
                            	  7807: 
01:0008498C 6090            	  7808: 	BRA.s		LAB_2900			* else go flush remaining fraction part
                            	  7809: 
                            	  7810: LAB_2Y01
                            	  7811: 							* now evaluate result
01:0008498E 4A2B1EF7        	  7812: 	TST.b		expneg(a3)			* test exponent sign
01:00084992 6A02            	  7813: 	BPL.s		LAB_2Y02			* branch if sign positive
                            	  7814: 
01:00084994 4484            	  7815: 	NEG.l		d4				* negate decimal exponent
                            	  7816: LAB_2Y02
01:00084996 D883            	  7817: 	ADD.l		d3,d4				* add mantissa decimal exponent
01:00084998 7620            	  7818: 	MOVEQ		#32,d3			* set up max binary exponent
01:0008499A 4A81            	  7819: 	TST.l		d1				* test mantissa
01:0008499C 6752            	  7820: 	BEQ.s		LAB_rtn0			* if mantissa=0 return 0
                            	  7821: 
01:0008499E 6B08            	  7822: 	BMI.s		LAB_2Y04			* branch if already mormalised
                            	  7823: 
01:000849A0 5383            	  7824: 	SUBQ.l	#1,d3				* decrement bianry exponent for DBMI loop
                            	  7825: LAB_2Y03
01:000849A2 D281            	  7826: 	ADD.l		d1,d1				* shift mantissa
01:000849A4 5BCBFFFC        	  7827: 	DBMI		d3,LAB_2Y03			* decrement & loop if not normalised
                            	  7828: 
                            	  7829: 							* ensure not too big or small
                            	  7830: LAB_2Y04
01:000849A8 B8BC00000026    	  7831: 	CMP.l		#38,d4			* compare decimal exponent with max exponent
01:000849AE 6E00D790        	  7832: 	BGT		LAB_OFER			* if greater do overflow error and warm start
                            	  7833: 
01:000849B2 B8BCFFFFFFDA    	  7834: 	CMP.l		#-38,d4			* compare decimal exponent with min exponent
01:000849B8 6D34            	  7835: 	BLT.s		LAB_ret0			* if less just return zero
                            	  7836: 
01:000849BA 4484            	  7837: 	NEG.l		d4				* negate decimal exponent to go right way
01:000849BC C9FC0006        	  7838: 	MULS		#6,d4				* 6 bytes per entry
01:000849C0 2F08            	  7839: 	MOVE.l	a0,-(sp)			* save register
01:000849C2 41FA0210        	  7840: 	LEA		LAB_P_10,a0		* point to table
01:000849C6 177040001EE4    	  7841: 	MOVE.b	(a0,d4.w),FAC2_e(a3)	* copy exponent for multiply
01:000849CC 277040021EE0    	  7842: 	MOVE.l	2(a0,d4.w),FAC2_m(a3)	* copy table mantissa
01:000849D2 205F            	  7843: 	MOVE.l	(sp)+,a0			* restore register
                            	  7844: 
01:000849D4 0A030080        	  7845: 	EORI.b	#$80,d3			* normalise input exponent
01:000849D8 27411ED8        	  7846: 	MOVE.l	d1,FAC1_m(a3)		* save input mantissa
01:000849DC 17431EDC        	  7847: 	MOVE.b	d3,FAC1_e(a3)		* save input exponent
01:000849E0 176B1EDD1EE6    	  7848: 	MOVE.b	FAC1_s(a3),FAC_sc(a3)	* set sign as sign compare
                            	  7849: 
01:000849E6 4CDF003E        	  7850: 	MOVEM.l	(sp)+,d1-d5			* restore registers
01:000849EA 6000F03C        	  7851: 	BRA		LAB_MULTIPLY		* go multiply input by table
                            	  7852: 
                            	  7853: LAB_ret0
01:000849EE 7200            	  7854: 	MOVEQ		#0,d1				* clear mantissa
                            	  7855: LAB_rtn0
01:000849F0 2601            	  7856: 	MOVE.l	d1,d3				* clear exponent
01:000849F2 17431EDC        	  7857: 	MOVE.b	d3,FAC1_e(a3)		* save exponent
01:000849F6 27411ED8        	  7858: 	MOVE.l	d1,FAC1_m(a3)		* save mantissa
01:000849FA 4CDF003E        	  7859: 	MOVEM.l	(sp)+,d1-d5			* restore registers
01:000849FE 4E75            	  7860: 	RTS
                            	  7861: 
                            	  7862: 
                            	  7863: *************************************************************************************
                            	  7864: *
                            	  7865: * $ for hex add-on
                            	  7866: 
                            	  7867: * gets here if the first character was "$" for hex
                            	  7868: * get hex number
                            	  7869: 
                            	  7870: LAB_CHEX
01:00084A00 177C00401EFD    	  7871: 	MOVE.b	#$40,Dtypef(a3)		* set integer numeric data type
01:00084A06 7620            	  7872: 	MOVEQ		#32,d3			* set up max binary exponent
                            	  7873: LAB_CHXX
01:00084A08 6100E392        	  7874: 	BSR		LAB_IGBY			* increment & scan memory
01:00084A0C 6514            	  7875: 	BCS.s		LAB_ISHN			* branch if numeric character
                            	  7876: 
01:00084A0E 803C0020        	  7877: 	OR.b		#$20,d0			* case convert, allow "A" to "F" and "a" to "f"
01:00084A12 903C0061        	  7878: 	SUB.b		#'a',d0			* subtract "a"
01:00084A16 652A            	  7879: 	BCS.s		LAB_CHX3			* exit if <"a"
                            	  7880: 
01:00084A18 B03C0006        	  7881: 	CMP.b		#$06,d0			* compare normalised with $06 (max+1)
01:00084A1C 6424            	  7882: 	BCC.s		LAB_CHX3			* exit if >"f"
                            	  7883: 
01:00084A1E D03C003A        	  7884: 	ADD.b		#$3A,d0			* convert to nibble+"0"
                            	  7885: LAB_ISHN
01:00084A22 616C            	  7886: 	BSR.s		d1x16				* multiply d1 by 16 and add the character
01:00084A24 64E2            	  7887: 	BCC.s		LAB_CHXX			* loop for more if no overflow
                            	  7888: 
                            	  7889: 							* overflowed mantissa, count 16s exponent
                            	  7890: LAB_CHX1
01:00084A26 5883            	  7891: 	ADDQ.l	#4,d3				* increment mantissa exponent count
01:00084A28 6900D716        	  7892: 	BVS		LAB_OFER			* do overflow error if overflowed
                            	  7893: 
01:00084A2C 6100E36E        	  7894: 	BSR		LAB_IGBY			* get next character
01:00084A30 65F4            	  7895: 	BCS.s		LAB_CHX1			* loop while numeric character
                            	  7896: 
01:00084A32 803C0020        	  7897: 	OR.b		#$20,d0			* case convert, allow "A" to "F" and "a" to "f"
01:00084A36 903C0061        	  7898: 	SUB.b		#'a',d0			* subtract "a"
01:00084A3A 6506            	  7899: 	BCS.s		LAB_CHX3			* exit if <"a"
                            	  7900: 
01:00084A3C B03C0006        	  7901: 	CMP.b		#$06,d0			* compare normalised with $06 (max+1)
01:00084A40 65E4            	  7902: 	BCS.s		LAB_CHX1			* loop if <="f"
                            	  7903: 
                            	  7904: 							* now return value
                            	  7905: LAB_CHX3
01:00084A42 4A81            	  7906: 	TST.l		d1				* test mantissa
01:00084A44 67AA            	  7907: 	BEQ.s		LAB_rtn0			* if mantissa=0 return 0
                            	  7908: 
01:00084A46 6B08            	  7909: 	BMI.s		LAB_exxf			* branch if already mormalised
                            	  7910: 
01:00084A48 5383            	  7911: 	SUBQ.l	#1,d3				* decrement bianry exponent for DBMI loop
                            	  7912: LAB_CHX2
01:00084A4A D281            	  7913: 	ADD.l		d1,d1				* shift mantissa
01:00084A4C 5BCBFFFC        	  7914: 	DBMI		d3,LAB_CHX2			* decrement & loop if not normalised
                            	  7915: 
                            	  7916: LAB_exxf
01:00084A50 0A030080        	  7917: 	EORI.b	#$80,d3			* normalise exponent
01:00084A54 17431EDC        	  7918: 	MOVE.b	d3,FAC1_e(a3)		* save exponent
01:00084A58 27411ED8        	  7919: 	MOVE.l	d1,FAC1_m(a3)		* save mantissa
01:00084A5C 4CDF003E        	  7920: 	MOVEM.l	(sp)+,d1-d5			* restore registers
                            	  7921: RTS_024
01:00084A60 4E75            	  7922: 	RTS
                            	  7923: 
                            	  7924: 
                            	  7925: *************************************************************************************
                            	  7926: *
                            	  7927: * % for binary add-on
                            	  7928: 
                            	  7929: * gets here if the first character was "%" for binary
                            	  7930: * get binary number
                            	  7931: 
                            	  7932: LAB_CBIN
01:00084A62 177C00401EFD    	  7933: 	MOVE.b	#$40,Dtypef(a3)		* set integer numeric data type
01:00084A68 7620            	  7934: 	MOVEQ		#32,d3			* set up max binary exponent
                            	  7935: LAB_CBXN
01:00084A6A 6100E330        	  7936: 	BSR		LAB_IGBY			* increment & scan memory
01:00084A6E 64D2            	  7937: 	BCC.s		LAB_CHX3			* if not numeric character go return value
                            	  7938: 
01:00084A70 B03C0032        	  7939: 	CMP.b		#'2',d0			* compare with "2" (max+1)
01:00084A74 64CC            	  7940: 	BCC.s		LAB_CHX3			* if >="2" go return value
                            	  7941: 
01:00084A76 2401            	  7942: 	MOVE.l	d1,d2				* copy value
01:00084A78 6124            	  7943: 	BSR.s		d1x02				* multiply d1 by 2 and add character
01:00084A7A 64EE            	  7944: 	BCC.s		LAB_CBXN			* loop for more if no overflow
                            	  7945: 
                            	  7946: 							* overflowed mantissa, count 2s exponent
                            	  7947: LAB_CBX1
01:00084A7C 5283            	  7948: 	ADDQ.l	#1,d3				* increment mantissa exponent count
01:00084A7E 6900D6C0        	  7949: 	BVS		LAB_OFER			* do overflow error if overflowed
                            	  7950: 
01:00084A82 6100E318        	  7951: 	BSR		LAB_IGBY			* get next character
01:00084A86 64BA            	  7952: 	BCC.s		LAB_CHX3			* if not numeric character go return value
                            	  7953: 
01:00084A88 B03C0032        	  7954: 	CMP.b		#'2',d0			* compare with "2" (max+1)
01:00084A8C 65EE            	  7955: 	BCS.s		LAB_CBX1			* loop if <"2"
                            	  7956: 
01:00084A8E 60B2            	  7957: 	BRA.s		LAB_CHX3			* if not numeric character go return value
                            	  7958: 
                            	  7959: * half way decent times 16 and times 2 with overflow checks
                            	  7960: 
                            	  7961: d1x16
01:00084A90 2401            	  7962: 	MOVE.l	d1,d2				* copy value
01:00084A92 D482            	  7963: 	ADD.l		d2,d2				* times two
01:00084A94 65CA            	  7964: 	BCS.s		RTS_024			* return if overflow
                            	  7965: 
01:00084A96 D482            	  7966: 	ADD.l		d2,d2				* times four
01:00084A98 65C6            	  7967: 	BCS.s		RTS_024			* return if overflow
                            	  7968: 
01:00084A9A D482            	  7969: 	ADD.l		d2,d2				* times eight
01:00084A9C 65C2            	  7970: 	BCS.s		RTS_024			* return if overflow
                            	  7971: 
                            	  7972: d1x02
01:00084A9E D482            	  7973: 	ADD.l		d2,d2				* times sixteen (ten/two)
01:00084AA0 65BE            	  7974: 	BCS.s		RTS_024			* return if overflow
                            	  7975: 
                            	  7976: * now add in new digit
                            	  7977: 
01:00084AA2 C0BC000000FF    	  7978: 	AND.l		#$FF,d0			* mask character
01:00084AA8 903C0030        	  7979: 	SUB.b		#'0',d0			* convert to value
01:00084AAC D480            	  7980: 	ADD.l		d0,d2				* add to result
01:00084AAE 65B0            	  7981: 	BCS.s		RTS_024			* return if overflow, it should never ever do
                            	  7982: 							* this
                            	  7983: 
01:00084AB0 2202            	  7984: 	MOVE.l	d2,d1				* copy result
01:00084AB2 4E75            	  7985: 	RTS
                            	  7986: 
                            	  7987: * half way decent times 10 with overflow checks
                            	  7988: 
                            	  7989: d1x10
01:00084AB4 2401            	  7990: 	MOVE.l	d1,d2				* copy value
01:00084AB6 D482            	  7991: 	ADD.l		d2,d2				* times two
01:00084AB8 6508            	  7992: 	BCS.s		RTS_025			* return if overflow
                            	  7993: 
01:00084ABA D482            	  7994: 	ADD.l		d2,d2				* times four
01:00084ABC 6504            	  7995: 	BCS.s		RTS_025			* return if overflow
                            	  7996: 
01:00084ABE D481            	  7997: 	ADD.l		d1,d2				* times five
01:00084AC0 64DC            	  7998: 	BCC.s		d1x02				* do times two and add in new digit if ok
                            	  7999: 
                            	  8000: RTS_025
01:00084AC2 4E75            	  8001: 	RTS
                            	  8002: 
                            	  8003: 
                            	  8004: *************************************************************************************
                            	  8005: *
                            	  8006: * token values needed for BASIC
                            	  8007: 
                            	  8008: TK_END		EQU $80			* $80
                            	  8009: TK_FOR		EQU TK_END+1		* $81
                            	  8010: TK_NEXT		EQU TK_FOR+1		* $82
                            	  8011: TK_DATA		EQU TK_NEXT+1		* $83
                            	  8012: TK_INPUT		EQU TK_DATA+1		* $84
                            	  8013: TK_DIM		EQU TK_INPUT+1		* $85
                            	  8014: TK_READ		EQU TK_DIM+1		* $86
                            	  8015: TK_LET		EQU TK_READ+1		* $87
                            	  8016: TK_DEC		EQU TK_LET+1		* $88
                            	  8017: TK_GOTO		EQU TK_DEC+1		* $89
                            	  8018: TK_RUN		EQU TK_GOTO+1		* $8A
                            	  8019: TK_IF			EQU TK_RUN+1		* $8B
                            	  8020: TK_RESTORE		EQU TK_IF+1			* $8C
                            	  8021: TK_GOSUB		EQU TK_RESTORE+1		* $8D
                            	  8022: TK_RETURN		EQU TK_GOSUB+1		* $8E
                            	  8023: TK_REM		EQU TK_RETURN+1		* $8F
                            	  8024: TK_STOP		EQU TK_REM+1		* $90
                            	  8025: TK_ON			EQU TK_STOP+1		* $91
                            	  8026: TK_NULL		EQU TK_ON+1			* $92
                            	  8027: TK_INC		EQU TK_NULL+1		* $93
                            	  8028: TK_WAIT		EQU TK_INC+1		* $94
                            	  8029: TK_LOAD		EQU TK_WAIT+1		* $95
                            	  8030: TK_SAVE		EQU TK_LOAD+1		* $96
                            	  8031: TK_DEF		EQU TK_SAVE+1		* $97
                            	  8032: TK_POKE		EQU TK_DEF+1		* $98
                            	  8033: TK_DOKE		EQU TK_POKE+1		* $99
                            	  8034: TK_LOKE		EQU TK_DOKE+1		* $9A
                            	  8035: TK_CALL		EQU TK_LOKE+1		* $9B
                            	  8036: TK_DO			EQU TK_CALL+1		* $9C
                            	  8037: TK_LOOP		EQU TK_DO+1			* $9D
                            	  8038: TK_PRINT		EQU TK_LOOP+1		* $9E
                            	  8039: TK_CONT		EQU TK_PRINT+1		* $9F
                            	  8040: TK_LIST		EQU TK_CONT+1		* $A0
                            	  8041: TK_CLEAR		EQU TK_LIST+1		* $A1
                            	  8042: TK_NEW		EQU TK_CLEAR+1		* $A2
                            	  8043: TK_WIDTH		EQU TK_NEW+1		* $A3
                            	  8044: TK_GET		EQU TK_WIDTH+1		* $A4
                            	  8045: TK_SWAP		EQU TK_GET+1		* $A5
                            	  8046: TK_BITSET		EQU TK_SWAP+1		* $A6
                            	  8047: TK_BITCLR		EQU TK_BITSET+1		* $A7
                            	  8048: TK_TAB		EQU TK_BITCLR+1		* $A8
                            	  8049: TK_ELSE		EQU TK_TAB+1		* $A9
                            	  8050: TK_TO			EQU TK_ELSE+1		* $AA
                            	  8051: TK_FN			EQU TK_TO+1			* $AB
                            	  8052: TK_SPC		EQU TK_FN+1			* $AC
                            	  8053: TK_THEN		EQU TK_SPC+1		* $AD
                            	  8054: TK_NOT		EQU TK_THEN+1		* $AE
                            	  8055: TK_STEP		EQU TK_NOT+1		* $AF
                            	  8056: TK_UNTIL		EQU TK_STEP+1		* $B0
                            	  8057: TK_WHILE		EQU TK_UNTIL+1		* $B1
                            	  8058: TK_PLUS		EQU TK_WHILE+1		* $B2
                            	  8059: TK_MINUS		EQU TK_PLUS+1		* $B3
                            	  8060: TK_MULT		EQU TK_MINUS+1		* $B4
                            	  8061: TK_DIV		EQU TK_MULT+1		* $B5
                            	  8062: TK_POWER		EQU TK_DIV+1		* $B6
                            	  8063: TK_AND		EQU TK_POWER+1		* $B7
                            	  8064: TK_EOR		EQU TK_AND+1		* $B8
                            	  8065: TK_OR			EQU TK_EOR+1		* $B9
                            	  8066: TK_RSHIFT		EQU TK_OR+1			* $BA
                            	  8067: TK_LSHIFT		EQU TK_RSHIFT+1		* $BB
                            	  8068: TK_GT			EQU TK_LSHIFT+1		* $BC
                            	  8069: TK_EQUAL		EQU TK_GT+1			* $BD
                            	  8070: TK_LT			EQU TK_EQUAL+1		* $BE
                            	  8071: TK_SGN		EQU TK_LT+1			* $BF
                            	  8072: TK_INT		EQU TK_SGN+1		* $C0
                            	  8073: TK_ABS		EQU TK_INT+1		* $C1
                            	  8074: TK_USR		EQU TK_ABS+1		* $C2
                            	  8075: TK_FRE		EQU TK_USR+1		* $C3
                            	  8076: TK_POS		EQU TK_FRE+1		* $C4
                            	  8077: TK_SQR		EQU TK_POS+1		* $C5
                            	  8078: TK_RND		EQU TK_SQR+1		* $C6
                            	  8079: TK_LOG		EQU TK_RND+1		* $C7
                            	  8080: TK_EXP		EQU TK_LOG+1		* $C8
                            	  8081: TK_COS		EQU TK_EXP+1		* $C9
                            	  8082: TK_SIN		EQU TK_COS+1		* $CA
                            	  8083: TK_TAN		EQU TK_SIN+1		* $CB
                            	  8084: TK_ATN		EQU TK_TAN+1		* $CC
                            	  8085: TK_PEEK		EQU TK_ATN+1		* $CD
                            	  8086: TK_DEEK		EQU TK_PEEK+1		* $CE
                            	  8087: TK_LEEK		EQU TK_DEEK+1		* $CF
                            	  8088: TK_LEN		EQU TK_LEEK+1		* $D0
                            	  8089: TK_STRS		EQU TK_LEN+1		* $D1
                            	  8090: TK_VAL		EQU TK_STRS+1		* $D2
                            	  8091: TK_ASC		EQU TK_VAL+1		* $D3
                            	  8092: TK_UCASES		EQU TK_ASC+1		* $D4
                            	  8093: TK_LCASES		EQU TK_UCASES+1		* $D5
                            	  8094: TK_CHRS		EQU TK_LCASES+1		* $D6
                            	  8095: TK_HEXS		EQU TK_CHRS+1		* $D7
                            	  8096: TK_BINS		EQU TK_HEXS+1		* $D8
                            	  8097: TK_BITTST		EQU TK_BINS+1		* $D9
                            	  8098: TK_MAX		EQU TK_BITTST+1		* $DA
                            	  8099: TK_MIN		EQU TK_MAX+1		* $DB
                            	  8100: TK_RAM		EQU TK_MIN+1		* $DC
                            	  8101: TK_PI			EQU TK_RAM+1		* $DD
                            	  8102: TK_TWOPI		EQU TK_PI+1			* $DE
                            	  8103: TK_VPTR		EQU TK_TWOPI+1		* $DF
                            	  8104: TK_SADD		EQU TK_VPTR+1		* $E0
                            	  8105: TK_LEFTS		EQU TK_SADD+1		* $E1
                            	  8106: TK_RIGHTS		EQU TK_LEFTS+1		* $E2
                            	  8107: TK_MIDS		EQU TK_RIGHTS+1		* $E3
                            	  8108: TK_USINGS		EQU TK_MIDS+1		* $E4
                            	  8109: 
                            	  8110: 
                            	  8111: *************************************************************************************
                            	  8112: *
                            	  8113: * binary to unsigned decimal table
                            	  8114: 
                            	  8115: Bin2dec
01:00084AC4 3B9ACA00        	  8116: 	dc.l	$3B9ACA00				* 1000000000
01:00084AC8 05F5E100        	  8117: 	dc.l	$05F5E100				* 100000000
01:00084ACC 00989680        	  8118: 	dc.l	$00989680				* 10000000
01:00084AD0 000F4240        	  8119: 	dc.l	$000F4240				* 1000000
01:00084AD4 000186A0        	  8120: 	dc.l	$000186A0				* 100000
01:00084AD8 00002710        	  8121: 	dc.l	$00002710				* 10000
01:00084ADC 000003E8        	  8122: 	dc.l	$000003E8				* 1000
01:00084AE0 00000064        	  8123: 	dc.l	$00000064				* 100
01:00084AE4 0000000A        	  8124: 	dc.l	$0000000A				* 10
01:00084AE8 00000000        	  8125: 	dc.l	$00000000				* 0 end marker
                            	  8126: 
                            	  8127: LAB_RSED
01:00084AEC 332E3232        	  8128: 	dc.l	$332E3232				* 858665522
                            	  8129: 
                            	  8130: * string to value exponent table
                            	  8131: 
01:00084AF0 FF00            	  8132: 	dc.w	255<<8				* 10**38
01:00084AF2 96769951        	  8133: 	dc.l	$96769951
01:00084AF6 FB00            	  8134: 	dc.w	251<<8				* 10**37
01:00084AF8 F0BDC21B        	  8135: 	dc.l	$F0BDC21B
01:00084AFC F800            	  8136: 	dc.w	248<<8				* 10**36
01:00084AFE C097CE7C        	  8137: 	dc.l	$C097CE7C
01:00084B02 F500            	  8138: 	dc.w	245<<8				* 10**35
01:00084B04 9A130B96        	  8139: 	dc.l	$9A130B96
01:00084B08 F100            	  8140: 	dc.w	241<<8				* 10**34
01:00084B0A F684DF57        	  8141: 	dc.l	$F684DF57
01:00084B0E EE00            	  8142: 	dc.w	238<<8				* 10**33
01:00084B10 C5371912        	  8143: 	dc.l	$C5371912
01:00084B14 EB00            	  8144: 	dc.w	235<<8				* 10**32
01:00084B16 9DC5ADA8        	  8145: 	dc.l	$9DC5ADA8
01:00084B1A E700            	  8146: 	dc.w	231<<8				* 10**31
01:00084B1C FC6F7C40        	  8147: 	dc.l	$FC6F7C40
01:00084B20 E400            	  8148: 	dc.w	228<<8				* 10**30
01:00084B22 C9F2C9CD        	  8149: 	dc.l	$C9F2C9CD
01:00084B26 E100            	  8150: 	dc.w	225<<8				* 10**29
01:00084B28 A18F07D7        	  8151: 	dc.l	$A18F07D7
01:00084B2C DE00            	  8152: 	dc.w	222<<8				* 10**28
01:00084B2E 813F3979        	  8153: 	dc.l	$813F3979
01:00084B32 DA00            	  8154: 	dc.w	218<<8				* 10**27
01:00084B34 CECB8F28        	  8155: 	dc.l	$CECB8F28
01:00084B38 D700            	  8156: 	dc.w	215<<8				* 10**26
01:00084B3A A56FA5BA        	  8157: 	dc.l	$A56FA5BA
01:00084B3E D400            	  8158: 	dc.w	212<<8				* 10**25
01:00084B40 84595161        	  8159: 	dc.l	$84595161
01:00084B44 D000            	  8160: 	dc.w	208<<8				* 10**24
01:00084B46 D3C21BCF        	  8161: 	dc.l	$D3C21BCF
01:00084B4A CD00            	  8162: 	dc.w	205<<8				* 10**23
01:00084B4C A968163F        	  8163: 	dc.l	$A968163F
01:00084B50 CA00            	  8164: 	dc.w	202<<8				* 10**22
01:00084B52 87867832        	  8165: 	dc.l	$87867832
01:00084B56 C600            	  8166: 	dc.w	198<<8				* 10**21
01:00084B58 D8D726B7        	  8167: 	dc.l	$D8D726B7
01:00084B5C C300            	  8168: 	dc.w	195<<8				* 10**20
01:00084B5E AD78EBC6        	  8169: 	dc.l	$AD78EBC6
01:00084B62 C000            	  8170: 	dc.w	192<<8				* 10**19
01:00084B64 8AC72305        	  8171: 	dc.l	$8AC72305
01:00084B68 BC00            	  8172: 	dc.w	188<<8				* 10**18
01:00084B6A DE0B6B3A        	  8173: 	dc.l	$DE0B6B3A
01:00084B6E B900            	  8174: 	dc.w	185<<8				* 10**17
01:00084B70 B1A2BC2F        	  8175: 	dc.l	$B1A2BC2F
01:00084B74 B600            	  8176: 	dc.w	182<<8				* 10**16
01:00084B76 8E1BC9BF        	  8177: 	dc.l	$8E1BC9BF
01:00084B7A B200            	  8178: 	dc.w	178<<8				* 10**15
01:00084B7C E35FA932        	  8179: 	dc.l	$E35FA932
01:00084B80 AF00            	  8180: 	dc.w	175<<8				* 10**14
01:00084B82 B5E620F5        	  8181: 	dc.l	$B5E620F5
01:00084B86 AC00            	  8182: 	dc.w	172<<8				* 10**13
01:00084B88 9184E72A        	  8183: 	dc.l	$9184E72A
01:00084B8C A800            	  8184: 	dc.w	168<<8				* 10**12
01:00084B8E E8D4A510        	  8185: 	dc.l	$E8D4A510
01:00084B92 A500            	  8186: 	dc.w	165<<8				* 10**11
01:00084B94 BA43B740        	  8187: 	dc.l	$BA43B740
01:00084B98 A200            	  8188: 	dc.w	162<<8				* 10**10
01:00084B9A 9502F900        	  8189: 	dc.l	$9502F900
01:00084B9E 9E00            	  8190: 	dc.w	158<<8				* 10**9
01:00084BA0 EE6B2800        	  8191: 	dc.l	$EE6B2800
01:00084BA4 9B00            	  8192: 	dc.w	155<<8				* 10**8
01:00084BA6 BEBC2000        	  8193: 	dc.l	$BEBC2000
01:00084BAA 9800            	  8194: 	dc.w	152<<8				* 10**7
01:00084BAC 98968000        	  8195: 	dc.l	$98968000
01:00084BB0 9400            	  8196: 	dc.w	148<<8				* 10**6
01:00084BB2 F4240000        	  8197: 	dc.l	$F4240000
01:00084BB6 9100            	  8198: 	dc.w	145<<8				* 10**5
01:00084BB8 C3500000        	  8199: 	dc.l	$C3500000
01:00084BBC 8E00            	  8200: 	dc.w	142<<8				* 10**4
01:00084BBE 9C400000        	  8201: 	dc.l	$9C400000
01:00084BC2 8A00            	  8202: 	dc.w	138<<8				* 10**3
01:00084BC4 FA000000        	  8203: 	dc.l	$FA000000
01:00084BC8 8700            	  8204: 	dc.w	135<<8				* 10**2
01:00084BCA C8000000        	  8205: 	dc.l	$C8000000
01:00084BCE 8400            	  8206: 	dc.w	132<<8				* 10**1
01:00084BD0 A0000000        	  8207: 	dc.l	$A0000000
                            	  8208: LAB_P_10
01:00084BD4 8100            	  8209: 	dc.w	129<<8				* 10**0
01:00084BD6 80000000        	  8210: 	dc.l	$80000000
01:00084BDA 7D00            	  8211: 	dc.w	125<<8				* 10**-1
01:00084BDC CCCCCCCD        	  8212: 	dc.l	$CCCCCCCD
01:00084BE0 7A00            	  8213: 	dc.w	122<<8				* 10**-2
01:00084BE2 A3D70A3D        	  8214: 	dc.l	$A3D70A3D
01:00084BE6 7700            	  8215: 	dc.w	119<<8				* 10**-3
01:00084BE8 83126E98        	  8216: 	dc.l	$83126E98
01:00084BEC 7300            	  8217: 	dc.w	115<<8				* 10**-4
01:00084BEE D1B71759        	  8218: 	dc.l	$D1B71759
01:00084BF2 7000            	  8219: 	dc.w	112<<8				* 10**-5
01:00084BF4 A7C5AC47        	  8220: 	dc.l	$A7C5AC47
01:00084BF8 6D00            	  8221: 	dc.w	109<<8				* 10**-6
01:00084BFA 8637BD06        	  8222: 	dc.l	$8637BD06
01:00084BFE 6900            	  8223: 	dc.w	105<<8				* 10**-7
01:00084C00 D6BF94D6        	  8224: 	dc.l	$D6BF94D6
01:00084C04 6600            	  8225: 	dc.w	102<<8				* 10**-8
01:00084C06 ABCC7712        	  8226: 	dc.l	$ABCC7712
01:00084C0A 6300            	  8227: 	dc.w	99<<8					* 10**-9
01:00084C0C 89705F41        	  8228: 	dc.l	$89705F41
01:00084C10 5F00            	  8229: 	dc.w	95<<8					* 10**-10
01:00084C12 DBE6FECF        	  8230: 	dc.l	$DBE6FECF
01:00084C16 5C00            	  8231: 	dc.w	92<<8					* 10**-11
01:00084C18 AFEBFF0C        	  8232: 	dc.l	$AFEBFF0C
01:00084C1C 5900            	  8233: 	dc.w	89<<8					* 10**-12
01:00084C1E 8CBCCC09        	  8234: 	dc.l	$8CBCCC09
01:00084C22 5500            	  8235: 	dc.w	85<<8					* 10**-13
01:00084C24 E12E1342        	  8236: 	dc.l	$E12E1342
01:00084C28 5200            	  8237: 	dc.w	82<<8					* 10**-14
01:00084C2A B424DC35        	  8238: 	dc.l	$B424DC35
01:00084C2E 4F00            	  8239: 	dc.w	79<<8					* 10**-15
01:00084C30 901D7CF7        	  8240: 	dc.l	$901D7CF7
01:00084C34 4B00            	  8241: 	dc.w	75<<8					* 10**-16
01:00084C36 E69594BF        	  8242: 	dc.l	$E69594BF
01:00084C3A 4800            	  8243: 	dc.w	72<<8					* 10**-17
01:00084C3C B877AA32        	  8244: 	dc.l	$B877AA32
01:00084C40 4500            	  8245: 	dc.w	69<<8					* 10**-18
01:00084C42 9392EE8F        	  8246: 	dc.l	$9392EE8F
01:00084C46 4100            	  8247: 	dc.w	65<<8					* 10**-19
01:00084C48 EC1E4A7E        	  8248: 	dc.l	$EC1E4A7E
01:00084C4C 3E00            	  8249: 	dc.w	62<<8					* 10**-20
01:00084C4E BCE50865        	  8250: 	dc.l	$BCE50865
01:00084C52 3B00            	  8251: 	dc.w	59<<8					* 10**-21
01:00084C54 971DA050        	  8252: 	dc.l	$971DA050
01:00084C58 3700            	  8253: 	dc.w	55<<8					* 10**-22
01:00084C5A F1C90081        	  8254: 	dc.l	$F1C90081
01:00084C5E 3400            	  8255: 	dc.w	52<<8					* 10**-23
01:00084C60 C16D9A01        	  8256: 	dc.l	$C16D9A01
01:00084C64 3100            	  8257: 	dc.w	49<<8					* 10**-24
01:00084C66 9ABE14CD        	  8258: 	dc.l	$9ABE14CD
01:00084C6A 2D00            	  8259: 	dc.w	45<<8					* 10**-25
01:00084C6C F79687AE        	  8260: 	dc.l	$F79687AE
01:00084C70 2A00            	  8261: 	dc.w	42<<8					* 10**-26
01:00084C72 C6120625        	  8262: 	dc.l	$C6120625
01:00084C76 2700            	  8263: 	dc.w	39<<8					* 10**-27
01:00084C78 9E74D1B8        	  8264: 	dc.l	$9E74D1B8
01:00084C7C 2300            	  8265: 	dc.w	35<<8					* 10**-28
01:00084C7E FD87B5F3        	  8266: 	dc.l	$FD87B5F3
01:00084C82 2000            	  8267: 	dc.w	32<<8					* 10**-29
01:00084C84 CAD2F7F5        	  8268: 	dc.l	$CAD2F7F5
01:00084C88 1D00            	  8269: 	dc.w	29<<8					* 10**-30
01:00084C8A A2425FF7        	  8270: 	dc.l	$A2425FF7
01:00084C8E 1A00            	  8271: 	dc.w	26<<8					* 10**-31
01:00084C90 81CEB32C        	  8272: 	dc.l	$81CEB32C
01:00084C94 1600            	  8273: 	dc.w	22<<8					* 10**-32
01:00084C96 CFB11EAD        	  8274: 	dc.l	$CFB11EAD
01:00084C9A 1300            	  8275: 	dc.w	19<<8					* 10**-33
01:00084C9C A6274BBE        	  8276: 	dc.l	$A6274BBE
01:00084CA0 1000            	  8277: 	dc.w	16<<8					* 10**-34
01:00084CA2 84EC3C98        	  8278: 	dc.l	$84EC3C98
01:00084CA6 0C00            	  8279: 	dc.w	12<<8					* 10**-35
01:00084CA8 D4AD2DC0        	  8280: 	dc.l	$D4AD2DC0
01:00084CAC 0900            	  8281: 	dc.w	9<<8					* 10**-36
01:00084CAE AA242499        	  8282: 	dc.l	$AA242499
01:00084CB2 0600            	  8283: 	dc.w	6<<8					* 10**-37
01:00084CB4 881CEA14        	  8284: 	dc.l	$881CEA14
01:00084CB8 0200            	  8285: 	dc.w	2<<8					* 10**-38
01:00084CBA D9C7DCED        	  8286: 	dc.l	$D9C7DCED
                            	  8287: 
                            	  8288: 
                            	  8289: *************************************************************************************
                            	  8290: *
                            	  8291: * table of constants for cordic SIN/COS/TAN calculations
                            	  8292: * constants are un normalised fractions and are atn(2^-i)/2pi
                            	  8293: 
01:00084CBE 4DBA76D4        	  8294: 	dc.l	$4DBA76D4				* SIN/COS multiply constant
                            	  8295: TAB_SNCO
01:00084CC2 20000000        	  8296: 	dc.l	$20000000				* atn(2^0)/2pi
01:00084CC6 12E4051E        	  8297: 	dc.l	$12E4051E				* atn(2^1)/2pi
01:00084CCA 09FB385C        	  8298: 	dc.l	$09FB385C				* atn(2^2)/2pi
01:00084CCE 051111D5        	  8299: 	dc.l	$051111D5				* atn(2^3)/2pi
01:00084CD2 028B0D44        	  8300: 	dc.l	$028B0D44				* atn(2^4)/2pi
01:00084CD6 0145D7E2        	  8301: 	dc.l	$0145D7E2				* atn(2^5)/2pi
01:00084CDA 00A2F61F        	  8302: 	dc.l	$00A2F61F				* atn(2^6)/2pi
01:00084CDE 00517C56        	  8303: 	dc.l	$00517C56				* atn(2^7)/2pi
01:00084CE2 0028BE54        	  8304: 	dc.l	$0028BE54				* atn(2^8)/2pi
01:00084CE6 00145F2F        	  8305: 	dc.l	$00145F2F				* atn(2^9)/2pi
01:00084CEA 000A2F99        	  8306: 	dc.l	$000A2F99				* atn(2^10)/2pi
01:00084CEE 000517CD        	  8307: 	dc.l	$000517CD				* atn(2^11)/2pi
01:00084CF2 00028BE7        	  8308: 	dc.l	$00028BE7				* atn(2^12)/2pi
01:00084CF6 000145F4        	  8309: 	dc.l	$000145F4				* atn(2^13)/2pi
01:00084CFA 0000A2FA        	  8310: 	dc.l	$0000A2FA				* atn(2^14)/2pi
01:00084CFE 0000517D        	  8311: 	dc.l	$0000517D				* atn(2^15)/2pi
01:00084D02 000028BF        	  8312: 	dc.l	$000028BF				* atn(2^16)/2pi
01:00084D06 00001460        	  8313: 	dc.l	$00001460				* atn(2^17)/2pi
01:00084D0A 00000A30        	  8314: 	dc.l	$00000A30				* atn(2^18)/2pi
01:00084D0E 00000518        	  8315: 	dc.l	$00000518				* atn(2^19)/2pi
01:00084D12 0000028C        	  8316: 	dc.l	$0000028C				* atn(2^20)/2pi
01:00084D16 00000146        	  8317: 	dc.l	$00000146				* atn(2^21)/2pi
01:00084D1A 000000A3        	  8318: 	dc.l	$000000A3				* atn(2^22)/2pi
01:00084D1E 00000052        	  8319: 	dc.l	$00000052				* atn(2^23)/2pi
01:00084D22 00000029        	  8320: 	dc.l	$00000029				* atn(2^24)/2pi
01:00084D26 00000015        	  8321: 	dc.l	$00000015				* atn(2^25)/2pi
01:00084D2A 0000000B        	  8322: 	dc.l	$0000000B				* atn(2^26)/2pi
01:00084D2E 00000006        	  8323: 	dc.l	$00000006				* atn(2^27)/2pi
01:00084D32 00000003        	  8324: 	dc.l	$00000003				* atn(2^28)/2pi
01:00084D36 00000002        	  8325: 	dc.l	$00000002				* atn(2^29)/2pi
01:00084D3A 00000001        	  8326: 	dc.l	$00000001				* atn(2^30)/2pi
01:00084D3E 00000001        	  8327: 	dc.l	$00000001				* atn(2^31)/2pi
                            	  8328: 
                            	  8329: 
                            	  8330: *************************************************************************************
                            	  8331: *
                            	  8332: * table of constants for cordic ATN calculation
                            	  8333: * constants are normalised to two integer bits and are atn(2^-i)
                            	  8334: 
                            	  8335: TAB_ATNC
01:00084D42 1DAC6705        	  8336: 	dc.l	$1DAC6705				* atn(2^-1)
01:00084D46 0FADBAFD        	  8337: 	dc.l	$0FADBAFD				* atn(2^-2)
01:00084D4A 07F56EA7        	  8338: 	dc.l	$07F56EA7				* atn(2^-3)
01:00084D4E 03FEAB77        	  8339: 	dc.l	$03FEAB77				* atn(2^-4)
01:00084D52 01FFD55C        	  8340: 	dc.l	$01FFD55C				* atn(2^-5)
01:00084D56 00FFFAAB        	  8341: 	dc.l	$00FFFAAB				* atn(2^-6)
01:00084D5A 007FFF55        	  8342: 	dc.l	$007FFF55				* atn(2^-7)
01:00084D5E 003FFFEB        	  8343: 	dc.l	$003FFFEB				* atn(2^-8)
01:00084D62 001FFFFD        	  8344: 	dc.l	$001FFFFD				* atn(2^-9)
01:00084D66 00100000        	  8345: 	dc.l	$00100000				* atn(2^-10)
01:00084D6A 00080000        	  8346: 	dc.l	$00080000				* atn(2^-11)
01:00084D6E 00040000        	  8347: 	dc.l	$00040000				* atn(2^-12)
01:00084D72 00020000        	  8348: 	dc.l	$00020000				* atn(2^-13)
01:00084D76 00010000        	  8349: 	dc.l	$00010000				* atn(2^-14)
01:00084D7A 00008000        	  8350: 	dc.l	$00008000				* atn(2^-15)
01:00084D7E 00004000        	  8351: 	dc.l	$00004000				* atn(2^-16)
01:00084D82 00002000        	  8352: 	dc.l	$00002000				* atn(2^-17)
01:00084D86 00001000        	  8353: 	dc.l	$00001000				* atn(2^-18)
01:00084D8A 00000800        	  8354: 	dc.l	$00000800				* atn(2^-19)
01:00084D8E 00000400        	  8355: 	dc.l	$00000400				* atn(2^-20)
01:00084D92 00000200        	  8356: 	dc.l	$00000200				* atn(2^-21)
01:00084D96 00000100        	  8357: 	dc.l	$00000100				* atn(2^-22)
01:00084D9A 00000080        	  8358: 	dc.l	$00000080				* atn(2^-23)
01:00084D9E 00000040        	  8359: 	dc.l	$00000040				* atn(2^-24)
01:00084DA2 00000020        	  8360: 	dc.l	$00000020				* atn(2^-25)
01:00084DA6 00000010        	  8361: 	dc.l	$00000010				* atn(2^-26)
01:00084DAA 00000008        	  8362: 	dc.l	$00000008				* atn(2^-27)
01:00084DAE 00000004        	  8363: 	dc.l	$00000004				* atn(2^-28)
01:00084DB2 00000002        	  8364: 	dc.l	$00000002				* atn(2^-29)
01:00084DB6 00000001        	  8365: 	dc.l	$00000001				* atn(2^-30)
                            	  8366: LAB_1D96
01:00084DBA 00000000        	  8367: 	dc.l	$00000000				* atn(2^-31)
01:00084DBE 00000000        	  8368: 	dc.l	$00000000				* atn(2^-32)
                            	  8369: 
                            	  8370: * constants are normalised to n integer bits and are tanh(2^-i)
                            	  8371: n	equ	2
                            	  8372: TAB_HTHET
01:00084DC2 2327D4F4        	  8373: 	dc.l	$2327d4f4			* atnh(2^-1) .549306144
01:00084DC6 1058AEFA        	  8374: 	dc.l	$1058aefa			* atnh(2^-2) .255412812
01:00084DCA 080AC48E        	  8375: 	dc.l	$080ac48e			* atnh(2^-3)
01:00084DCE 04015622        	  8376: 	dc.l	$04015622			* atnh(2^-4)
01:00084DD2 02002AB0        	  8377: 	dc.l	$02002ab0			* atnh(2^-5)
01:00084DD6 01000554        	  8378: 	dc.l	$01000554			* atnh(2^-6)
01:00084DDA 008000AA        	  8379: 	dc.l	$008000aa			* atnh(2^-7)
01:00084DDE 00400014        	  8380: 	dc.l	$00400014			* atnh(2^-8)
01:00084DE2 00200002        	  8381: 	dc.l	$00200002			* atnh(2^-9)
01:00084DE6 00100000        	  8382: 	dc.l	$00100000			* atnh(2^-10)
01:00084DEA 00080000        	  8383: 	dc.l	$00080000			* atnh(2^-11)
01:00084DEE 00040000        	  8384: 	dc.l	$00040000			* atnh(2^-12)
01:00084DF2 00020000        	  8385: 	dc.l	$00020000			* atnh(2^-13)
01:00084DF6 00010000        	  8386: 	dc.l	$00010000			* atnh(2^-14)
01:00084DFA 00008000        	  8387: 	dc.l	$00008000			* atnh(2^-15)
01:00084DFE 00004000        	  8388: 	dc.l	$00004000			* atnh(2^-16)
01:00084E02 00002000        	  8389: 	dc.l	$00002000			* atnh(2^-17)
01:00084E06 00001000        	  8390: 	dc.l	$00001000			* atnh(2^-18)
01:00084E0A 00000800        	  8391: 	dc.l	$00000800			* atnh(2^-19)
01:00084E0E 00000400        	  8392: 	dc.l	$00000400			* atnh(2^-20)
01:00084E12 00000200        	  8393: 	dc.l	$00000200			* atnh(2^-21)
01:00084E16 00000100        	  8394: 	dc.l	$00000100			* atnh(2^-22)
01:00084E1A 00000080        	  8395: 	dc.l	$00000080			* atnh(2^-23)
01:00084E1E 00000040        	  8396: 	dc.l	$00000040			* atnh(2^-24)
01:00084E22 00000020        	  8397: 	dc.l	$00000020			* atnh(2^-25)
01:00084E26 00000010        	  8398: 	dc.l	$00000010			* atnh(2^-26)
01:00084E2A 00000008        	  8399: 	dc.l	$00000008			* atnh(2^-27)
01:00084E2E 00000004        	  8400: 	dc.l	$00000004			* atnh(2^-28)
01:00084E32 00000002        	  8401: 	dc.l	$00000002			* atnh(2^-29)
01:00084E36 00000001        	  8402: 	dc.l	$00000001			* atnh(2^-30)
01:00084E3A 00000000        	  8403: 	dc.l	$00000000			* atnh(2^-31)
01:00084E3E 00000000        	  8404: 	dc.l	$00000000			* atnh(2^-32)
                            	  8405: KFCTSEED	equ	$26A3D110		* $26A3D110
                            	  8406: 
                            	  8407: 
                            	  8408: *************************************************************************************
                            	  8409: *
                            	  8410: * command vector table
                            	  8411: 
                            	  8412: LAB_CTBL
01:00084E42 D788            	  8413: 	dc.w	LAB_END-LAB_CTBL			* END
01:00084E44 D6BC            	  8414: 	dc.w	LAB_FOR-LAB_CTBL			* FOR
01:00084E46 DD2C            	  8415: 	dc.w	LAB_NEXT-LAB_CTBL			* NEXT
01:00084E48 D8E0            	  8416: 	dc.w	LAB_DATA-LAB_CTBL			* DATA
01:00084E4A DC20            	  8417: 	dc.w	LAB_INPUT-LAB_CTBL		* INPUT
01:00084E4C E0FA            	  8418: 	dc.w	LAB_DIM-LAB_CTBL			* DIM
01:00084E4E DC46            	  8419: 	dc.w	LAB_READ-LAB_CTBL			* READ
01:00084E50 DA52            	  8420: 	dc.w	LAB_LET-LAB_CTBL			* LET
01:00084E52 D9F0            	  8421: 	dc.w	LAB_DEC-LAB_CTBL			* DEC	
01:00084E54 D848            	  8422: 	dc.w	LAB_GOTO-LAB_CTBL			* GOTO
01:00084E56 D810            	  8423: 	dc.w	LAB_RUN-LAB_CTBL			* RUN
01:00084E58 D908            	  8424: 	dc.w	LAB_IF-LAB_CTBL			* IF
01:00084E5A D7BA            	  8425: 	dc.w	LAB_RESTORE-LAB_CTBL		* RESTORE
01:00084E5C D836            	  8426: 	dc.w	LAB_GOSUB-LAB_CTBL		* GOSUB
01:00084E5E D8CC            	  8427: 	dc.w	LAB_RETURN-LAB_CTBL		* RETURN
01:00084E60 D976            	  8428: 	dc.w	LAB_REM-LAB_CTBL			* REM
01:00084E62 D790            	  8429: 	dc.w	LAB_STOP-LAB_CTBL			* STOP
01:00084E64 D97E            	  8430: 	dc.w	LAB_ON-LAB_CTBL			* ON
01:00084E66 D7E8            	  8431: 	dc.w	LAB_NULL-LAB_CTBL			* NULL
01:00084E68 D9F6            	  8432: 	dc.w	LAB_INC-LAB_CTBL			* INC	
01:00084E6A EA04            	  8433: 	dc.w	LAB_WAIT-LAB_CTBL			* WAIT
01:00084E6C E9F2            	  8434: 	dc.w	LAB_LOAD-LAB_CTBL			* LOAD
01:00084E6E E9F6            	  8435: 	dc.w	LAB_SAVE-LAB_CTBL			* SAVE
01:00084E70 E496            	  8436: 	dc.w	LAB_DEF-LAB_CTBL			* DEF
01:00084E72 E972            	  8437: 	dc.w	LAB_POKE-LAB_CTBL			* POKE
01:00084E74 E9A2            	  8438: 	dc.w	LAB_DOKE-LAB_CTBL			* DOKE
01:00084E76 E9A8            	  8439: 	dc.w	LAB_LOKE-LAB_CTBL			* LOKE
01:00084E78 E9FA            	  8440: 	dc.w	LAB_CALL-LAB_CTBL			* CALL
01:00084E7A D824            	  8441: 	dc.w	LAB_DO-LAB_CTBL			* DO	
01:00084E7C D876            	  8442: 	dc.w	LAB_LOOP-LAB_CTBL			* LOOP
01:00084E7E DAE6            	  8443: 	dc.w	LAB_PRINT-LAB_CTBL		* PRINT
01:00084E80 D7F2            	  8444: 	dc.w	LAB_CONT-LAB_CTBL			* CONT
01:00084E82 D608            	  8445: 	dc.w	LAB_LIST-LAB_CTBL			* LIST
01:00084E84 D604            	  8446: 	dc.w	LAB_CLEAR-LAB_CTBL		* CLEAR
01:00084E86 D5B4            	  8447: 	dc.w	LAB_NEW-LAB_CTBL			* NEW
01:00084E88 F950            	  8448: 	dc.w	LAB_WDTH-LAB_CTBL			* WIDTH
01:00084E8A DAAC            	  8449: 	dc.w	LAB_GET-LAB_CTBL			* GET
01:00084E8C E9BC            	  8450: 	dc.w	LAB_SWAP-LAB_CTBL			* SWAP
01:00084E8E F48E            	  8451: 	dc.w	LAB_BITSET-LAB_CTBL		* BITSET
01:00084E90 F49E            	  8452: 	dc.w	LAB_BITCLR-LAB_CTBL		* BITCLR
                            	  8453: 
                            	  8454: 
                            	  8455: *************************************************************************************
                            	  8456: *
                            	  8457: * function pre process routine table
                            	  8458: 
                            	  8459: LAB_FTPP
01:00084E92 DFA8            	  8460: 	dc.w	LAB_PPFN-LAB_FTPP			* SGN(n)	process numeric expression in ()
01:00084E94 DFA8            	  8461: 	dc.w	LAB_PPFN-LAB_FTPP			* INT(n)		"
01:00084E96 DFA8            	  8462: 	dc.w	LAB_PPFN-LAB_FTPP			* ABS(n)		"
01:00084E98 DDAC            	  8463: 	dc.w	LAB_EVEZ-LAB_FTPP			* USR(x)	process any expression
01:00084E9A DEF4            	  8464: 	dc.w	LAB_1BF7-LAB_FTPP			* FRE(x)	process any expression in ()
01:00084E9C DEF4            	  8465: 	dc.w	LAB_1BF7-LAB_FTPP			* POS(x)		"
01:00084E9E DFA8            	  8466: 	dc.w	LAB_PPFN-LAB_FTPP			* SQR(n)	process numeric expression in ()
01:00084EA0 DFA8            	  8467: 	dc.w	LAB_PPFN-LAB_FTPP			* RND(n)		"
01:00084EA2 DFA8            	  8468: 	dc.w	LAB_PPFN-LAB_FTPP			* LOG(n)		"
01:00084EA4 DFA8            	  8469: 	dc.w	LAB_PPFN-LAB_FTPP			* EXP(n)		"
01:00084EA6 DFA8            	  8470: 	dc.w	LAB_PPFN-LAB_FTPP			* COS(n)		"
01:00084EA8 DFA8            	  8471: 	dc.w	LAB_PPFN-LAB_FTPP			* SIN(n)		"
01:00084EAA DFA8            	  8472: 	dc.w	LAB_PPFN-LAB_FTPP			* TAN(n)		"
01:00084EAC DFA8            	  8473: 	dc.w	LAB_PPFN-LAB_FTPP			* ATN(n)		"
01:00084EAE DFA8            	  8474: 	dc.w	LAB_PPFN-LAB_FTPP			* PEEK(n)		"
01:00084EB0 DFA8            	  8475: 	dc.w	LAB_PPFN-LAB_FTPP			* DEEK(n)		"
01:00084EB2 DFA8            	  8476: 	dc.w	LAB_PPFN-LAB_FTPP			* LEEK(n)		"
01:00084EB4 DF9A            	  8477: 	dc.w	LAB_PPFS-LAB_FTPP			* LEN($)	process string expression in ()
01:00084EB6 DFA8            	  8478: 	dc.w	LAB_PPFN-LAB_FTPP			* STR$(n)	process numeric expression in ()
01:00084EB8 DF9A            	  8479: 	dc.w	LAB_PPFS-LAB_FTPP			* VAL($)	process string expression in ()
01:00084EBA DF9A            	  8480: 	dc.w	LAB_PPFS-LAB_FTPP			* ASC($)		"
01:00084EBC DF9A            	  8481: 	dc.w	LAB_PPFS-LAB_FTPP			* UCASE$($)		"
01:00084EBE DF9A            	  8482: 	dc.w	LAB_PPFS-LAB_FTPP			* LCASE$($)		"
01:00084EC0 DFA8            	  8483: 	dc.w	LAB_PPFN-LAB_FTPP			* CHR$(n)	process numeric expression in ()
01:00084EC2 DFE2            	  8484: 	dc.w	LAB_BHSS-LAB_FTPP			* HEX$()	bin/hex pre process
01:00084EC4 DFE2            	  8485: 	dc.w	LAB_BHSS-LAB_FTPP			* BIN$()		"
01:00084EC6 0000            	  8486: 	dc.w	$0000					* BITTST()	none
01:00084EC8 0000            	  8487: 	dc.w	$0000					* MAX()		"
01:00084ECA 0000            	  8488: 	dc.w	$0000					* MIN()		"
01:00084ECC DFB6            	  8489: 	dc.w	LAB_PPBI-LAB_FTPP			* RAMBASE	advance pointer
01:00084ECE DFB6            	  8490: 	dc.w	LAB_PPBI-LAB_FTPP			* PI			"
01:00084ED0 DFB6            	  8491: 	dc.w	LAB_PPBI-LAB_FTPP			* TWOPI		"
01:00084ED2 0000            	  8492: 	dc.w	$0000					* VARPTR()	none
01:00084ED4 0000            	  8493: 	dc.w	$0000					* SADD()		"
01:00084ED6 DFC0            	  8494: 	dc.w	LAB_LRMS-LAB_FTPP			* LEFT$()	process string expression
01:00084ED8 DFC0            	  8495: 	dc.w	LAB_LRMS-LAB_FTPP			* RIGHT$()		"
01:00084EDA DFC0            	  8496: 	dc.w	LAB_LRMS-LAB_FTPP			* MID$()		"
01:00084EDC DDAC            	  8497: 	dc.w	LAB_EVEZ-LAB_FTPP			* USING$(x)	process any expression
                            	  8498: 
                            	  8499: 
                            	  8500: *************************************************************************************
                            	  8501: *
                            	  8502: * action addresses for functions
                            	  8503: 
                            	  8504: LAB_FTBL
01:00084EDE ED36            	  8505: 	dc.w	LAB_SGN-LAB_FTBL			* SGN()
01:00084EE0 EDB8            	  8506: 	dc.w	LAB_INT-LAB_FTBL			* INT()
01:00084EE2 ED48            	  8507: 	dc.w	LAB_ABS-LAB_FTBL			* ABS()
01:00084EE4 E94E            	  8508: 	dc.w	LAB_USR-LAB_FTBL			* USR()
01:00084EE6 E3B2            	  8509: 	dc.w	LAB_FRE-LAB_FTBL			* FRE()
01:00084EE8 E3E4            	  8510: 	dc.w	LAB_POS-LAB_FTBL			* POS()
01:00084EEA F934            	  8511: 	dc.w	LAB_SQR-LAB_FTBL			* SQR()
01:00084EEC F210            	  8512: 	dc.w	LAB_RND-LAB_FTBL			* RND()
01:00084EEE EA58            	  8513: 	dc.w	LAB_LOG-LAB_FTBL			* LOG()
01:00084EF0 F0F6            	  8514: 	dc.w	LAB_EXP-LAB_FTBL			* EXP()
01:00084EF2 F268            	  8515: 	dc.w	LAB_COS-LAB_FTBL			* COS()
01:00084EF4 F280            	  8516: 	dc.w	LAB_SIN-LAB_FTBL			* SIN()
01:00084EF6 F246            	  8517: 	dc.w	LAB_TAN-LAB_FTBL			* TAN()
01:00084EF8 F340            	  8518: 	dc.w	LAB_ATN-LAB_FTBL			* ATN()
01:00084EFA E8CA            	  8519: 	dc.w	LAB_PEEK-LAB_FTBL			* PEEK()
01:00084EFC E8DC            	  8520: 	dc.w	LAB_DEEK-LAB_FTBL			* DEEK()
01:00084EFE E8F2            	  8521: 	dc.w	LAB_LEEK-LAB_FTBL			* LEEK()
01:00084F00 E80E            	  8522: 	dc.w	LAB_LENS-LAB_FTBL			* LEN()
01:00084F02 E4DA            	  8523: 	dc.w	LAB_STRS-LAB_FTBL			* STR$()
01:00084F04 E852            	  8524: 	dc.w	LAB_VAL-LAB_FTBL			* VAL()
01:00084F06 E816            	  8525: 	dc.w	LAB_ASC-LAB_FTBL			* ASC()
01:00084F08 E7C4            	  8526: 	dc.w	LAB_UCASE-LAB_FTBL		* UCASE$()
01:00084F0A E794            	  8527: 	dc.w	LAB_LCASE-LAB_FTBL		* LCASE$()
01:00084F0C E6FC            	  8528: 	dc.w	LAB_CHRS-LAB_FTBL			* CHR$()
01:00084F0E F7D4            	  8529: 	dc.w	LAB_HEXS-LAB_FTBL			* HEX$()
01:00084F10 F77A            	  8530: 	dc.w	LAB_BINS-LAB_FTBL			* BIN$()
01:00084F12 F412            	  8531: 	dc.w	LAB_BTST-LAB_FTBL			* BITTST()
01:00084F14 F844            	  8532: 	dc.w	LAB_MAX-LAB_FTBL			* MAX()
01:00084F16 F85A            	  8533: 	dc.w	LAB_MIN-LAB_FTBL			* MIN()
01:00084F18 F9A6            	  8534: 	dc.w	LAB_RAM-LAB_FTBL			* RAMBASE
01:00084F1A F9B4            	  8535: 	dc.w	LAB_PI-LAB_FTBL			* PI
01:00084F1C F9C4            	  8536: 	dc.w	LAB_TWOPI-LAB_FTBL		* TWOPI
01:00084F1E F996            	  8537: 	dc.w	LAB_VARPTR-LAB_FTBL		* VARPTR()
01:00084F20 E7F6            	  8538: 	dc.w	LAB_SADD-LAB_FTBL			* SADD()
01:00084F22 E70C            	  8539: 	dc.w	LAB_LEFT-LAB_FTBL			* LEFT$()
01:00084F24 E720            	  8540: 	dc.w	LAB_RIGHT-LAB_FTBL		* RIGHT$()
01:00084F26 E750            	  8541: 	dc.w	LAB_MIDS-LAB_FTBL			* MID$()
01:00084F28 F440            	  8542: 	dc.w	LAB_USINGS-LAB_FTBL		* USING$()
                            	  8543: 
                            	  8544: 
                            	  8545: *************************************************************************************
                            	  8546: *
                            	  8547: * hierarchy and action addresses for operator
                            	  8548: 
                            	  8549: LAB_OPPT
01:00084F2A 0079            	  8550: 	dc.w	$0079					* +
01:00084F2C E954            	  8551: 	dc.w	LAB_ADD-LAB_OPPT
01:00084F2E 0079            	  8552: 	dc.w	$0079					* -
01:00084F30 E940            	  8553: 	dc.w	LAB_SUBTRACT-LAB_OPPT
01:00084F32 007B            	  8554: 	dc.w	$007B					* *
01:00084F34 EAFE            	  8555: 	dc.w	LAB_MULTIPLY-LAB_OPPT
01:00084F36 007B            	  8556: 	dc.w	$007B					* /
01:00084F38 EB8A            	  8557: 	dc.w	LAB_DIVIDE-LAB_OPPT
01:00084F3A 007F            	  8558: 	dc.w	$007F					* ^
01:00084F3C EFF4            	  8559: 	dc.w	LAB_POWER-LAB_OPPT
01:00084F3E 0050            	  8560: 	dc.w	$0050					* AND
01:00084F40 DF8A            	  8561: 	dc.w	LAB_AND-LAB_OPPT
01:00084F42 0046            	  8562: 	dc.w	$0046					* EOR
01:00084F44 DF7A            	  8563: 	dc.w	LAB_EOR-LAB_OPPT
01:00084F46 0046            	  8564: 	dc.w	$0046					* OR
01:00084F48 DF82            	  8565: 	dc.w	LAB_OR-LAB_OPPT
01:00084F4A 0056            	  8566: 	dc.w	$0056					* >>
01:00084F4C E02E            	  8567: 	dc.w	LAB_RSHIFT-LAB_OPPT
01:00084F4E 0056            	  8568: 	dc.w	$0056					* <<
01:00084F50 E01E            	  8569: 	dc.w	LAB_LSHIFT-LAB_OPPT
01:00084F52 007D            	  8570: 	dc.w	$007D					* >
01:00084F54 F058            	  8571: 	dc.w	LAB_GTHAN-LAB_OPPT		* used to evaluate -n
01:00084F56 005A            	  8572: 	dc.w	$005A					* =
01:00084F58 DFA0            	  8573: 	dc.w	LAB_EQUAL-LAB_OPPT		* used to evaluate NOT
01:00084F5A 0064            	  8574: 	dc.w	$0064					* <
01:00084F5C DFAA            	  8575: 	dc.w	LAB_LTHAN-LAB_OPPT
                            	  8576: 
                            	  8577: 
                            	  8578: *************************************************************************************
                            	  8579: *
                            	  8580: * misc constants
                            	  8581: 
                            	  8582: * This table is used in converting numbers to ASCII.
                            	  8583: * first four entries for expansion to 9.25 digits
                            	  8584: 
                            	  8585: LAB_2A9A
01:00084F5E FFF0BDC0        	  8586: 	dc.l	$FFF0BDC0				* -1000000
01:00084F62 000186A0        	  8587: 	dc.l	$000186A0				* 100000
01:00084F66 FFFFD8F0        	  8588: 	dc.l	$FFFFD8F0				* -10000
01:00084F6A 000003E8        	  8589: 	dc.l	$000003E8				* 1000
01:00084F6E FFFFFF9C        	  8590: 	dc.l	$FFFFFF9C				* -100
01:00084F72 0000000A        	  8591: 	dc.l	$0000000A				* 10
01:00084F76 FFFFFFFF        	  8592: 	dc.l	$FFFFFFFF				* -1
                            	  8593: LAB_2A9B
                            	  8594: 
                            	  8595: 
                            	  8596: *************************************************************************************
                            	  8597: *
                            	  8598: * new keyword tables
                            	  8599: 
                            	  8600: * offsets to keyword tables
                            	  8601: 
                            	  8602: TAB_CHRT
01:00084F7A 0000            	  8603: 	dc.w	TAB_STAR-TAB_STAR			* "*"	$2A
01:00084F7C 0002            	  8604: 	dc.w	TAB_PLUS-TAB_STAR			* "+"	$2B
01:00084F7E FFFF            	  8605: 	dc.w	-1					* "," $2C no keywords
01:00084F80 0004            	  8606: 	dc.w	TAB_MNUS-TAB_STAR			* "-"	$2D
01:00084F82 FFFF            	  8607: 	dc.w	-1					* "." $2E no keywords
01:00084F84 0006            	  8608: 	dc.w	TAB_SLAS-TAB_STAR			* "/"	$2F
01:00084F86 FFFF            	  8609: 	dc.w	-1					* "0" $30 no keywords
01:00084F88 FFFF            	  8610: 	dc.w	-1					* "1" $31 no keywords
01:00084F8A FFFF            	  8611: 	dc.w	-1					* "2" $32 no keywords
01:00084F8C FFFF            	  8612: 	dc.w	-1					* "3" $33 no keywords
01:00084F8E FFFF            	  8613: 	dc.w	-1					* "4" $34 no keywords
01:00084F90 FFFF            	  8614: 	dc.w	-1					* "5" $35 no keywords
01:00084F92 FFFF            	  8615: 	dc.w	-1					* "6" $36 no keywords
01:00084F94 FFFF            	  8616: 	dc.w	-1					* "7" $37 no keywords
01:00084F96 FFFF            	  8617: 	dc.w	-1					* "8" $38 no keywords
01:00084F98 FFFF            	  8618: 	dc.w	-1					* "9" $39 no keywords
01:00084F9A FFFF            	  8619: 	dc.w	-1					* ";" $3A no keywords
01:00084F9C FFFF            	  8620: 	dc.w	-1					* ":" $3B no keywords
01:00084F9E 0008            	  8621: 	dc.w	TAB_LESS-TAB_STAR			* "<"	$3C
01:00084FA0 000C            	  8622: 	dc.w	TAB_EQUL-TAB_STAR			* "="	$3D
01:00084FA2 000E            	  8623: 	dc.w	TAB_MORE-TAB_STAR			* ">"	$3E
01:00084FA4 0012            	  8624: 	dc.w	TAB_QEST-TAB_STAR			* "?"	$3F
01:00084FA6 FFFF            	  8625: 	dc.w	-1					* "@" $40 no keywords
01:00084FA8 0014            	  8626: 	dc.w	TAB_ASCA-TAB_STAR			* "A"	$41
01:00084FAA 0024            	  8627: 	dc.w	TAB_ASCB-TAB_STAR			* "B"	$42
01:00084FAC 003D            	  8628: 	dc.w	TAB_ASCC-TAB_STAR			* "C"	$43
01:00084FAE 0054            	  8629: 	dc.w	TAB_ASCD-TAB_STAR			* "D"	$44
01:00084FB0 006D            	  8630: 	dc.w	TAB_ASCE-TAB_STAR			* "E"	$45
01:00084FB2 007C            	  8631: 	dc.w	TAB_ASCF-TAB_STAR			* "F"	$46
01:00084FB4 0086            	  8632: 	dc.w	TAB_ASCG-TAB_STAR			* "G"	$47
01:00084FB6 0093            	  8633: 	dc.w	TAB_ASCH-TAB_STAR			* "H"	$48
01:00084FB8 0099            	  8634: 	dc.w	TAB_ASCI-TAB_STAR			* "I"	$49
01:00084FBA FFFF            	  8635: 	dc.w	-1					* "J" $4A no keywords
01:00084FBC FFFF            	  8636: 	dc.w	-1					* "K" $4B no keywords
01:00084FBE 00A8            	  8637: 	dc.w	TAB_ASCL-TAB_STAR			* "L"	$4C
01:00084FC0 00D6            	  8638: 	dc.w	TAB_ASCM-TAB_STAR			* "M"	$4D
01:00084FC2 00E4            	  8639: 	dc.w	TAB_ASCN-TAB_STAR			* "N"	$4E
01:00084FC4 00F3            	  8640: 	dc.w	TAB_ASCO-TAB_STAR			* "O"	$4F
01:00084FC6 00F8            	  8641: 	dc.w	TAB_ASCP-TAB_STAR			* "P"	$50
01:00084FC8 FFFF            	  8642: 	dc.w	-1					* "Q" $51 no keywords
01:00084FCA 010D            	  8643: 	dc.w	TAB_ASCR-TAB_STAR			* "R"	$52
01:00084FCC 0137            	  8644: 	dc.w	TAB_ASCS-TAB_STAR			* "S"	$53
01:00084FCE 0162            	  8645: 	dc.w	TAB_ASCT-TAB_STAR			* "T"	$54
01:00084FD0 0176            	  8646: 	dc.w	TAB_ASCU-TAB_STAR			* "U"	$55
01:00084FD2 018E            	  8647: 	dc.w	TAB_ASCV-TAB_STAR			* "V"	$56
01:00084FD4 019A            	  8648: 	dc.w	TAB_ASCW-TAB_STAR			* "W"	$57
01:00084FD6 FFFF            	  8649: 	dc.w	-1					* "X" $58 no keywords
01:00084FD8 FFFF            	  8650: 	dc.w	-1					* "Y" $59 no keywords
01:00084FDA FFFF            	  8651: 	dc.w	-1					* "Z" $5A no keywords
01:00084FDC FFFF            	  8652: 	dc.w	-1					* "[" $5B no keywords
01:00084FDE FFFF            	  8653: 	dc.w	-1					* "\" $5C no keywords
01:00084FE0 FFFF            	  8654: 	dc.w	-1					* "]" $5D no keywords
01:00084FE2 01A9            	  8655: 	dc.w	TAB_POWR-TAB_STAR			* "^"	$5E
                            	  8656: 
                            	  8657: 
                            	  8658: *************************************************************************************
                            	  8659: *
                            	  8660: * Table of Basic keywords for LIST command
                            	  8661: * [byte]first character,[byte]remaining length -1
                            	  8662: * [word]offset from table start
                            	  8663: 
                            	  8664: LAB_KEYT
01:00084FE4 45              	  8665: 	dc.b	'E',1
01:00084FE5 01
01:00084FE6 0071            	  8666: 	dc.w	KEY_END-TAB_STAR			* END
01:00084FE8 46              	  8667: 	dc.b	'F',1
01:00084FE9 01
01:00084FEA 007C            	  8668: 	dc.w	KEY_FOR-TAB_STAR			* FOR
01:00084FEC 4E              	  8669: 	dc.b	'N',2
01:00084FED 02
01:00084FEE 00E7            	  8670: 	dc.w	KEY_NEXT-TAB_STAR			* NEXT
01:00084FF0 44              	  8671: 	dc.b	'D',2
01:00084FF1 02
01:00084FF2 0054            	  8672: 	dc.w	KEY_DATA-TAB_STAR			* DATA
01:00084FF4 49              	  8673: 	dc.b	'I',3
01:00084FF5 03
01:00084FF6 009E            	  8674: 	dc.w	KEY_INPUT-TAB_STAR		* INPUT
01:00084FF8 44              	  8675: 	dc.b	'D',1
01:00084FF9 01
01:00084FFA 0063            	  8676: 	dc.w	KEY_DIM-TAB_STAR			* DIM
01:00084FFC 52              	  8677: 	dc.b	'R',2
01:00084FFD 02
01:00084FFE 0114            	  8678: 	dc.w	KEY_READ-TAB_STAR			* READ
01:00085000 4C              	  8679: 	dc.b	'L',1
01:00085001 01
01:00085002 00BE            	  8680: 	dc.w	KEY_LET-TAB_STAR			* LET
01:00085004 44              	  8681: 	dc.b	'D',1
01:00085005 01
01:00085006 0058            	  8682: 	dc.w	KEY_DEC-TAB_STAR			* DEC
01:00085008 47              	  8683: 	dc.b	'G',2
01:00085009 02
01:0008500A 0089            	  8684: 	dc.w	KEY_GOTO-TAB_STAR			* GOTO
01:0008500C 52              	  8685: 	dc.b	'R',1
01:0008500D 01
01:0008500E 0133            	  8686: 	dc.w	KEY_RUN-TAB_STAR			* RUN
01:00085010 49              	  8687: 	dc.b	'I',0
01:00085011 00
01:00085012 0099            	  8688: 	dc.w	KEY_IF-TAB_STAR			* IF
01:00085014 52              	  8689: 	dc.b	'R',5
01:00085015 05
01:00085016 011B            	  8690: 	dc.w	KEY_RESTORE-TAB_STAR		* RESTORE
01:00085018 47              	  8691: 	dc.b	'G',3
01:00085019 03
01:0008501A 008D            	  8692: 	dc.w	KEY_GOSUB-TAB_STAR		* GOSUB
01:0008501C 52              	  8693: 	dc.b	'R',4
01:0008501D 04
01:0008501E 0122            	  8694: 	dc.w	KEY_RETURN-TAB_STAR		* RETURN
01:00085020 52              	  8695: 	dc.b	'R',1
01:00085021 01
01:00085022 0118            	  8696: 	dc.w	KEY_REM-TAB_STAR			* REM
01:00085024 53              	  8697: 	dc.b	'S',2
01:00085025 02
01:00085026 0154            	  8698: 	dc.w	KEY_STOP-TAB_STAR			* STOP
01:00085028 4F              	  8699: 	dc.b	'O',0
01:00085029 00
01:0008502A 00F3            	  8700: 	dc.w	KEY_ON-TAB_STAR			* ON
01:0008502C 4E              	  8701: 	dc.b	'N',2
01:0008502D 02
01:0008502E 00EE            	  8702: 	dc.w	KEY_NULL-TAB_STAR			* NULL
01:00085030 49              	  8703: 	dc.b	'I',1
01:00085031 01
01:00085032 009B            	  8704: 	dc.w	KEY_INC-TAB_STAR			* INC
01:00085034 57              	  8705: 	dc.b	'W',2
01:00085035 02
01:00085036 019A            	  8706: 	dc.w	KEY_WAIT-TAB_STAR			* WAIT
01:00085038 4C              	  8707: 	dc.b	'L',2
01:00085039 02
01:0008503A 00C5            	  8708: 	dc.w	KEY_LOAD-TAB_STAR			* LOAD
01:0008503C 53              	  8709: 	dc.b	'S',2
01:0008503D 02
01:0008503E 013C            	  8710: 	dc.w	KEY_SAVE-TAB_STAR			* SAVE
01:00085040 44              	  8711: 	dc.b	'D',1
01:00085041 01
01:00085042 0060            	  8712: 	dc.w	KEY_DEF-TAB_STAR			* DEF
01:00085044 50              	  8713: 	dc.b	'P',2
01:00085045 02
01:00085046 00FF            	  8714: 	dc.w	KEY_POKE-TAB_STAR			* POKE
01:00085048 44              	  8715: 	dc.b	'D',2
01:00085049 02
01:0008504A 0066            	  8716: 	dc.w	KEY_DOKE-TAB_STAR			* DOKE
01:0008504C 4C              	  8717: 	dc.b	'L',2
01:0008504D 02
01:0008504E 00CD            	  8718: 	dc.w	KEY_LOKE-TAB_STAR			* LOKE
01:00085050 43              	  8719: 	dc.b	'C',2
01:00085051 02
01:00085052 003D            	  8720: 	dc.w	KEY_CALL-TAB_STAR			* CALL
01:00085054 44              	  8721: 	dc.b	'D',0
01:00085055 00
01:00085056 006A            	  8722: 	dc.w	KEY_DO-TAB_STAR			* DO
01:00085058 4C              	  8723: 	dc.b	'L',2
01:00085059 02
01:0008505A 00D1            	  8724: 	dc.w	KEY_LOOP-TAB_STAR			* LOOP
01:0008505C 50              	  8725: 	dc.b	'P',3
01:0008505D 03
01:0008505E 0107            	  8726: 	dc.w	KEY_PRINT-TAB_STAR		* PRINT
01:00085060 43              	  8727: 	dc.b	'C',2
01:00085061 02
01:00085062 004B            	  8728: 	dc.w	KEY_CONT-TAB_STAR			* CONT
01:00085064 4C              	  8729: 	dc.b	'L',2
01:00085065 02
01:00085066 00C1            	  8730: 	dc.w	KEY_LIST-TAB_STAR			* LIST
01:00085068 43              	  8731: 	dc.b	'C',3
01:00085069 03
01:0008506A 0046            	  8732: 	dc.w	KEY_CLEAR-TAB_STAR		* CLEAR
01:0008506C 4E              	  8733: 	dc.b	'N',1
01:0008506D 01
01:0008506E 00E4            	  8734: 	dc.w	KEY_NEW-TAB_STAR			* NEW
01:00085070 57              	  8735: 	dc.b	'W',3
01:00085071 03
01:00085072 01A3            	  8736: 	dc.w	KEY_WIDTH-TAB_STAR		* WIDTH
01:00085074 47              	  8737: 	dc.b	'G',1
01:00085075 01
01:00085076 0086            	  8738: 	dc.w	KEY_GET-TAB_STAR			* GET
01:00085078 53              	  8739: 	dc.b	'S',2
01:00085079 02
01:0008507A 015D            	  8740: 	dc.w	KEY_SWAP-TAB_STAR			* SWAP
01:0008507C 42              	  8741: 	dc.b	'B',4
01:0008507D 04
01:0008507E 002F            	  8742: 	dc.w	KEY_BITSET-TAB_STAR		* BITSET
01:00085080 42              	  8743: 	dc.b	'B',4
01:00085081 04
01:00085082 0029            	  8744: 	dc.w	KEY_BITCLR-TAB_STAR		* BITCLR
01:00085084 54              	  8745: 	dc.b	'T',2
01:00085085 02
01:00085086 0162            	  8746: 	dc.w	KEY_TAB-TAB_STAR			* TAB(
01:00085088 45              	  8747: 	dc.b	'E',2
01:00085089 02
01:0008508A 006D            	  8748: 	dc.w	KEY_ELSE-TAB_STAR			* ELSE
01:0008508C 54              	  8749: 	dc.b	'T',0
01:0008508D 00
01:0008508E 016E            	  8750: 	dc.w	KEY_TO-TAB_STAR			* TO
01:00085090 46              	  8751: 	dc.b	'F',0
01:00085091 00
01:00085092 007F            	  8752: 	dc.w	KEY_FN-TAB_STAR			* FN
01:00085094 53              	  8753: 	dc.b	'S',2
01:00085095 02
01:00085096 0148            	  8754: 	dc.w	KEY_SPC-TAB_STAR			* SPC(
01:00085098 54              	  8755: 	dc.b	'T',2
01:00085099 02
01:0008509A 016A            	  8756: 	dc.w	KEY_THEN-TAB_STAR			* THEN
01:0008509C 4E              	  8757: 	dc.b	'N',1
01:0008509D 01
01:0008509E 00EB            	  8758: 	dc.w	KEY_NOT-TAB_STAR			* NOT
01:000850A0 53              	  8759: 	dc.b	'S',2
01:000850A1 02
01:000850A2 0150            	  8760: 	dc.w	KEY_STEP-TAB_STAR			* STEP
01:000850A4 55              	  8761: 	dc.b	'U',3
01:000850A5 03
01:000850A6 017D            	  8762: 	dc.w	KEY_UNTIL-TAB_STAR		* UNTIL
01:000850A8 57              	  8763: 	dc.b	'W',3
01:000850A9 03
01:000850AA 019E            	  8764: 	dc.w	KEY_WHILE-TAB_STAR		* WHILE
                            	  8765: 
01:000850AC 2B              	  8766: 	dc.b	'+',-1
01:000850AD FF
01:000850AE 0002            	  8767: 	dc.w	KEY_PLUS-TAB_STAR			* +
01:000850B0 2D              	  8768: 	dc.b	'-',-1
01:000850B1 FF
01:000850B2 0004            	  8769: 	dc.w	KEY_MINUS-TAB_STAR		* -
01:000850B4 2A              	  8770: 	dc.b	'*',-1
01:000850B5 FF
01:000850B6 0000            	  8771: 	dc.w	KEY_MULT-TAB_STAR			* *
01:000850B8 2F              	  8772: 	dc.b	'/',-1
01:000850B9 FF
01:000850BA 0006            	  8773: 	dc.w	KEY_DIV-TAB_STAR			* /
01:000850BC 5E              	  8774: 	dc.b	'^',-1
01:000850BD FF
01:000850BE 01A9            	  8775: 	dc.w	KEY_POWER-TAB_STAR		* ^
01:000850C0 41              	  8776: 	dc.b	'A',1
01:000850C1 01
01:000850C2 0018            	  8777: 	dc.w	KEY_AND-TAB_STAR			* AND
01:000850C4 45              	  8778: 	dc.b	'E',1
01:000850C5 01
01:000850C6 0074            	  8779: 	dc.w	KEY_EOR-TAB_STAR			* EOR
01:000850C8 4F              	  8780: 	dc.b	'O',0
01:000850C9 00
01:000850CA 00F5            	  8781: 	dc.w	KEY_OR-TAB_STAR			* OR
01:000850CC 3E              	  8782: 	dc.b	'>',0
01:000850CD 00
01:000850CE 000E            	  8783: 	dc.w	KEY_RSHIFT-TAB_STAR		* >>
01:000850D0 3C              	  8784: 	dc.b	'<',0
01:000850D1 00
01:000850D2 0008            	  8785: 	dc.w	KEY_LSHIFT-TAB_STAR		* <<
01:000850D4 3E              	  8786: 	dc.b	'>',-1
01:000850D5 FF
01:000850D6 0010            	  8787: 	dc.w	KEY_GT-TAB_STAR			* >
01:000850D8 3D              	  8788: 	dc.b	'=',-1
01:000850D9 FF
01:000850DA 000C            	  8789: 	dc.w	KEY_EQUAL-TAB_STAR		* =
01:000850DC 3C              	  8790: 	dc.b	'<',-1
01:000850DD FF
01:000850DE 000A            	  8791: 	dc.w	KEY_LT-TAB_STAR			* <
                            	  8792: 
01:000850E0 53              	  8793: 	dc.b	'S',2
01:000850E1 02
01:000850E2 0140            	  8794: 	dc.w	KEY_SGN-TAB_STAR			* SGN(
01:000850E4 49              	  8795: 	dc.b	'I',2
01:000850E5 02
01:000850E6 00A3            	  8796: 	dc.w	KEY_INT-TAB_STAR			* INT(
01:000850E8 41              	  8797: 	dc.b	'A',2
01:000850E9 02
01:000850EA 0014            	  8798: 	dc.w	KEY_ABS-TAB_STAR			* ABS(
01:000850EC 55              	  8799: 	dc.b	'U',2
01:000850ED 02
01:000850EE 0189            	  8800: 	dc.w	KEY_USR-TAB_STAR			* USR(
01:000850F0 46              	  8801: 	dc.b	'F',2
01:000850F1 02
01:000850F2 0081            	  8802: 	dc.w	KEY_FRE-TAB_STAR			* FRE(
01:000850F4 50              	  8803: 	dc.b	'P',2
01:000850F5 02
01:000850F6 0103            	  8804: 	dc.w	KEY_POS-TAB_STAR			* POS(
01:000850F8 53              	  8805: 	dc.b	'S',2
01:000850F9 02
01:000850FA 014C            	  8806: 	dc.w	KEY_SQR-TAB_STAR			* SQR(
01:000850FC 52              	  8807: 	dc.b	'R',2
01:000850FD 02
01:000850FE 012F            	  8808: 	dc.w	KEY_RND-TAB_STAR			* RND(
01:00085100 4C              	  8809: 	dc.b	'L',2
01:00085101 02
01:00085102 00C9            	  8810: 	dc.w	KEY_LOG-TAB_STAR			* LOG(
01:00085104 45              	  8811: 	dc.b	'E',2
01:00085105 02
01:00085106 0077            	  8812: 	dc.w	KEY_EXP-TAB_STAR			* EXP(
01:00085108 43              	  8813: 	dc.b	'C',2
01:00085109 02
01:0008510A 004F            	  8814: 	dc.w	KEY_COS-TAB_STAR			* COS(
01:0008510C 53              	  8815: 	dc.b	'S',2
01:0008510D 02
01:0008510E 0144            	  8816: 	dc.w	KEY_SIN-TAB_STAR			* SIN(
01:00085110 54              	  8817: 	dc.b	'T',2
01:00085111 02
01:00085112 0166            	  8818: 	dc.w	KEY_TAN-TAB_STAR			* TAN(
01:00085114 41              	  8819: 	dc.b	'A',2
01:00085115 02
01:00085116 001F            	  8820: 	dc.w	KEY_ATN-TAB_STAR			* ATN(
01:00085118 50              	  8821: 	dc.b	'P',3
01:00085119 03
01:0008511A 00F8            	  8822: 	dc.w	KEY_PEEK-TAB_STAR			* PEEK(
01:0008511C 44              	  8823: 	dc.b	'D',3
01:0008511D 03
01:0008511E 005B            	  8824: 	dc.w	KEY_DEEK-TAB_STAR			* DEEK(
01:00085120 4C              	  8825: 	dc.b	'L',3
01:00085121 03
01:00085122 00AF            	  8826: 	dc.w	KEY_LEEK-TAB_STAR			* LEEK(
01:00085124 4C              	  8827: 	dc.b	'L',2
01:00085125 02
01:00085126 00BA            	  8828: 	dc.w	KEY_LEN-TAB_STAR			* LEN(
01:00085128 53              	  8829: 	dc.b	'S',3
01:00085129 03
01:0008512A 0158            	  8830: 	dc.w	KEY_STRS-TAB_STAR			* STR$(
01:0008512C 56              	  8831: 	dc.b	'V',2
01:0008512D 02
01:0008512E 018E            	  8832: 	dc.w	KEY_VAL-TAB_STAR			* VAL(
01:00085130 41              	  8833: 	dc.b	'A',2
01:00085131 02
01:00085132 001B            	  8834: 	dc.w	KEY_ASC-TAB_STAR			* ASC(
01:00085134 55              	  8835: 	dc.b	'U',5
01:00085135 05
01:00085136 0176            	  8836: 	dc.w	KEY_UCASES-TAB_STAR		* UCASE$(
01:00085138 4C              	  8837: 	dc.b	'L',5
01:00085139 05
01:0008513A 00A8            	  8838: 	dc.w	KEY_LCASES-TAB_STAR		* LCASE$(
01:0008513C 43              	  8839: 	dc.b	'C',3
01:0008513D 03
01:0008513E 0041            	  8840: 	dc.w	KEY_CHRS-TAB_STAR			* CHR$(
01:00085140 48              	  8841: 	dc.b	'H',3
01:00085141 03
01:00085142 0093            	  8842: 	dc.w	KEY_HEXS-TAB_STAR			* HEX$(
01:00085144 42              	  8843: 	dc.b	'B',3
01:00085145 03
01:00085146 0024            	  8844: 	dc.w	KEY_BINS-TAB_STAR			* BIN$(
01:00085148 42              	  8845: 	dc.b	'B',5
01:00085149 05
01:0008514A 0035            	  8846: 	dc.w	KEY_BITTST-TAB_STAR		* BITTST(
01:0008514C 4D              	  8847: 	dc.b	'M',2
01:0008514D 02
01:0008514E 00D6            	  8848: 	dc.w	KEY_MAX-TAB_STAR			* MAX(
01:00085150 4D              	  8849: 	dc.b	'M',2
01:00085151 02
01:00085152 00DF            	  8850: 	dc.w	KEY_MIN-TAB_STAR			* MIN(
01:00085154 52              	  8851: 	dc.b	'R',5
01:00085155 05
01:00085156 010D            	  8852: 	dc.w	KEY_RAM-TAB_STAR			* RAMBASE
01:00085158 50              	  8853: 	dc.b	'P',0
01:00085159 00
01:0008515A 00FD            	  8854: 	dc.w	KEY_PI-TAB_STAR			* PI
01:0008515C 54              	  8855: 	dc.b	'T',3
01:0008515D 03
01:0008515E 0170            	  8856: 	dc.w	KEY_TWOPI-TAB_STAR		* TWOPI
01:00085160 56              	  8857: 	dc.b	'V',5
01:00085161 05
01:00085162 0192            	  8858: 	dc.w	KEY_VPTR-TAB_STAR			* VARPTR(
01:00085164 53              	  8859: 	dc.b	'S',3
01:00085165 03
01:00085166 0137            	  8860: 	dc.w	KEY_SADD-TAB_STAR			* SADD(
01:00085168 4C              	  8861: 	dc.b	'L',4
01:00085169 04
01:0008516A 00B4            	  8862: 	dc.w	KEY_LEFTS-TAB_STAR		* LEFT$(
01:0008516C 52              	  8863: 	dc.b	'R',5
01:0008516D 05
01:0008516E 0128            	  8864: 	dc.w	KEY_RIGHTS-TAB_STAR		* RIGHT$(
01:00085170 4D              	  8865: 	dc.b	'M',3
01:00085171 03
01:00085172 00DA            	  8866: 	dc.w	KEY_MIDS-TAB_STAR			* MID$(
01:00085174 55              	  8867: 	dc.b	'U',5
01:00085175 05
01:00085176 0182            	  8868: 	dc.w	KEY_USINGS-TAB_STAR		* USING$(
                            	  8869: 
                            	  8870: 
                            	  8871: *************************************************************************************
                            	  8872: *
                            	  8873: * BASIC error messages
                            	  8874: 
                            	  8875: LAB_BAER
01:00085178 0030            	  8876: 	dc.w	LAB_NF-LAB_BAER			* $00 NEXT without FOR
01:0008517A 0041            	  8877: 	dc.w	LAB_SN-LAB_BAER			* $02 syntax
01:0008517C 0048            	  8878: 	dc.w	LAB_RG-LAB_BAER			* $04 RETURN without GOSUB
01:0008517E 005D            	  8879: 	dc.w	LAB_OD-LAB_BAER			* $06 out of data
01:00085180 0069            	  8880: 	dc.w	LAB_FC-LAB_BAER			* $08 function call
01:00085182 0077            	  8881: 	dc.w	LAB_OV-LAB_BAER			* $0A overflow
01:00085184 0080            	  8882: 	dc.w	LAB_OM-LAB_BAER			* $0C out of memory
01:00085186 008E            	  8883: 	dc.w	LAB_US-LAB_BAER			* $0E undefined statement
01:00085188 00A2            	  8884: 	dc.w	LAB_BS-LAB_BAER			* $10 array bounds
01:0008518A 00AF            	  8885: 	dc.w	LAB_DD-LAB_BAER			* $12 double dimension array
01:0008518C 00C0            	  8886: 	dc.w	LAB_D0-LAB_BAER			* $14 divide by 0
01:0008518E 00CF            	  8887: 	dc.w	LAB_ID-LAB_BAER			* $16 illegal direct
01:00085190 00DE            	  8888: 	dc.w	LAB_TM-LAB_BAER			* $18 type mismatch
01:00085192 00EC            	  8889: 	dc.w	LAB_LS-LAB_BAER			* $1A long string
01:00085194 00FC            	  8890: 	dc.w	LAB_ST-LAB_BAER			* $1C string too complex
01:00085196 010F            	  8891: 	dc.w	LAB_CN-LAB_BAER			* $1E continue error
01:00085198 011E            	  8892: 	dc.w	LAB_UF-LAB_BAER			* $20 undefined function
01:0008519A 0131            	  8893: 	dc.w	LAB_LD-LAB_BAER			* $22 LOOP without DO
01:0008519C 0141            	  8894: 	dc.w	LAB_UV-LAB_BAER			* $24 undefined variable
01:0008519E 0154            	  8895: 	dc.w	LAB_UA-LAB_BAER			* $26 undimensioned array
01:000851A0 0168            	  8896: 	dc.w	LAB_WD-LAB_BAER			* $28 wrong dimensions
01:000851A2 0179            	  8897: 	dc.w	LAB_AD-LAB_BAER			* $2A address
01:000851A4 0181            	  8898: 	dc.w	LAB_FO-LAB_BAER			* $2C format
01:000851A6 0188            	  8899: 	dc.w	LAB_NI-LAB_BAER			* $2E not implemented
                            	  8900: 
01:000851A8 4E45585420776974	  8901: LAB_NF	dc.b	'NEXT without FOR',$00
01:000851B0 686F757420464F52
01:000851B8 00
01:000851B9 53796E746178    	  8902: LAB_SN	dc.b	'Syntax',$00
01:000851BF 00
01:000851C0 52455455524E2077	  8903: LAB_RG	dc.b	'RETURN without GOSUB',$00
01:000851C8 6974686F75742047
01:000851D0 4F535542
01:000851D4 00
01:000851D5 4F7574206F662044	  8904: LAB_OD	dc.b	'Out of DATA',$00
01:000851DD 415441
01:000851E0 00
01:000851E1 46756E6374696F6E	  8905: LAB_FC	dc.b	'Function call',$00
01:000851E9 2063616C6C
01:000851EE 00
01:000851EF 4F766572666C6F77	  8906: LAB_OV	dc.b	'Overflow',$00
01:000851F7 00
01:000851F8 4F7574206F66206D	  8907: LAB_OM	dc.b	'Out of memory',$00
01:00085200 656D6F7279
01:00085205 00
01:00085206 556E646566696E65	  8908: LAB_US	dc.b	'Undefined statement',$00
01:0008520E 642073746174656D
01:00085216 656E74
01:00085219 00
01:0008521A 417272617920626F	  8909: LAB_BS	dc.b	'Array bounds',$00
01:00085222 756E6473
01:00085226 00
01:00085227 446F75626C652064	  8910: LAB_DD	dc.b	'Double dimension',$00
01:0008522F 696D656E73696F6E
01:00085237 00
01:00085238 4469766964652062	  8911: LAB_D0	dc.b	'Divide by zero',$00
01:00085240 79207A65726F
01:00085246 00
01:00085247 496C6C6567616C20	  8912: LAB_ID	dc.b	'Illegal direct',$00
01:0008524F 646972656374
01:00085255 00
01:00085256 54797065206D6973	  8913: LAB_TM	dc.b	'Type mismatch',$00
01:0008525E 6D61746368
01:00085263 00
01:00085264 537472696E672074	  8914: LAB_LS	dc.b	'String too long',$00
01:0008526C 6F6F206C6F6E67
01:00085273 00
01:00085274 537472696E672074	  8915: LAB_ST	dc.b	'String too complex',$00
01:0008527C 6F6F20636F6D706C
01:00085284 6578
01:00085286 00
01:00085287 43616E277420636F	  8916: LAB_CN	dc.b	'Can''t continue',$00
01:0008528F 6E74696E7565
01:00085295 00
01:00085296 556E646566696E65	  8917: LAB_UF	dc.b	'Undefined function',$00
01:0008529E 642066756E637469
01:000852A6 6F6E
01:000852A8 00
01:000852A9 4C4F4F5020776974	  8918: LAB_LD	dc.b	'LOOP without DO',$00
01:000852B1 686F757420444F
01:000852B8 00
01:000852B9 556E646566696E65	  8919: LAB_UV	dc.b	'Undefined variable',$00
01:000852C1 6420766172696162
01:000852C9 6C65
01:000852CB 00
01:000852CC 556E64696D656E73	  8920: LAB_UA	dc.b	'Undimensioned array',$00
01:000852D4 696F6E6564206172
01:000852DC 726179
01:000852DF 00
01:000852E0 57726F6E67206469	  8921: LAB_WD	dc.b	'Wrong dimensions',$00
01:000852E8 6D656E73696F6E73
01:000852F0 00
01:000852F1 41646472657373  	  8922: LAB_AD	dc.b	'Address',$00
01:000852F8 00
01:000852F9 466F726D6174    	  8923: LAB_FO	dc.b	'Format',$00
01:000852FF 00
01:00085300 4E6F7420696D706C	  8924: LAB_NI  dc.b    'Not implemented',$00
01:00085308 656D656E746564
01:0008530F 00
                            	  8925: 
                            	  8926: 
                            	  8927: *************************************************************************************
                            	  8928: *
                            	  8929: * keyword table for line (un)crunching
                            	  8930: 
                            	  8931: * [keyword,token
                            	  8932: * [keyword,token]]
                            	  8933: * end marker (#$00)
                            	  8934: 
                            	  8935: TAB_STAR
                            	  8936: KEY_MULT
01:00085310 B4              	  8937: 	dc.b TK_MULT,$00				* *
01:00085311 00
                            	  8938: TAB_PLUS
                            	  8939: KEY_PLUS
01:00085312 B2              	  8940: 	dc.b TK_PLUS,$00				* +
01:00085313 00
                            	  8941: TAB_MNUS
                            	  8942: KEY_MINUS
01:00085314 B3              	  8943: 	dc.b TK_MINUS,$00				* -
01:00085315 00
                            	  8944: TAB_SLAS
                            	  8945: KEY_DIV
01:00085316 B5              	  8946: 	dc.b TK_DIV,$00				* /
01:00085317 00
                            	  8947: TAB_LESS
                            	  8948: KEY_LSHIFT
01:00085318 3C              	  8949: 	dc.b	'<',TK_LSHIFT			* <<
01:00085319 BB
                            	  8950: KEY_LT
01:0008531A BE              	  8951: 	dc.b TK_LT					* <
01:0008531B 00              	  8952: 	dc.b	$00
                            	  8953: TAB_EQUL
                            	  8954: KEY_EQUAL
01:0008531C BD              	  8955: 	dc.b TK_EQUAL,$00				* =
01:0008531D 00
                            	  8956: TAB_MORE
                            	  8957: KEY_RSHIFT
01:0008531E 3E              	  8958: 	dc.b	'>',TK_RSHIFT			* >>
01:0008531F BA
                            	  8959: KEY_GT
01:00085320 BC              	  8960: 	dc.b TK_GT					* >
01:00085321 00              	  8961: 	dc.b	$00
                            	  8962: TAB_QEST
01:00085322 9E              	  8963: 	dc.b TK_PRINT,$00				* ?
01:00085323 00
                            	  8964: TAB_ASCA
                            	  8965: KEY_ABS
01:00085324 425328          	  8966: 	dc.b	'BS(',TK_ABS			* ABS(
01:00085327 C1
                            	  8967: KEY_AND
01:00085328 4E44            	  8968: 	dc.b	'ND',TK_AND				* AND
01:0008532A B7
                            	  8969: KEY_ASC
01:0008532B 534328          	  8970: 	dc.b	'SC(',TK_ASC			* ASC(
01:0008532E D3
                            	  8971: KEY_ATN
01:0008532F 544E28          	  8972: 	dc.b	'TN(',TK_ATN			* ATN(
01:00085332 CC
01:00085333 00              	  8973: 	dc.b	$00
                            	  8974: TAB_ASCB
                            	  8975: KEY_BINS
01:00085334 494E2428        	  8976: 	dc.b	'IN$(',TK_BINS			* BIN$(
01:00085338 D8
                            	  8977: KEY_BITCLR
01:00085339 4954434C52      	  8978: 	dc.b	'ITCLR',TK_BITCLR			* BITCLR
01:0008533E A7
                            	  8979: KEY_BITSET
01:0008533F 4954534554      	  8980: 	dc.b	'ITSET',TK_BITSET			* BITSET
01:00085344 A6
                            	  8981: KEY_BITTST
01:00085345 495454535428    	  8982: 	dc.b	'ITTST(',TK_BITTST		* BITTST(
01:0008534B D9
01:0008534C 00              	  8983: 	dc.b	$00
                            	  8984: TAB_ASCC
                            	  8985: KEY_CALL
01:0008534D 414C4C          	  8986: 	dc.b	'ALL',TK_CALL			* CALL
01:00085350 9B
                            	  8987: KEY_CHRS
01:00085351 48522428        	  8988: 	dc.b	'HR$(',TK_CHRS			* CHR$(
01:00085355 D6
                            	  8989: KEY_CLEAR
01:00085356 4C454152        	  8990: 	dc.b	'LEAR',TK_CLEAR			* CLEAR
01:0008535A A1
                            	  8991: KEY_CONT
01:0008535B 4F4E54          	  8992: 	dc.b	'ONT',TK_CONT			* CONT
01:0008535E 9F
                            	  8993: KEY_COS
01:0008535F 4F5328          	  8994: 	dc.b	'OS(',TK_COS			* COS(
01:00085362 C9
01:00085363 00              	  8995: 	dc.b	$00
                            	  8996: TAB_ASCD
                            	  8997: KEY_DATA
01:00085364 415441          	  8998: 	dc.b	'ATA',TK_DATA			* DATA
01:00085367 83
                            	  8999: KEY_DEC
01:00085368 4543            	  9000: 	dc.b	'EC',TK_DEC				* DEC
01:0008536A 88
                            	  9001: KEY_DEEK
01:0008536B 45454B28        	  9002: 	dc.b	'EEK(',TK_DEEK			* DEEK(
01:0008536F CE
                            	  9003: KEY_DEF
01:00085370 4546            	  9004: 	dc.b	'EF',TK_DEF				* DEF
01:00085372 97
                            	  9005: KEY_DIM
01:00085373 494D            	  9006: 	dc.b	'IM',TK_DIM				* DIM
01:00085375 85
                            	  9007: KEY_DOKE
01:00085376 4F4B45          	  9008: 	dc.b	'OKE',TK_DOKE			* DOKE
01:00085379 99
                            	  9009: KEY_DO
01:0008537A 4F              	  9010: 	dc.b	'O',TK_DO				* DO
01:0008537B 9C
01:0008537C 00              	  9011: 	dc.b	$00
                            	  9012: TAB_ASCE
                            	  9013: KEY_ELSE
01:0008537D 4C5345          	  9014: 	dc.b	'LSE',TK_ELSE			* ELSE
01:00085380 A9
                            	  9015: KEY_END
01:00085381 4E44            	  9016: 	dc.b	'ND',TK_END				* END
01:00085383 80
                            	  9017: KEY_EOR
01:00085384 4F52            	  9018: 	dc.b	'OR',TK_EOR				* EOR
01:00085386 B8
                            	  9019: KEY_EXP
01:00085387 585028          	  9020: 	dc.b	'XP(',TK_EXP			* EXP(
01:0008538A C8
01:0008538B 00              	  9021: 	dc.b	$00
                            	  9022: TAB_ASCF
                            	  9023: KEY_FOR
01:0008538C 4F52            	  9024: 	dc.b	'OR',TK_FOR				* FOR
01:0008538E 81
                            	  9025: KEY_FN
01:0008538F 4E              	  9026: 	dc.b	'N',TK_FN				* FN
01:00085390 AB
                            	  9027: KEY_FRE
01:00085391 524528          	  9028: 	dc.b	'RE(',TK_FRE			* FRE(
01:00085394 C3
01:00085395 00              	  9029: 	dc.b	$00
                            	  9030: TAB_ASCG
                            	  9031: KEY_GET
01:00085396 4554            	  9032: 	dc.b	'ET',TK_GET				* GET
01:00085398 A4
                            	  9033: KEY_GOTO
01:00085399 4F544F          	  9034: 	dc.b	'OTO',TK_GOTO			* GOTO
01:0008539C 89
                            	  9035: KEY_GOSUB
01:0008539D 4F535542        	  9036: 	dc.b	'OSUB',TK_GOSUB			* GOSUB
01:000853A1 8D
01:000853A2 00              	  9037: 	dc.b	$00
                            	  9038: TAB_ASCH
                            	  9039: KEY_HEXS
01:000853A3 45582428        	  9040: 	dc.b	'EX$(',TK_HEXS,$00		* HEX$(
01:000853A7 D7
01:000853A8 00
                            	  9041: TAB_ASCI
                            	  9042: KEY_IF
01:000853A9 46              	  9043: 	dc.b	'F',TK_IF				* IF
01:000853AA 8B
                            	  9044: KEY_INC
01:000853AB 4E43            	  9045: 	dc.b	'NC',TK_INC				* INC
01:000853AD 93
                            	  9046: KEY_INPUT
01:000853AE 4E505554        	  9047: 	dc.b	'NPUT',TK_INPUT			* INPUT
01:000853B2 84
                            	  9048: KEY_INT
01:000853B3 4E5428          	  9049: 	dc.b	'NT(',TK_INT			* INT(
01:000853B6 C0
01:000853B7 00              	  9050: 	dc.b	$00
                            	  9051: TAB_ASCL
                            	  9052: KEY_LCASES
01:000853B8 434153452428    	  9053: 	dc.b	'CASE$(',TK_LCASES		* LCASE$(
01:000853BE D5
                            	  9054: KEY_LEEK
01:000853BF 45454B28        	  9055: 	dc.b	'EEK(',TK_LEEK			* LEEK(
01:000853C3 CF
                            	  9056: KEY_LEFTS
01:000853C4 4546542428      	  9057: 	dc.b	'EFT$(',TK_LEFTS			* LEFT$(
01:000853C9 E1
                            	  9058: KEY_LEN
01:000853CA 454E28          	  9059: 	dc.b	'EN(',TK_LEN			* LEN(
01:000853CD D0
                            	  9060: KEY_LET
01:000853CE 4554            	  9061: 	dc.b	'ET',TK_LET				* LET
01:000853D0 87
                            	  9062: KEY_LIST
01:000853D1 495354          	  9063: 	dc.b	'IST',TK_LIST			* LIST
01:000853D4 A0
                            	  9064: KEY_LOAD
01:000853D5 4F4144          	  9065: 	dc.b	'OAD',TK_LOAD			* LOAD
01:000853D8 95
                            	  9066: KEY_LOG
01:000853D9 4F4728          	  9067: 	dc.b	'OG(',TK_LOG			* LOG(
01:000853DC C7
                            	  9068: KEY_LOKE
01:000853DD 4F4B45          	  9069: 	dc.b	'OKE',TK_LOKE			* LOKE
01:000853E0 9A
                            	  9070: KEY_LOOP
01:000853E1 4F4F50          	  9071: 	dc.b	'OOP',TK_LOOP			* LOOP
01:000853E4 9D
01:000853E5 00              	  9072: 	dc.b	$00
                            	  9073: TAB_ASCM
                            	  9074: KEY_MAX
01:000853E6 415828          	  9075: 	dc.b	'AX(',TK_MAX			* MAX(
01:000853E9 DA
                            	  9076: KEY_MIDS
01:000853EA 49442428        	  9077: 	dc.b	'ID$(',TK_MIDS			* MID$(
01:000853EE E3
                            	  9078: KEY_MIN
01:000853EF 494E28          	  9079: 	dc.b	'IN(',TK_MIN			* MIN(
01:000853F2 DB
01:000853F3 00              	  9080: 	dc.b	$00
                            	  9081: TAB_ASCN
                            	  9082: KEY_NEW
01:000853F4 4557            	  9083: 	dc.b	'EW',TK_NEW				* NEW
01:000853F6 A2
                            	  9084: KEY_NEXT
01:000853F7 455854          	  9085: 	dc.b	'EXT',TK_NEXT			* NEXT
01:000853FA 82
                            	  9086: KEY_NOT
01:000853FB 4F54            	  9087: 	dc.b	'OT',TK_NOT				* NOT
01:000853FD AE
                            	  9088: KEY_NULL
01:000853FE 554C4C          	  9089: 	dc.b	'ULL',TK_NULL			* NULL
01:00085401 92
01:00085402 00              	  9090: 	dc.b	$00
                            	  9091: TAB_ASCO
                            	  9092: KEY_ON
01:00085403 4E              	  9093: 	dc.b	'N',TK_ON				* ON
01:00085404 91
                            	  9094: KEY_OR
01:00085405 52              	  9095: 	dc.b	'R',TK_OR				* OR
01:00085406 B9
01:00085407 00              	  9096: 	dc.b	$00
                            	  9097: TAB_ASCP
                            	  9098: KEY_PEEK
01:00085408 45454B28        	  9099: 	dc.b	'EEK(',TK_PEEK			* PEEK(
01:0008540C CD
                            	  9100: KEY_PI
01:0008540D 49              	  9101: 	dc.b	'I',TK_PI				* PI
01:0008540E DD
                            	  9102: KEY_POKE
01:0008540F 4F4B45          	  9103: 	dc.b	'OKE',TK_POKE			* POKE
01:00085412 98
                            	  9104: KEY_POS
01:00085413 4F5328          	  9105: 	dc.b	'OS(',TK_POS			* POS(
01:00085416 C4
                            	  9106: KEY_PRINT
01:00085417 52494E54        	  9107: 	dc.b	'RINT',TK_PRINT			* PRINT
01:0008541B 9E
01:0008541C 00              	  9108: 	dc.b	$00
                            	  9109: TAB_ASCR
                            	  9110: KEY_RAM
01:0008541D 414D42415345    	  9111: 	dc.b	'AMBASE',TK_RAM			* RAMBASE
01:00085423 DC
                            	  9112: KEY_READ
01:00085424 454144          	  9113: 	dc.b	'EAD',TK_READ			* READ
01:00085427 86
                            	  9114: KEY_REM
01:00085428 454D            	  9115: 	dc.b	'EM',TK_REM				* REM
01:0008542A 8F
                            	  9116: KEY_RESTORE
01:0008542B 4553544F5245    	  9117: 	dc.b	'ESTORE',TK_RESTORE		* RESTORE
01:00085431 8C
                            	  9118: KEY_RETURN
01:00085432 455455524E      	  9119: 	dc.b	'ETURN',TK_RETURN			* RETURN
01:00085437 8E
                            	  9120: KEY_RIGHTS
01:00085438 494748542428    	  9121: 	dc.b	'IGHT$(',TK_RIGHTS		* RIGHT$(
01:0008543E E2
                            	  9122: KEY_RND
01:0008543F 4E4428          	  9123: 	dc.b	'ND(',TK_RND			* RND(
01:00085442 C6
                            	  9124: KEY_RUN
01:00085443 554E            	  9125: 	dc.b	'UN',TK_RUN				* RUN
01:00085445 8A
01:00085446 00              	  9126: 	dc.b	$00
                            	  9127: TAB_ASCS
                            	  9128: KEY_SADD
01:00085447 41444428        	  9129: 	dc.b	'ADD(',TK_SADD			* SADD(
01:0008544B E0
                            	  9130: KEY_SAVE
01:0008544C 415645          	  9131: 	dc.b	'AVE',TK_SAVE			* SAVE
01:0008544F 96
                            	  9132: KEY_SGN
01:00085450 474E28          	  9133: 	dc.b	'GN(',TK_SGN			* SGN(
01:00085453 BF
                            	  9134: KEY_SIN
01:00085454 494E28          	  9135: 	dc.b	'IN(',TK_SIN			* SIN(
01:00085457 CA
                            	  9136: KEY_SPC
01:00085458 504328          	  9137: 	dc.b	'PC(',TK_SPC			* SPC(
01:0008545B AC
                            	  9138: KEY_SQR
01:0008545C 515228          	  9139: 	dc.b	'QR(',TK_SQR			* SQR(
01:0008545F C5
                            	  9140: KEY_STEP
01:00085460 544550          	  9141: 	dc.b	'TEP',TK_STEP			* STEP
01:00085463 AF
                            	  9142: KEY_STOP
01:00085464 544F50          	  9143: 	dc.b	'TOP',TK_STOP			* STOP
01:00085467 90
                            	  9144: KEY_STRS
01:00085468 54522428        	  9145: 	dc.b	'TR$(',TK_STRS			* STR$(
01:0008546C D1
                            	  9146: KEY_SWAP
01:0008546D 574150          	  9147: 	dc.b	'WAP',TK_SWAP			* SWAP
01:00085470 A5
01:00085471 00              	  9148: 	dc.b	$00
                            	  9149: TAB_ASCT
                            	  9150: KEY_TAB
01:00085472 414228          	  9151: 	dc.b	'AB(',TK_TAB			* TAB(
01:00085475 A8
                            	  9152: KEY_TAN
01:00085476 414E28          	  9153: 	dc.b	'AN(',TK_TAN			* TAN
01:00085479 CB
                            	  9154: KEY_THEN
01:0008547A 48454E          	  9155: 	dc.b	'HEN',TK_THEN			* THEN
01:0008547D AD
                            	  9156: KEY_TO
01:0008547E 4F              	  9157: 	dc.b	'O',TK_TO				* TO
01:0008547F AA
                            	  9158: KEY_TWOPI
01:00085480 574F5049        	  9159: 	dc.b	'WOPI',TK_TWOPI			* TWOPI
01:00085484 DE
01:00085485 00              	  9160: 	dc.b	$00
                            	  9161: TAB_ASCU
                            	  9162: KEY_UCASES
01:00085486 434153452428    	  9163: 	dc.b	'CASE$(',TK_UCASES		* UCASE$(
01:0008548C D4
                            	  9164: KEY_UNTIL
01:0008548D 4E54494C        	  9165: 	dc.b	'NTIL',TK_UNTIL			* UNTIL
01:00085491 B0
                            	  9166: KEY_USINGS
01:00085492 53494E472428    	  9167: 	dc.b	'SING$(',TK_USINGS		* USING$(
01:00085498 E4
                            	  9168: KEY_USR
01:00085499 535228          	  9169: 	dc.b	'SR(',TK_USR			* USR(
01:0008549C C2
01:0008549D 00              	  9170: 	dc.b	$00
                            	  9171: TAB_ASCV
                            	  9172: KEY_VAL
01:0008549E 414C28          	  9173: 	dc.b	'AL(',TK_VAL			* VAL(
01:000854A1 D2
                            	  9174: KEY_VPTR
01:000854A2 415250545228    	  9175: 	dc.b	'ARPTR(',TK_VPTR			* VARPTR(
01:000854A8 DF
01:000854A9 00              	  9176: 	dc.b	$00
                            	  9177: TAB_ASCW
                            	  9178: KEY_WAIT
01:000854AA 414954          	  9179: 	dc.b	'AIT',TK_WAIT			* WAIT
01:000854AD 94
                            	  9180: KEY_WHILE
01:000854AE 48494C45        	  9181: 	dc.b	'HILE',TK_WHILE			* WHILE
01:000854B2 B1
                            	  9182: KEY_WIDTH
01:000854B3 49445448        	  9183: 	dc.b	'IDTH',TK_WIDTH			* WIDTH
01:000854B7 A3
01:000854B8 00              	  9184: 	dc.b	$00
                            	  9185: TAB_POWR
                            	  9186: KEY_POWER
01:000854B9 B6              	  9187: 	dc.b	TK_POWER,$00			* ^
01:000854BA 00
                            	  9188: 
                            	  9189: 
                            	  9190: *************************************************************************************
                            	  9191: *
                            	  9192: * just messages
                            	  9193: 
                            	  9194: LAB_BMSG
01:000854BB 0D              	  9195: 	dc.b	$0D,$0A,'Break',$00
01:000854BC 0A
01:000854BD 427265616B
01:000854C2 00
                            	  9196: LAB_EMSG
01:000854C3 204572726F72    	  9197: 	dc.b	' Error',$00
01:000854C9 00
                            	  9198: LAB_LMSG
01:000854CA 20696E206C696E65	  9199: 	dc.b	' in line ',$00
01:000854D2 20
01:000854D3 00
                            	  9200: LAB_IMSG
01:000854D4 4578747261206967	  9201: 	dc.b	'Extra ignored',$0D,$0A,$00
01:000854DC 6E6F726564
01:000854E1 0D
01:000854E2 0A
01:000854E3 00
                            	  9202: LAB_REDO
01:000854E4 5265646F2066726F	  9203: 	dc.b	'Redo from start',$0D,$0A,$00
01:000854EC 6D207374617274
01:000854F3 0D
01:000854F4 0A
01:000854F5 00
                            	  9204: LAB_RMSG
01:000854F6 0D              	  9205: 	dc.b	$0D,$0A,'Ready',$0D,$0A,$00
01:000854F7 0A
01:000854F8 5265616479
01:000854FD 0D
01:000854FE 0A
01:000854FF 00
                            	  9206: LAB_SMSG
01:00085500 2042797465732066	  9207: 	dc.b	' Bytes free',$0D,$0A,$0A
01:00085508 726565
01:0008550B 0D
01:0008550C 0A
01:0008550D 0A
01:0008550E 456E68616E636564	  9208: 	dc.b	'Enhanced 68k BASIC Version 3.54',$0D,$0A,$00
01:00085516 2036386B20424153
01:0008551E 4943205665727369
01:00085526 6F6E20332E3534
01:0008552D 0D
01:0008552E 0A
01:0008552F 00
                            	  9209: 
                            	  9210: 
                            	  9211: *************************************************************************************
                            	  9212: * EhBASIC keywords quick reference list								*
                            	  9213: *************************************************************************************
                            	  9214: 
                            	  9215: * glossary
                            	  9216: 
                            	  9217: *		<.>		  required
                            	  9218: *		{.|.}		  one of required
                            	  9219: *		[.]		  optional
                            	  9220: *		...		  may repeat as last
                            	  9221: 
                            	  9222: *		any		= anything
                            	  9223: *		num		= number
                            	  9224: *		state		= statement
                            	  9225: *		n		= positive integer
                            	  9226: *		str		= string
                            	  9227: *		var		= variable
                            	  9228: *		nvar		= numeric variable
                            	  9229: *		svar		= string variable
                            	  9230: *		expr		= expression
                            	  9231: *		nexpr		= numeric expression
                            	  9232: *		sexpr		= string expression
                            	  9233: 
                            	  9234: * statement separator
                            	  9235: 
                            	  9236: * :		. [<state>] : [<state>]						* done
                            	  9237: 
                            	  9238: * number bases
                            	  9239: 
                            	  9240: * %		. %<binary num>							* done
                            	  9241: * $		. $<hex num>							* done
                            	  9242: 
                            	  9243: * commands
                            	  9244: 
                            	  9245: * END		. END									* done
                            	  9246: * FOR		. FOR <nvar>=<nexpr> TO <nexpr> [STEP <nexpr>]		* done
                            	  9247: * NEXT	. NEXT [<nvar>[,<nvar>]...]					* done
                            	  9248: * DATA	. DATA [{num|["]str["]}[,{num|["]str["]}]...]		* done
                            	  9249: * INPUT	. INPUT [<">str<">;] <var>[,<var>[,<var>]...]		* done
                            	  9250: * DIM		. DIM <var>(<nexpr>[,<nexpr>[,<nexpr>]])			* done
                            	  9251: * READ	. READ <var>[,<var>[,<var>]...]				* done
                            	  9252: * LET		. [LET] <var>=<expr>						* done
                            	  9253: * DEC		. DEC <nvar>[,<nvar>[,<nvar>]...]				* done
                            	  9254: * GOTO	. GOTO <n>								* done
                            	  9255: * RUN		. RUN [<n>]								* done
                            	  9256: * IF		. IF <expr>{GOTO<n>|THEN<{n|comm}>}[ELSE <{n|comm}>]	* done
                            	  9257: * RESTORE	. RESTORE [<n>]							* done
                            	  9258: * GOSUB	. GOSUB <n>								* done
                            	  9259: * RETURN	. RETURN								* done
                            	  9260: * REM		. REM [<any>]							* done
                            	  9261: * STOP	. STOP								* done
                            	  9262: * ON		. ON <nexpr>{GOTO|GOSUB}<n>[,<n>[,<n>]...]		* done
                            	  9263: * NULL	. NULL <nexpr>							* done
                            	  9264: * INC		. INC <nvar>[,<nvar>[,<nvar>]...]				* done
                            	  9265: * WAIT	. WAIT <nexpr>,<nexpr>[,<nexpr>]				* done
                            	  9266: * LOAD	. LOAD [<sexpr>]							* done for sim
                            	  9267: * SAVE	. SAVE [<sexpr>][,[<n>][-<n>]]				* done for sim
                            	  9268: * DEF		. DEF FN<var>(<var>)=<expr>					* done
                            	  9269: * POKE	. POKE <nexpr>,<nexpr>						* done
                            	  9270: * DOKE	. DOKE <nexpr>,<nexpr>						* done
                            	  9271: * LOKE	. LOKE <nexpr>,<nexpr>						* done
                            	  9272: * CALL	. CALL <nexpr>							* done
                            	  9273: * DO		. DO									* done
                            	  9274: * LOOP	. LOOP [{WHILE|UNTIL}<nexpr>]					* done
                            	  9275: * PRINT	. PRINT [{;|,}][<expr>][{;|,}[<expr>]...]			* done
                            	  9276: * CONT	. CONT								* done
                            	  9277: * LIST	. LIST [<n>][-<n>]						* done
                            	  9278: * CLEAR	. CLEAR								* done
                            	  9279: * NEW		. NEW									* done
                            	  9280: * WIDTH	. WIDTH [<n>][,<n>]						* done
                            	  9281: * GET		. GET <var>								* done
                            	  9282: * SWAP	. SWAP <var>,<var>						* done
                            	  9283: * BITSET	. BITSET <nexpr>,<nexpr>					* done
                            	  9284: * BITCLR	. BITCLR <nexpr>,<nexpr>					* done
                            	  9285: 
                            	  9286: * sub commands (may not start a statement)
                            	  9287: 
                            	  9288: * TAB		. TAB(<nexpr>)							* done
                            	  9289: * ELSE	. IF <expr>{GOTO<n>|THEN<{n|comm}>}[ELSE <{n|comm}>]	* done
                            	  9290: * TO		. FOR <nvar>=<nexpr> TO <nexpr> [STEP <nexpr>]		* done
                            	  9291: * FN		. FN <var>(<expr>)						* done
                            	  9292: * SPC		. SPC(<nexpr>)							* done
                            	  9293: * THEN	. IF <nexpr> {THEN <{n|comm}>|GOTO <n>}			* done
                            	  9294: * NOT		. NOT <nexpr>							* done
                            	  9295: * STEP	. FOR <nvar>=<nexpr> TO <nexpr> [STEP <nexpr>]		* done
                            	  9296: * UNTIL	. LOOP [{WHILE|UNTIL}<nexpr>]					* done
                            	  9297: * WHILE	. LOOP [{WHILE|UNTIL}<nexpr>]					* done
                            	  9298: 
                            	  9299: * operators
                            	  9300: 
                            	  9301: * +		. [expr] + <expr>							* done
                            	  9302: * -		. [nexpr] - <nexpr>						* done
                            	  9303: * *		. <nexpr> * <nexpr>						* done fast hardware
                            	  9304: * /		. <nexpr> / <nexpr>						* done fast hardware
                            	  9305: * ^		. <nexpr> ^ <nexpr>						* done
                            	  9306: * AND		. <nexpr> AND <nexpr>						* done
                            	  9307: * EOR		. <nexpr> EOR <nexpr>						* done
                            	  9308: * OR		. <nexpr> OR <nexpr>						* done
                            	  9309: * >>		. <nexpr> >> <nexpr>						* done
                            	  9310: * <<		. <nexpr> << <nexpr>						* done
                            	  9311: 
                            	  9312: * compare functions
                            	  9313: 
                            	  9314: * <		. <expr> < <expr>							* done
                            	  9315: * =		. <expr> = <expr>							* done
                            	  9316: * >		. <expr> > <expr>							* done
                            	  9317: 
                            	  9318: * functions
                            	  9319: 
                            	  9320: * SGN		. SGN(<nexpr>)							* done
                            	  9321: * INT		. INT(<nexpr>)							* done
                            	  9322: * ABS		. ABS(<nexpr>)							* done
                            	  9323: * USR		. USR(<expr>)							* done
                            	  9324: * FRE		. FRE(<expr>)							* done
                            	  9325: * POS		. POS(<expr>)							* done
                            	  9326: * SQR		. SQR(<nexpr>)							* done fast shift/sub
                            	  9327: * RND		. RND(<nexpr>)							* done 32 bit PRNG
                            	  9328: * LOG		. LOG(<nexpr>)							* done fast cordic
                            	  9329: * EXP		. EXP(<nexpr>)							* done fast cordic
                            	  9330: * COS		. COS(<nexpr>)							* done fast cordic
                            	  9331: * SIN		. SIN(<nexpr>)							* done fast cordic
                            	  9332: * TAN		. TAN(<nexpr>)							* done fast cordic
                            	  9333: * ATN		. ATN(<nexpr>)							* done fast cordic
                            	  9334: * PEEK	. PEEK(<nexpr>)							* done
                            	  9335: * DEEK	. DEEK(<nexpr>)							* done
                            	  9336: * LEEK	. LEEK(<nexpr>)							* done
                            	  9337: * LEN		. LEN(<sexpr>)							* done
                            	  9338: * STR$	. STR$(<nexpr>)							* done
                            	  9339: * VAL		. VAL(<sexpr>)							* done
                            	  9340: * ASC		. ASC(<sexpr>)							* done
                            	  9341: * UCASE$	. UCASE$(<sexpr>)							* done
                            	  9342: * LCASE$	. LCASE$(<sexpr>)							* done
                            	  9343: * CHR$	. CHR$(<nexpr>)							* done
                            	  9344: * HEX$	. HEX$(<nexpr>)							* done
                            	  9345: * BIN$	. BIN$(<nexpr>)							* done
                            	  9346: * BTST	. BTST(<nexpr>,<nexpr>)						* done
                            	  9347: * MAX		. MAX(<nexpr>[,<nexpr>[,<nexpr>]...])			* done
                            	  9348: * MIN		. MIN(<nexpr>[,<nexpr>[,<nexpr>]...])			* done
                            	  9349: * PI		. PI									* done
                            	  9350: * TWOPI	. TWOPI								* done
                            	  9351: * VARPTR	. VARPTR(<var>)							* done
                            	  9352: * SADD	. SADD(<svar>)							* done
                            	  9353: * LEFT$	. LEFT$(<sexpr>,<nexpr>)					* done
                            	  9354: * RIGHT$	. RIGHT$(<sexpr>,<nexpr>)					* done
                            	  9355: * MID$	. MID$(<sexpr>,<nexpr>[,<nexpr>])				* done
                            	  9356: * USING$	. USING$(<sexpr>,<nexpr>[,<nexpr>]...])			* done
                            	  9357: 
                            	  9358: 
                            	  9359: *************************************************************************************
                            	  9360: 
                            	  9361: 	END	code_start
                            	  9362: 
                            	  9363: *************************************************************************************
                            	  9364: 


Symbols by name:
AC1gtAC2                         A:00083AEC
Asptl                            A:00081EF0
Asrch                            A:00081F22
Astrtl                           A:00081EF4
BHsend                           A:00081F1E
Bin2dec                          A:00084AC4
BinPr                            A:000846A0
Binss                            A:00081EFE
Blinel                           A:00081456
Breakf                           A:00081F24
Cflag                            A:00081F29
Clinel                           A:00081452
Cpntrl                           A:0008145A
Cvaral                           A:0008146E
Decss                            A:00081F0E
Defdim                           A:00081EFC
Dimcnt                           A:00081F23
Dlinel                           A:0008145E
DoCmp                            A:000826EE
DoRest                           A:000826DA
Dptrl                            A:00081462
Dtypef                           E:00081EFD
Earryl                           A:00081442
Ememl                            A:0008144A
EndBHS                           A:0008467A
FAC1_e                           A:00081EDC
FAC1_m                           A:00081ED8
FAC1_s                           E:00081EDD
FAC2_e                           A:00081EE4
FAC2_m                           A:00081EE0
FAC2_s                           E:00081EE5
FAC_sc                           E:00081EE6
FLASH_SUPPORT                    E:00000000
Gclctd                           A:00081F26
GetFirst                         A:00082EBC
GetPair                          A:00082F78
GoPr                             A:000846AE
Hexss                            A:00081F16
INGET                            A:00084706
Ibuffe                           A:00081ED8
Ibuffs                           A:00081DD8
Iclim                            A:00081F2F
Imode                            A:00081F28
Itemp                            A:0008142A
KEY_ABS                          A:00085324
KEY_AND                          A:00085328
KEY_ASC                          A:0008532B
KEY_ATN                          A:0008532F
KEY_BINS                         A:00085334
KEY_BITCLR                       A:00085339
KEY_BITSET                       A:0008533F
KEY_BITTST                       A:00085345
KEY_CALL                         A:0008534D
KEY_CHRS                         A:00085351
KEY_CLEAR                        A:00085356
KEY_CONT                         A:0008535B
KEY_COS                          A:0008535F
KEY_DATA                         A:00085364
KEY_DEC                          A:00085368
KEY_DEEK                         A:0008536B
KEY_DEF                          A:00085370
KEY_DIM                          A:00085373
KEY_DIV                          A:00085316
KEY_DO                           A:0008537A
KEY_DOKE                         A:00085376
KEY_ELSE                         A:0008537D
KEY_END                          A:00085381
KEY_EOR                          A:00085384
KEY_EQUAL                        A:0008531C
KEY_EXP                          A:00085387
KEY_FN                           A:0008538F
KEY_FOR                          A:0008538C
KEY_FRE                          A:00085391
KEY_GET                          A:00085396
KEY_GOSUB                        A:0008539D
KEY_GOTO                         A:00085399
KEY_GT                           A:00085320
KEY_HEXS                         A:000853A3
KEY_IF                           A:000853A9
KEY_INC                          A:000853AB
KEY_INPUT                        A:000853AE
KEY_INT                          A:000853B3
KEY_LCASES                       A:000853B8
KEY_LEEK                         A:000853BF
KEY_LEFTS                        A:000853C4
KEY_LEN                          A:000853CA
KEY_LET                          A:000853CE
KEY_LIST                         A:000853D1
KEY_LOAD                         A:000853D5
KEY_LOG                          A:000853D9
KEY_LOKE                         A:000853DD
KEY_LOOP                         A:000853E1
KEY_LSHIFT                       A:00085318
KEY_LT                           A:0008531A
KEY_MAX                          A:000853E6
KEY_MIDS                         A:000853EA
KEY_MIN                          A:000853EF
KEY_MINUS                        A:00085314
KEY_MULT                         A:00085310
KEY_NEW                          A:000853F4
KEY_NEXT                         A:000853F7
KEY_NOT                          A:000853FB
KEY_NULL                         A:000853FE
KEY_ON                           A:00085403
KEY_OR                           A:00085405
KEY_PEEK                         A:00085408
KEY_PI                           A:0008540D
KEY_PLUS                         A:00085312
KEY_POKE                         A:0008540F
KEY_POS                          A:00085413
KEY_POWER                        A:000854B9
KEY_PRINT                        A:00085417
KEY_RAM                          A:0008541D
KEY_READ                         A:00085424
KEY_REM                          A:00085428
KEY_RESTORE                      A:0008542B
KEY_RETURN                       A:00085432
KEY_RIGHTS                       A:00085438
KEY_RND                          A:0008543F
KEY_RSHIFT                       A:0008531E
KEY_RUN                          A:00085443
KEY_SADD                         A:00085447
KEY_SAVE                         A:0008544C
KEY_SGN                          A:00085450
KEY_SIN                          A:00085454
KEY_SPC                          A:00085458
KEY_SQR                          A:0008545C
KEY_STEP                         A:00085460
KEY_STOP                         A:00085464
KEY_STRS                         A:00085468
KEY_SWAP                         A:0008546D
KEY_TAB                          A:00085472
KEY_TAN                          A:00085476
KEY_THEN                         A:0008547A
KEY_TO                           A:0008547E
KEY_TWOPI                        A:00085480
KEY_UCASES                       A:00085486
KEY_UNTIL                        A:0008548D
KEY_USINGS                       A:00085492
KEY_USR                          A:00085499
KEY_VAL                          A:0008549E
KEY_VPTR                         A:000854A2
KEY_WAIT                         A:000854AA
KEY_WHILE                        A:000854AE
KEY_WIDTH                        A:000854B3
KFCTSEED                         E:26A3D110
LAB_11A5                         A:00082B8E
LAB_11A6                         A:00082B90
LAB_11BD                         A:00082B9C
LAB_1269                         A:00082172
LAB_1274                         A:00082180
LAB_127D                         A:00082188
LAB_127E                         A:0008219A
LAB_1295                         A:000821AE
LAB_12AE                         A:000821D0
LAB_12B0                         A:000821D2
LAB_12E6                         A:000821F2
LAB_12FF                         A:00082224
LAB_1301                         A:00082226
LAB_1303                         A:00082248
LAB_1325                         A:00082260
LAB_132E                         A:00082250
LAB_1330                         A:00082252
LAB_134B                         A:0008226E
LAB_1357                         A:0008228C
LAB_1359                         A:00082296
LAB_1374                         A:000822B6
LAB_1378                         A:000822BC
LAB_137F                         A:000822C8
LAB_138E                         A:000822CE
LAB_1392                         A:000822D2
LAB_13A6                         A:00082306
LAB_13AC                         A:0008230E
LAB_13C6                         A:00082338
LAB_13CC                         A:0008233E
LAB_13D6                         A:00082360
LAB_13D8                         A:00082366
LAB_13EA                         A:00082372
LAB_13EC                         A:00082374
LAB_13FF                         A:0008238C
LAB_1401                         A:00082390
LAB_1408                         A:0008239C
LAB_1410                         A:000823A8
LAB_1417                         A:000823B2
LAB_141B                         A:000823B4
LAB_141F                         A:000823C4
LAB_142A                         A:000823CA
LAB_142C                         A:000823D6
LAB_145E                         A:000823F0
LAB_145F                         A:000823E2
LAB_1463                         A:000823F8
LAB_1477                         A:00082404
LAB_147A                         A:0008240A
LAB_1480                         A:00082424
LAB_1491                         A:0008242E
LAB_14BD                         A:0008245E
LAB_14C0                         A:00082462
LAB_14D4                         A:00082482
LAB_14E2                         A:0008249E
LAB_150C                         A:000824AC
LAB_1519                         A:000824BA
LAB_152E                         A:000824C6
LAB_1540                         A:000824F2
LAB_15B3                         A:00082552
LAB_15C2                         A:0008257C
LAB_15D1                         A:00082588
LAB_15DC                         A:00082564
LAB_15F6                         A:00082576
LAB_15FF                         A:00082596
LAB_1602                         A:0008259A
LAB_1624                         A:00082622
LAB_1629                         A:000825BE
LAB_1636                         A:000825C2
LAB_1639                         A:000825C8
LAB_163B                         A:000825D4
LAB_1647                         A:000825E4
LAB_164F                         A:000825EA
LAB_16B0                         A:00082682
LAB_16D0                         A:000826A6
LAB_1723                         A:00082740
LAB_1725                         A:00082744
LAB_172C                         A:00082730
LAB_172D                         A:00082738
LAB_174B                         A:0008276C
LAB_174E                         A:00082790
LAB_1750                         A:00082798
LAB_1752                         A:000827A4
LAB_1754                         A:000827BC
LAB_1756                         A:000827A8
LAB_176C                         A:000827DA
LAB_1773                         A:000827E4
LAB_1785                         A:00082800
LAB_1786                         A:0008282C
LAB_17B7                         A:00082842
LAB_17B8                         A:0008283E
LAB_17D5                         A:000828BC
LAB_17D6                         A:000828C0
LAB_1810                         A:000828D2
LAB_1811                         A:000828E2
LAB_1813                         A:000828E8
LAB_1829                         A:00082920
LAB_182C                         A:00082924
LAB_1831                         A:0008292A
LAB_185E                         A:0008296A
LAB_1866                         A:0008296E
LAB_1880                         A:00082A30
LAB_1886                         A:00082A3A
LAB_188A                         A:00082A3E
LAB_188B                         A:0008297C
LAB_1898                         A:0008298A
LAB_18A2                         A:00082994
LAB_18B7                         A:000829B6
LAB_18B8                         A:000829C2
LAB_18BD                         A:000829C8
LAB_18C3                         A:000829D2
LAB_18C6                         A:000829D6
LAB_18CD                         A:000829E0
LAB_18E3                         A:000829EA
LAB_18F0                         A:00082A0A
LAB_18F7                         A:00082A18
LAB_18F9                         A:00082A1C
LAB_1904                         A:00082A42
LAB_1913                         A:00082A54
LAB_1934                         A:00082A7A
LAB_1953                         A:00082A8E
LAB_195B                         A:00082A96
LAB_1961                         A:00082AA0
LAB_1984                         A:00082AC0
LAB_1985                         A:00082AC4
LAB_1986                         A:00082AC8
LAB_1999                         A:00082ADC
LAB_19B0                         A:00082AEE
LAB_19B6                         A:00082AFE
LAB_19C2                         A:00082B0E
LAB_19DD                         A:00082B22
LAB_19F6                         A:00082B42
LAB_1A03                         A:00082B50
LAB_1A0E                         A:00082B60
LAB_1A1B                         A:00082B66
LAB_1A46                         A:00082B80
LAB_1A90                         A:00082BFE
LAB_1A9B                         A:00082C0C
LAB_1ABA                         A:00082C36
LAB_1ACD                         A:00082C62
LAB_1ADB                         A:00082C6E
LAB_1ADE                         A:00082C72
LAB_1AE0                         A:00082C88
LAB_1AFA                         A:00082CA2
LAB_1B0B                         A:00082CB8
LAB_1B13                         A:00082CC0
LAB_1B1C                         A:00082CD0
LAB_1B1D                         A:00082CD2
LAB_1B2A                         A:00082CE4
LAB_1B3C                         A:00082D00
LAB_1B43                         A:00082C46
LAB_1B78                         A:00082D0C
LAB_1B7B                         A:00082D10
LAB_1B7D                         A:00082D12
LAB_1B84                         A:00082D1C
LAB_1B86                         A:00082D20
LAB_1B9D                         A:00082D44
LAB_1BC1                         A:00082D74
LAB_1BD0                         A:00082DE0
LAB_1BE7                         A:00082DFA
LAB_1BF3                         A:00082D80
LAB_1BF7                         A:00082D86
LAB_1BFB                         A:00082D8A
LAB_1C01                         A:00082D92
LAB_1C11                         A:00082DBA
LAB_1C13                         A:00082DC0
LAB_1C18                         A:00082DC6
LAB_1C19                         A:00082DCA
LAB_1C1A                         A:00082DDA
LAB_1C2A                         A:00082E38
LAB_1CAE                         A:00082EE0
LAB_1CB5                         A:00082EFE
LAB_1CD4                         A:00082F08
LAB_1CD5                         A:00082F0E
LAB_1CD6                         A:00082F10
LAB_1CDB                         A:00082F20
LAB_1CE6                         A:00082F12
LAB_1CF2                         A:00082F22
LAB_1CFE                         A:00082F38
LAB_1D10                         A:00082FB0
LAB_1D12                         A:00082FB4
LAB_1D2D                         A:00082FCA
LAB_1D2E                         A:00082FD6
LAB_1D44                         A:00082FF2
LAB_1D45                         A:00083002
LAB_1D48                         A:0008301A
LAB_1D49                         A:00083022
LAB_1D4A                         A:00083026
LAB_1D4B                         A:0008303A
LAB_1D5D                         A:00083042
LAB_1D5E                         A:00083048
LAB_1D83                         A:00082FA0
LAB_1D8A                         A:00082F9A
LAB_1D94                         A:0008305C
LAB_1D96                         A:00084DBA
LAB_1D98                         A:00083066
LAB_1DAC                         A:00083080
LAB_1DAE                         A:00083082
LAB_1DAF                         A:0008308E
LAB_1DB0                         A:0008309C
LAB_1DB1                         A:000830A0
LAB_1DB2                         A:000830A4
LAB_1DD7                         A:000830BC
LAB_1DE6                         A:000830D6
LAB_1E17                         A:00083118
LAB_1E1F                         A:0008311E
LAB_1E5C                         A:00083158
LAB_1E8D                         A:00083174
LAB_1EA1                         A:00083190
LAB_1EC0                         A:000831B8
LAB_1ED6                         A:000831E4
LAB_1ED8                         A:000831F2
LAB_1EDF                         A:000831AC
LAB_1F07                         A:00083204
LAB_1F28                         A:0008321E
LAB_1F2C                         A:00083224
LAB_1F5A                         A:00083232
LAB_1F6A                         A:0008325A
LAB_1F6B                         A:00083266
LAB_1F7C                         A:0008326C
LAB_1FB4                         A:0008329A
LAB_1FD0                         A:000832C6
LAB_201E                         A:00083320
LAB_2043                         A:0008336E
LAB_2044                         A:000833A0
LAB_2045                         A:000833AA
LAB_204S                         A:00083370
LAB_204T                         A:0008339E
LAB_20AE                         A:000833BC
LAB_20B4                         A:000833C0
LAB_20BE                         A:000833C6
LAB_20C9                         A:000833EA
LAB_20CB                         A:000833D6
LAB_20D0                         A:000833DE
LAB_20D8                         A:000833F4
LAB_20E0                         A:000833FC
LAB_2115                         A:0008341C
LAB_2117                         A:00083434
LAB_2128                         A:0008344E
LAB_2137                         A:00083452
LAB_214B                         A:00083472
LAB_2161                         A:00083486
LAB_2176                         A:0008348C
LAB_217E                         A:00083498
LAB_2183                         A:000834B2
LAB_218B                         A:000834BA
LAB_218F                         A:000834BC
LAB_21C2                         A:000834C8
LAB_21C4                         A:000834CC
LAB_21D1                         A:00083500
LAB_2206                         A:00083506
LAB_2212                         A:0008352E
LAB_2216                         A:000834F0
LAB_2240                         A:000834F8
LAB_224D                         A:00083534
LAB_224E                         A:0008354A
LAB_229E                         A:0008358E
LAB_22A0                         A:0008359A
LAB_22B6                         A:000835A8
LAB_22BA                         A:000835AC
LAB_22BD                         A:000835B6
LAB_22E6                         A:000835D0
LAB_2316                         A:00083610
LAB_2317                         A:00083612
LAB_231C                         A:00083616
LAB_2358                         A:0008364A
LAB_2368                         A:0008366A
LAB_2441                         A:0008385C
LAB_2445                         A:00083860
LAB_2467                         A:000838B4
LAB_2468                         A:000838B8
LAB_249C                         A:000838A6
LAB_24A8                         A:000838BC
LAB_24B4                         A:000838EA
LAB_24D0                         A:000838F6
LAB_24D5                         A:00083900
LAB_24D6                         A:0008391A
LAB_24D7                         A:00083928
LAB_24D8                         A:0008392E
LAB_24D9                         A:0008390E
LAB_24DA                         A:00083934
LAB_24F7                         A:000838D6
LAB_24F8                         A:000838DC
LAB_2778                         A:00083B9C
LAB_277C                         A:00083B9E
LAB_279B                         A:00083BC2
LAB_27BA                         A:00083BD0
LAB_27C3                         A:00083BEC
LAB_27C4                         A:00083BF6
LAB_27CA                         A:00083BFC
LAB_27CE                         A:00083C04
LAB_27D0                         A:00083C08
LAB_27DB                         A:00083C16
LAB_27F0                         A:00083EE2
LAB_27F1                         A:00083EF8
LAB_27F2                         A:00083EFE
LAB_27F3                         A:00083F00
LAB_27FA                         A:00083C2E
LAB_2828                         A:00083C4E
LAB_282E                         A:00083C54
LAB_282F                         A:00083C56
LAB_2831                         A:00083C5A
LAB_284G                         A:00083C7C
LAB_284H                         A:00083C8E
LAB_284J                         A:00083C90
LAB_284L                         A:00083C84
LAB_2887                         A:000848B2
LAB_289A                         A:000848DC
LAB_289C                         A:000848E2
LAB_289D                         A:000848E8
LAB_28FD                         A:00084904
LAB_28FE                         A:0008490A
LAB_28FF                         A:00084910
LAB_2900                         A:0008491E
LAB_2901                         A:00084924
LAB_2902                         A:00084976
LAB_2903                         A:0008497E
LAB_2904                         A:00084980
LAB_2953                         A:00083CB0
LAB_295E                         A:00083CBC
LAB_2967                         A:00083CCC
LAB_2968                         A:00083CD4
LAB_2969                         A:00083CE6
LAB_296A                         A:00083CF0
LAB_2970                         A:00083D0A
LAB_2978                         A:00083D1E
LAB_2989                         A:00083D2E
LAB_299C                         A:00083D82
LAB_29A7                         A:00083DAE
LAB_29B7                         A:00083DC6
LAB_29B9                         A:00083D5A
LAB_29C0                         A:00083DD4
LAB_29C3                         A:00083DEC
LAB_29D9                         A:00083E06
LAB_29E4                         A:00083E18
LAB_29F7                         A:00083E2C
LAB_29FB                         A:00083E30
LAB_29FD                         A:00083E38
LAB_2A18                         A:00083E48
LAB_2A1A                         A:00083E4A
LAB_2A21                         A:00083E52
LAB_2A3B                         A:00083E72
LAB_2A4B                         A:00083E80
LAB_2A58                         A:00083E94
LAB_2A68                         A:00083EAC
LAB_2A74                         A:00083EB8
LAB_2A89                         A:00083ED4
LAB_2A8C                         A:00083ED8
LAB_2A91                         A:00083EDE
LAB_2A9A                         A:00084F5E
LAB_2A9B                         A:00084F7A
LAB_2X01                         A:0008493C
LAB_2X02                         A:00084944
LAB_2X03                         A:00084952
LAB_2X04                         A:00084958
LAB_2X05                         A:0008496E
LAB_2Y01                         A:0008498E
LAB_2Y02                         A:00084996
LAB_2Y03                         A:000849A2
LAB_2Y04                         A:000849A8
LAB_3216                         A:00083B36
LAB_32_16                        A:00083B34
LAB_ABER                         A:00082134
LAB_ABS                          A:00083C26
LAB_AD                           A:000852F1
LAB_ADD                          A:0008387E
LAB_ADER                         A:00082100
LAB_AND                          A:00082EB4
LAB_ASC                          A:000836F4
LAB_ATCD                         A:0008427E
LAB_ATGO                         A:0008423C
LAB_ATLE                         A:0008425A
LAB_ATN                          A:0008421E
LAB_ATNP                         A:00084278
LAB_AYFC                         A:000832A6
LAB_BAER                         A:00085178
LAB_BHCB                         A:00082E9A
LAB_BHSS                         A:00082E74
LAB_BINS                         A:00084658
LAB_BITCLR                       A:000842E0
LAB_BITSET                       A:000842D0
LAB_BMSG                         A:000854BB
LAB_BS                           A:0008521A
LAB_BTST                         A:000842F0
LAB_CALL                         A:0008383C
LAB_CASC                         A:00082F8A
LAB_CATN                         A:00084284
LAB_CAUC                         A:00082F90
LAB_CBIN                         A:00084A62
LAB_CBX1                         A:00084A7C
LAB_CBXN                         A:00084A6A
LAB_CCER                         A:00082118
LAB_CHEX                         A:00084A00
LAB_CHRS                         A:000835DA
LAB_CHX1                         A:00084A26
LAB_CHX2                         A:00084A4A
LAB_CHX3                         A:00084A42
LAB_CHXX                         A:00084A08
LAB_CKRN                         A:000832CE
LAB_CKTM                         A:00082C28
LAB_CLEAR                        A:00082446
LAB_CN                           A:00085287
LAB_COLD                         A:00082034
LAB_CONT                         A:00082634
LAB_CORD                         A:000841B6
LAB_COS                          A:00084146
LAB_CRLF                         A:00082974
LAB_CTBL                         A:00084E42
LAB_CTNM                         A:00082C26
LAB_D0                           A:00085238
LAB_D002                         A:000845BC
LAB_D00A                         A:000845CC
LAB_D00E                         A:000845DC
LAB_DATA                         A:00082722
LAB_DD                           A:00085227
LAB_DDER                         A:00082130
LAB_DEC                          A:00082832
LAB_DECI                         A:00082890
LAB_DEEK                         A:000837BA
LAB_DEF                          A:000832D8
LAB_DIM                          A:00082F3C
LAB_DIV0                         A:00083B2E
LAB_DIVIDE                       A:00083AB4
LAB_DIVX                         A:00083B04
LAB_DO                           A:00082666
LAB_DOKE                         A:000837E4
LAB_DZER                         A:0008212C
LAB_DupFmt                       A:000845A4
LAB_EMSG                         A:000854C3
LAB_END                          A:000825CA
LAB_EOR                          A:00082EA4
LAB_EQUAL                        A:00082ECA
LAB_ESML                         A:00084058
LAB_EVBY                         A:0008370C
LAB_EVEX                         A:00082C3C
LAB_EVEZ                         A:00082C3E
LAB_EVIN                         A:000830E2
LAB_EVIR                         A:000830F2
LAB_EVNM                         A:00082C24
LAB_EVPI                         A:000830EA
LAB_EX1                          A:00083F90
LAB_EXAD                         A:000840E2
LAB_EXCC                         A:000840C8
LAB_EXCM                         A:00083FFA
LAB_EXNN                         A:000840B4
LAB_EXOF                         A:00083FB4
LAB_EXOL                         A:00083FCA
LAB_EXOU                         A:00083FA0
LAB_EXP                          A:00083FD4
LAB_EXPL                         A:000840AE
LAB_EXPS                         A:0008400C
LAB_EXRN                         A:000840BA
LAB_FB95                         A:00084716
LAB_FBA0                         A:000846FA
LAB_FC                           A:000851E1
LAB_FCER                         A:00082144
LAB_FO                           A:000852F9
LAB_FOER                         A:000820FC
LAB_FOR                          A:000824FE
LAB_FRE                          A:00083290
LAB_FTBL                         A:00084EDE
LAB_FTPP                         A:00084E92
LAB_FVAR                         A:00082FA8
LAB_GADB                         A:0008375E
LAB_GADW                         A:00083772
LAB_GARB                         A:00083468
LAB_GBYT                         A:00082D9E
LAB_GEAD                         A:00083792
LAB_GET                          A:000828EE
LAB_GETS                         A:00082908
LAB_GFPN                         A:000827F4
LAB_GOSUB                        A:00082678
LAB_GOTO                         A:0008268A
LAB_GOTs                         A:0008269A
LAB_GSCH                         A:0008261A
LAB_GTBY                         A:00083708
LAB_GTHAN                        A:00083F82
LAB_GTWO                         A:0008371C
LAB_GVAL                         A:00082D4A
LAB_GVAR                         A:00082FAA
LAB_HEXS                         A:000846B2
LAB_ID                           A:00085247
LAB_IDER                         A:00082128
LAB_IF                           A:0008274A
LAB_IGBY                         A:00082D9C
LAB_IMSG                         A:000854D4
LAB_INC                          A:00082838
LAB_INCI                         A:00082886
LAB_INCT                         A:00082878
LAB_INLN                         A:00082282
LAB_INPUT                        A:00082A62
LAB_INT                          A:00083C96
LAB_IRTS                         A:00083CAE
LAB_ISHN                         A:00084A22
LAB_KEYT                         A:00084FE4
LAB_LAAD                         A:000839AE
LAB_LCASE                        A:00083672
LAB_LD                           A:000852A9
LAB_LDER                         A:00082110
LAB_LEEK                         A:000837D0
LAB_LEFT                         A:000835EA
LAB_LENS                         A:000836EC
LAB_LET                          A:00082894
LAB_LIST                         A:0008244A
LAB_LMSG                         A:000854CA
LAB_LOAD                         A:00083834
LAB_LOCC                         A:000839B4
LAB_LOCX                         A:000839D0
LAB_LOG                          A:00083936
LAB_LOKE                         A:000837EA
LAB_LOLP                         A:000839BE
LAB_LONE                         A:000839EC
LAB_LONN                         A:000839D4
LAB_LOOP                         A:000826B8
LAB_LOWZ                         A:00083A26
LAB_LOXO                         A:000839F2
LAB_LOXP                         A:000839E2
LAB_LRMS                         A:00082E52
LAB_LS                           A:00085264
LAB_LSHIFT                       A:00082F48
LAB_LTHAN                        A:00082ED4
LAB_LTPF                         A:000841C4
LAB_LTPT                         A:000841D0
LAB_LT_1                         A:00083B42
LAB_MADD                         A:00083A54
LAB_MAN1                         A:00083B28
LAB_MAX                          A:00084722
LAB_MAXN                         A:0008472E
LAB_MIDS                         A:0008362E
LAB_MIN                          A:00084738
LAB_MINN                         A:00084744
LAB_MKCHR                        A:000835DE
LAB_MMEC                         A:0008474E
LAB_MNOC                         A:00083A4E
LAB_MUEX                         A:00083AA2
LAB_MUF1                         A:00083A7E
LAB_MUF2                         A:00083A88
LAB_MUF3                         A:00083A9E
LAB_MULTIPLY                     A:00083A28
LAB_MUUF                         A:00083AA8
LAB_NB1T                         A:00083B7A
LAB_NEW                          A:000823F6
LAB_NEXT                         A:00082B6E
LAB_NF                           A:000851A8
LAB_NFER                         A:00082154
LAB_NI                           A:00085300
LAB_NSTT                         A:000847B2
LAB_NULL                         A:0008262A
LAB_NoSt                         A:0008291A
LAB_OD                           A:000851D5
LAB_ODER                         A:00082148
LAB_OFER                         A:00082140
LAB_OM                           A:000851F8
LAB_OMER                         A:0008213C
LAB_ON                           A:000827C0
LAB_OPPT                         A:00084F2A
LAB_OR                           A:00082EAC
LAB_OV                           A:000851EF
LAB_P004                         A:000845FA
LAB_P008                         A:00084610
LAB_P00C                         A:00084618
LAB_P00E                         A:00084624
LAB_P010                         A:00084628
LAB_P018                         A:00084642
LAB_P01A                         A:00084646
LAB_P01E                         A:0008464E
LAB_PEEK                         A:000837A8
LAB_PFAC                         A:00083B84
LAB_PHFA                         A:0008475C
LAB_PI                           A:00084892
LAB_POKE                         A:000837B4
LAB_POON                         A:00083F02
LAB_POS                          A:000832C2
LAB_POWER                        A:00083F1E
LAB_POWP                         A:00083F50
LAB_POZE                         A:00083F12
LAB_PPBI                         A:00082E48
LAB_PPFN                         A:00082E3A
LAB_PPFS                         A:00082E2C
LAB_PRINT                        A:00082928
LAB_PRNA                         A:000829EC
LAB_P_10                         A:00084BD4
LAB_ProcFo                       A:000845E2
LAB_RAM                          A:00084884
LAB_READ                         A:00082A88
LAB_REDO                         A:000854E4
LAB_REM                          A:000827B8
LAB_REMM                         A:00083B5A
LAB_RESTORE                      A:000825FC
LAB_RESs                         A:0008260E
LAB_RETURN                       A:0008270E
LAB_RG                           A:000851C0
LAB_RGER                         A:0008214C
LAB_RIGHT                        A:000835FE
LAB_RMSG                         A:000854F6
LAB_RND                          A:000840EE
LAB_RSED                         A:00084AEC
LAB_RSHIFT                       A:00082F58
LAB_RTST                         A:00083402
LAB_RUN                          A:00082652
LAB_RUNn                         A:00082660
LAB_SADD                         A:000836D4
LAB_SAVE                         A:00083838
LAB_SCCA                         A:00082D94
LAB_SCER                         A:0008211C
LAB_SCGB                         A:00082D8E
LAB_SCL0                         A:000841AC
LAB_SCLN                         A:000823E4
LAB_SCZE                         A:0008419E
LAB_SET1                         A:00083B0C
LAB_SGBY                         A:00083704
LAB_SGN                          A:00083C14
LAB_SIN                          A:0008415E
LAB_SLER                         A:00082120
LAB_SMSG                         A:00085500
LAB_SN                           A:000851B9
LAB_SNBS                         A:00082728
LAB_SNER                         A:00082150
LAB_SQE1                         A:00084836
LAB_SQE2                         A:0008483C
LAB_SQNA                         A:00084864
LAB_SQNS                         A:0008484E
LAB_SQR                          A:00084812
LAB_SSLN                         A:000823DC
LAB_ST                           A:00085274
LAB_STOP                         A:000825D2
LAB_STRS                         A:000833B8
LAB_SUBTRACT                     A:0008386A
LAB_SVAR                         A:00082FA6
LAB_SVTB                         A:000847E4
LAB_SWAP                         A:000837FE
LAB_TAN                          A:00084124
LAB_TBSZ                         A:000847C4
LAB_TM                           A:00085256
LAB_TMER                         A:00082124
LAB_TWOPI                        A:000848A2
LAB_U002                         A:00084348
LAB_U004                         A:0008439E
LAB_U005                         A:000843B2
LAB_U006                         A:000843B4
LAB_U008                         A:000843C8
LAB_U009                         A:000843EA
LAB_U00A                         A:000843F2
LAB_U00B                         A:000843FC
LAB_U00C                         A:00084410
LAB_U00D                         A:00084414
LAB_U00E                         A:00084426
LAB_U00F                         A:00084432
LAB_U010                         A:00084436
LAB_U014                         A:0008443C
LAB_U018                         A:00084444
LAB_U01C                         A:0008445A
LAB_U020                         A:00084466
LAB_U022                         A:0008446C
LAB_U026                         A:0008447C
LAB_U02A                         A:00084486
LAB_U02B                         A:0008449E
LAB_U02C                         A:000844A4
LAB_U02E                         A:000844B6
LAB_U030                         A:000844BA
LAB_U034                         A:000844D0
LAB_U036                         A:000844D6
LAB_U038                         A:000844DE
LAB_U03C                         A:000844E6
LAB_U03E                         A:000844EC
LAB_U040                         A:00084504
LAB_U044                         A:00084514
LAB_U046                         A:0008453C
LAB_U048                         A:0008453E
LAB_U04A                         A:00084548
LAB_U04C                         A:0008457A
LAB_UA                           A:000852CC
LAB_UCASE                        A:000836A2
LAB_UDER                         A:00082108
LAB_UF                           A:00085296
LAB_UFAC                         A:00083B68
LAB_UFER                         A:00082114
LAB_US                           A:00085206
LAB_USER                         A:00082138
LAB_USINGS                       A:0008431E
LAB_USR                          A:0008382C
LAB_UV                           A:000852B9
LAB_UVER                         A:0008210C
LAB_VAL                          A:00083730
LAB_VALZ                         A:00083758
LAB_VARCALL                      A:00084876
LAB_VARPTR                       A:00084874
LAB_WAIT                         A:00083846
LAB_WARM                         A:00081400
LAB_WD                           A:000852E0
LAB_WDER                         A:00082104
LAB_WDLP                         A:000847F8
LAB_WDTH                         A:00084792
LAB_XDIV                         A:00083B1C
LAB_XERR                         A:00082156
LAB_XGADW                        A:0008378C
LAB_exxf                         A:00084A50
LAB_ret0                         A:000849EE
LAB_rtn0                         A:000849F0
LAB_sizok                        A:00082044
LC_loop                          A:00083688
L_DDIV                           A:00083B62
L_DIVRND                         A:00083B10
LoopAlways                       A:000826F4
LoopDone                         A:00082708
Lvarpl                           A:00081472
NextB1                           A:0008466C
NextB2                           A:00084692
NextH1                           A:000846C6
NextPRN                          A:00084100
Ninc0                            A:00084108
Ninc1                            A:0008410E
NoLcase                          A:000836CA
NoShift                          A:00082F54
NoString                         A:000836D0
NoUcase                          A:0008369A
Not2Big                          A:00082F6C
Nullct                           A:00081F2C
Oquote                           A:00081F25
PRNlword                         A:00081EE8
RTS_001                          A:00082DB8
RTS_005                          A:00082444
RTS_006                          A:00082628
RTS_007                          A:00082726
RTS_007a                         A:0008273C
RTS_008                          A:000828EC
RTS_009                          A:000829E8
RTS_011                          A:0008326A
RTS_012                          A:00083532
RTS_013                          A:000835A6
RTS_015                          A:000837FC
RTS_016                          A:000838DA
RTS_017                          A:00083BFA
RTS_020                          A:00083F8E
RTS_021                          A:000842CE
RTS_022                          A:00084704
RTS_023                          A:00084810
RTS_024                          A:00084A60
RTS_025                          A:00084AC2
RXNOTREADY                       A:00082012
Rdptrl                           A:00081466
Sarryl                           A:0008143E
Sfncl                            A:00081432
Smeml                            A:0008142E
Sstorl                           A:00081446
Sstrl                            A:0008143A
Sufnxf                           A:00081F27
Sutill                           A:0008144E
Svarl                            A:00081436
TAB_ASCA                         A:00085324
TAB_ASCB                         A:00085334
TAB_ASCC                         A:0008534D
TAB_ASCD                         A:00085364
TAB_ASCE                         A:0008537D
TAB_ASCF                         A:0008538C
TAB_ASCG                         A:00085396
TAB_ASCH                         A:000853A3
TAB_ASCI                         A:000853A9
TAB_ASCL                         A:000853B8
TAB_ASCM                         A:000853E6
TAB_ASCN                         A:000853F4
TAB_ASCO                         A:00085403
TAB_ASCP                         A:00085408
TAB_ASCR                         A:0008541D
TAB_ASCS                         A:00085447
TAB_ASCT                         A:00085472
TAB_ASCU                         A:00085486
TAB_ASCV                         A:0008549E
TAB_ASCW                         A:000854AA
TAB_ATNC                         A:00084D42
TAB_CHRT                         A:00084F7A
TAB_EQUL                         A:0008531C
TAB_HTHET                        A:00084DC2
TAB_LESS                         A:00085318
TAB_MNUS                         A:00085314
TAB_MORE                         A:0008531E
TAB_PLUS                         A:00085312
TAB_POWR                         A:000854B9
TAB_QEST                         A:00085322
TAB_SLAS                         A:00085316
TAB_SNCO                         A:00084CC2
TAB_STAR                         A:00085310
TK_ABS                           E:000000C1
TK_AND                           E:000000B7
TK_ASC                           E:000000D3
TK_ATN                           E:000000CC
TK_BINS                          E:000000D8
TK_BITCLR                        E:000000A7
TK_BITSET                        E:000000A6
TK_BITTST                        E:000000D9
TK_CALL                          E:0000009B
TK_CHRS                          E:000000D6
TK_CLEAR                         E:000000A1
TK_CONT                          E:0000009F
TK_COS                           E:000000C9
TK_DATA                          E:00000083
TK_DEC                           E:00000088
TK_DEEK                          E:000000CE
TK_DEF                           E:00000097
TK_DIM                           E:00000085
TK_DIV                           E:000000B5
TK_DO                            E:0000009C
TK_DOKE                          E:00000099
TK_ELSE                          E:000000A9
TK_END                           E:00000080
TK_EOR                           E:000000B8
TK_EQUAL                         E:000000BD
TK_EXP                           E:000000C8
TK_FN                            E:000000AB
TK_FOR                           E:00000081
TK_FRE                           E:000000C3
TK_GET                           E:000000A4
TK_GOSUB                         E:0000008D
TK_GOTO                          E:00000089
TK_GT                            E:000000BC
TK_HEXS                          E:000000D7
TK_IF                            E:0000008B
TK_INC                           E:00000093
TK_INPUT                         E:00000084
TK_INT                           E:000000C0
TK_LCASES                        E:000000D5
TK_LEEK                          E:000000CF
TK_LEFTS                         E:000000E1
TK_LEN                           E:000000D0
TK_LET                           E:00000087
TK_LIST                          E:000000A0
TK_LOAD                          E:00000095
TK_LOG                           E:000000C7
TK_LOKE                          E:0000009A
TK_LOOP                          E:0000009D
TK_LSHIFT                        E:000000BB
TK_LT                            E:000000BE
TK_MAX                           E:000000DA
TK_MIDS                          E:000000E3
TK_MIN                           E:000000DB
TK_MINUS                         E:000000B3
TK_MULT                          E:000000B4
TK_NEW                           E:000000A2
TK_NEXT                          E:00000082
TK_NOT                           E:000000AE
TK_NULL                          E:00000092
TK_ON                            E:00000091
TK_OR                            E:000000B9
TK_PEEK                          E:000000CD
TK_PI                            E:000000DD
TK_PLUS                          E:000000B2
TK_POKE                          E:00000098
TK_POS                           E:000000C4
TK_POWER                         E:000000B6
TK_PRINT                         E:0000009E
TK_RAM                           E:000000DC
TK_READ                          E:00000086
TK_REM                           E:0000008F
TK_RESTORE                       E:0000008C
TK_RETURN                        E:0000008E
TK_RIGHTS                        E:000000E2
TK_RND                           E:000000C6
TK_RSHIFT                        E:000000BA
TK_RUN                           E:0000008A
TK_SADD                          E:000000E0
TK_SAVE                          E:00000096
TK_SGN                           E:000000BF
TK_SIN                           E:000000CA
TK_SPC                           E:000000AC
TK_SQR                           E:000000C5
TK_STEP                          E:000000AF
TK_STOP                          E:00000090
TK_STRS                          E:000000D1
TK_SWAP                          E:000000A5
TK_TAB                           E:000000A8
TK_TAN                           E:000000CB
TK_THEN                          E:000000AD
TK_TO                            E:000000AA
TK_TWOPI                         E:000000DE
TK_UCASES                        E:000000D4
TK_UNTIL                         E:000000B0
TK_USINGS                        E:000000E4
TK_USR                           E:000000C2
TK_VAL                           E:000000D2
TK_VPTR                          E:000000DF
TK_WAIT                          E:00000094
TK_WHILE                         E:000000B1
TK_WIDTH                         E:000000A3
TPos                             A:00081F2D
TWidth                           A:00081F2E
TabSiz                           A:00081F2A
TooBig                           A:00082F72
UART_ReadChar                    E:00000408
UART_WriteChar                   E:00000404
UC_loop                          A:000836B8
Usdss                            A:00081F14
Usrjmp                           A:00081406
Usrjpv                           A:00081408
VEC_CC                           A:000846E0
VEC_IN                           A:00082008
VEC_LD                           A:0008201C
VEC_OUT                          A:00082002
VEC_SV                           A:00082022
V_CTLC                           A:00081424
V_CTLCv                          A:00081426
V_INPT                           A:0008140C
V_INPTv                          A:0008140E
V_LOAD                           A:00081418
V_LOADv                          A:0008141A
V_OUTP                           A:00081412
V_OUTPv                          A:00081414
V_SAVE                           A:0008141E
V_SAVEv                          A:00081420
Varname                          A:0008146A
WExit                            A:000847E8
Wrmjpv                           A:00081402
ccbyte                           A:00081F31
ccflag                           A:00081F30
ccnull                           A:00081F32
code_start                       A:00082028
comp_f                           A:00081F2B
cosout                           E:00081EFC
d1x02                            A:00084A9E
d1x10                            A:00084AB4
d1x16                            A:00084A90
des_sk                           A:00081DD6
des_sk_e                         A:00081476
expcnt                           E:00081EF5
expneg                           E:00081EF7
fend                             E:00000008
flag                             E:00081EE7
fsd                              E:00000000
fsdc                             E:0000000A
fsdpi                            E:00000008
fsli                             E:00000006
fsti                             E:00000004
func_l                           A:00081EF8
mainloop                         A:000841E8
nexta                            A:000841FA
nobrk                            E:00000000
novar                            E:00000000
numexp                           E:00081EF4
ofchr                            E:00000023
outloop                          A:00084208
prg_strt                         A:00081F34
prstk                            A:00081F20
ram_addr                         E:00086000
ram_base                         A:00081400
ram_size                         E:00008000
ram_strt                         A:00081000
subexit                          A:00084212
subloop                          A:000841E0
tpower                           A:00081F21
ut1_pl                           A:00081EEC

Symbols by value:
00000000 FLASH_SUPPORT
00000000 fsd
00000000 nobrk
00000000 novar
00000004 fsti
00000006 fsli
00000008 fend
00000008 fsdpi
0000000A fsdc
00000023 ofchr
00000080 TK_END
00000081 TK_FOR
00000082 TK_NEXT
00000083 TK_DATA
00000084 TK_INPUT
00000085 TK_DIM
00000086 TK_READ
00000087 TK_LET
00000088 TK_DEC
00000089 TK_GOTO
0000008A TK_RUN
0000008B TK_IF
0000008C TK_RESTORE
0000008D TK_GOSUB
0000008E TK_RETURN
0000008F TK_REM
00000090 TK_STOP
00000091 TK_ON
00000092 TK_NULL
00000093 TK_INC
00000094 TK_WAIT
00000095 TK_LOAD
00000096 TK_SAVE
00000097 TK_DEF
00000098 TK_POKE
00000099 TK_DOKE
0000009A TK_LOKE
0000009B TK_CALL
0000009C TK_DO
0000009D TK_LOOP
0000009E TK_PRINT
0000009F TK_CONT
000000A0 TK_LIST
000000A1 TK_CLEAR
000000A2 TK_NEW
000000A3 TK_WIDTH
000000A4 TK_GET
000000A5 TK_SWAP
000000A6 TK_BITSET
000000A7 TK_BITCLR
000000A8 TK_TAB
000000A9 TK_ELSE
000000AA TK_TO
000000AB TK_FN
000000AC TK_SPC
000000AD TK_THEN
000000AE TK_NOT
000000AF TK_STEP
000000B0 TK_UNTIL
000000B1 TK_WHILE
000000B2 TK_PLUS
000000B3 TK_MINUS
000000B4 TK_MULT
000000B5 TK_DIV
000000B6 TK_POWER
000000B7 TK_AND
000000B8 TK_EOR
000000B9 TK_OR
000000BA TK_RSHIFT
000000BB TK_LSHIFT
000000BC TK_GT
000000BD TK_EQUAL
000000BE TK_LT
000000BF TK_SGN
000000C0 TK_INT
000000C1 TK_ABS
000000C2 TK_USR
000000C3 TK_FRE
000000C4 TK_POS
000000C5 TK_SQR
000000C6 TK_RND
000000C7 TK_LOG
000000C8 TK_EXP
000000C9 TK_COS
000000CA TK_SIN
000000CB TK_TAN
000000CC TK_ATN
000000CD TK_PEEK
000000CE TK_DEEK
000000CF TK_LEEK
000000D0 TK_LEN
000000D1 TK_STRS
000000D2 TK_VAL
000000D3 TK_ASC
000000D4 TK_UCASES
000000D5 TK_LCASES
000000D6 TK_CHRS
000000D7 TK_HEXS
000000D8 TK_BINS
000000D9 TK_BITTST
000000DA TK_MAX
000000DB TK_MIN
000000DC TK_RAM
000000DD TK_PI
000000DE TK_TWOPI
000000DF TK_VPTR
000000E0 TK_SADD
000000E1 TK_LEFTS
000000E2 TK_RIGHTS
000000E3 TK_MIDS
000000E4 TK_USINGS
00000404 UART_WriteChar
00000408 UART_ReadChar
00008000 ram_size
00081000 ram_strt
00081400 LAB_WARM
00081400 ram_base
00081402 Wrmjpv
00081406 Usrjmp
00081408 Usrjpv
0008140C V_INPT
0008140E V_INPTv
00081412 V_OUTP
00081414 V_OUTPv
00081418 V_LOAD
0008141A V_LOADv
0008141E V_SAVE
00081420 V_SAVEv
00081424 V_CTLC
00081426 V_CTLCv
0008142A Itemp
0008142E Smeml
00081432 Sfncl
00081436 Svarl
0008143A Sstrl
0008143E Sarryl
00081442 Earryl
00081446 Sstorl
0008144A Ememl
0008144E Sutill
00081452 Clinel
00081456 Blinel
0008145A Cpntrl
0008145E Dlinel
00081462 Dptrl
00081466 Rdptrl
0008146A Varname
0008146E Cvaral
00081472 Lvarpl
00081476 des_sk_e
00081DD6 des_sk
00081DD8 Ibuffs
00081ED8 FAC1_m
00081ED8 Ibuffe
00081EDC FAC1_e
00081EDD FAC1_s
00081EE0 FAC2_m
00081EE4 FAC2_e
00081EE5 FAC2_s
00081EE6 FAC_sc
00081EE7 flag
00081EE8 PRNlword
00081EEC ut1_pl
00081EF0 Asptl
00081EF4 Astrtl
00081EF4 numexp
00081EF5 expcnt
00081EF7 expneg
00081EF8 func_l
00081EFC Defdim
00081EFC cosout
00081EFD Dtypef
00081EFE Binss
00081F0E Decss
00081F14 Usdss
00081F16 Hexss
00081F1E BHsend
00081F20 prstk
00081F21 tpower
00081F22 Asrch
00081F23 Dimcnt
00081F24 Breakf
00081F25 Oquote
00081F26 Gclctd
00081F27 Sufnxf
00081F28 Imode
00081F29 Cflag
00081F2A TabSiz
00081F2B comp_f
00081F2C Nullct
00081F2D TPos
00081F2E TWidth
00081F2F Iclim
00081F30 ccflag
00081F31 ccbyte
00081F32 ccnull
00081F34 prg_strt
00082002 VEC_OUT
00082008 VEC_IN
00082012 RXNOTREADY
0008201C VEC_LD
00082022 VEC_SV
00082028 code_start
00082034 LAB_COLD
00082044 LAB_sizok
000820FC LAB_FOER
00082100 LAB_ADER
00082104 LAB_WDER
00082108 LAB_UDER
0008210C LAB_UVER
00082110 LAB_LDER
00082114 LAB_UFER
00082118 LAB_CCER
0008211C LAB_SCER
00082120 LAB_SLER
00082124 LAB_TMER
00082128 LAB_IDER
0008212C LAB_DZER
00082130 LAB_DDER
00082134 LAB_ABER
00082138 LAB_USER
0008213C LAB_OMER
00082140 LAB_OFER
00082144 LAB_FCER
00082148 LAB_ODER
0008214C LAB_RGER
00082150 LAB_SNER
00082154 LAB_NFER
00082156 LAB_XERR
00082172 LAB_1269
00082180 LAB_1274
00082188 LAB_127D
0008219A LAB_127E
000821AE LAB_1295
000821D0 LAB_12AE
000821D2 LAB_12B0
000821F2 LAB_12E6
00082224 LAB_12FF
00082226 LAB_1301
00082248 LAB_1303
00082250 LAB_132E
00082252 LAB_1330
00082260 LAB_1325
0008226E LAB_134B
00082282 LAB_INLN
0008228C LAB_1357
00082296 LAB_1359
000822B6 LAB_1374
000822BC LAB_1378
000822C8 LAB_137F
000822CE LAB_138E
000822D2 LAB_1392
00082306 LAB_13A6
0008230E LAB_13AC
00082338 LAB_13C6
0008233E LAB_13CC
00082360 LAB_13D6
00082366 LAB_13D8
00082372 LAB_13EA
00082374 LAB_13EC
0008238C LAB_13FF
00082390 LAB_1401
0008239C LAB_1408
000823A8 LAB_1410
000823B2 LAB_1417
000823B4 LAB_141B
000823C4 LAB_141F
000823CA LAB_142A
000823D6 LAB_142C
000823DC LAB_SSLN
000823E2 LAB_145F
000823E4 LAB_SCLN
000823F0 LAB_145E
000823F6 LAB_NEW
000823F8 LAB_1463
00082404 LAB_1477
0008240A LAB_147A
00082424 LAB_1480
0008242E LAB_1491
00082444 RTS_005
00082446 LAB_CLEAR
0008244A LAB_LIST
0008245E LAB_14BD
00082462 LAB_14C0
00082482 LAB_14D4
0008249E LAB_14E2
000824AC LAB_150C
000824BA LAB_1519
000824C6 LAB_152E
000824F2 LAB_1540
000824FE LAB_FOR
00082552 LAB_15B3
00082564 LAB_15DC
00082576 LAB_15F6
0008257C LAB_15C2
00082588 LAB_15D1
00082596 LAB_15FF
0008259A LAB_1602
000825BE LAB_1629
000825C2 LAB_1636
000825C8 LAB_1639
000825CA LAB_END
000825D2 LAB_STOP
000825D4 LAB_163B
000825E4 LAB_1647
000825EA LAB_164F
000825FC LAB_RESTORE
0008260E LAB_RESs
0008261A LAB_GSCH
00082622 LAB_1624
00082628 RTS_006
0008262A LAB_NULL
00082634 LAB_CONT
00082652 LAB_RUN
00082660 LAB_RUNn
00082666 LAB_DO
00082678 LAB_GOSUB
00082682 LAB_16B0
0008268A LAB_GOTO
0008269A LAB_GOTs
000826A6 LAB_16D0
000826B8 LAB_LOOP
000826DA DoRest
000826EE DoCmp
000826F4 LoopAlways
00082708 LoopDone
0008270E LAB_RETURN
00082722 LAB_DATA
00082726 RTS_007
00082728 LAB_SNBS
00082730 LAB_172C
00082738 LAB_172D
0008273C RTS_007a
00082740 LAB_1723
00082744 LAB_1725
0008274A LAB_IF
0008276C LAB_174B
00082790 LAB_174E
00082798 LAB_1750
000827A4 LAB_1752
000827A8 LAB_1756
000827B8 LAB_REM
000827BC LAB_1754
000827C0 LAB_ON
000827DA LAB_176C
000827E4 LAB_1773
000827F4 LAB_GFPN
00082800 LAB_1785
0008282C LAB_1786
00082832 LAB_DEC
00082838 LAB_INC
0008283E LAB_17B8
00082842 LAB_17B7
00082878 LAB_INCT
00082886 LAB_INCI
00082890 LAB_DECI
00082894 LAB_LET
000828BC LAB_17D5
000828C0 LAB_17D6
000828D2 LAB_1810
000828E2 LAB_1811
000828E8 LAB_1813
000828EC RTS_008
000828EE LAB_GET
00082908 LAB_GETS
0008291A LAB_NoSt
00082920 LAB_1829
00082924 LAB_182C
00082928 LAB_PRINT
0008292A LAB_1831
0008296A LAB_185E
0008296E LAB_1866
00082974 LAB_CRLF
0008297C LAB_188B
0008298A LAB_1898
00082994 LAB_18A2
000829B6 LAB_18B7
000829C2 LAB_18B8
000829C8 LAB_18BD
000829D2 LAB_18C3
000829D6 LAB_18C6
000829E0 LAB_18CD
000829E8 RTS_009
000829EA LAB_18E3
000829EC LAB_PRNA
00082A0A LAB_18F0
00082A18 LAB_18F7
00082A1C LAB_18F9
00082A30 LAB_1880
00082A3A LAB_1886
00082A3E LAB_188A
00082A42 LAB_1904
00082A54 LAB_1913
00082A62 LAB_INPUT
00082A7A LAB_1934
00082A88 LAB_READ
00082A8E LAB_1953
00082A96 LAB_195B
00082AA0 LAB_1961
00082AC0 LAB_1984
00082AC4 LAB_1985
00082AC8 LAB_1986
00082ADC LAB_1999
00082AEE LAB_19B0
00082AFE LAB_19B6
00082B0E LAB_19C2
00082B22 LAB_19DD
00082B42 LAB_19F6
00082B50 LAB_1A03
00082B60 LAB_1A0E
00082B66 LAB_1A1B
00082B6E LAB_NEXT
00082B80 LAB_1A46
00082B8E LAB_11A5
00082B90 LAB_11A6
00082B9C LAB_11BD
00082BFE LAB_1A90
00082C0C LAB_1A9B
00082C24 LAB_EVNM
00082C26 LAB_CTNM
00082C28 LAB_CKTM
00082C36 LAB_1ABA
00082C3C LAB_EVEX
00082C3E LAB_EVEZ
00082C46 LAB_1B43
00082C62 LAB_1ACD
00082C6E LAB_1ADB
00082C72 LAB_1ADE
00082C88 LAB_1AE0
00082CA2 LAB_1AFA
00082CB8 LAB_1B0B
00082CC0 LAB_1B13
00082CD0 LAB_1B1C
00082CD2 LAB_1B1D
00082CE4 LAB_1B2A
00082D00 LAB_1B3C
00082D0C LAB_1B78
00082D10 LAB_1B7B
00082D12 LAB_1B7D
00082D1C LAB_1B84
00082D20 LAB_1B86
00082D44 LAB_1B9D
00082D4A LAB_GVAL
00082D74 LAB_1BC1
00082D80 LAB_1BF3
00082D86 LAB_1BF7
00082D8A LAB_1BFB
00082D8E LAB_SCGB
00082D92 LAB_1C01
00082D94 LAB_SCCA
00082D9C LAB_IGBY
00082D9E LAB_GBYT
00082DB8 RTS_001
00082DBA LAB_1C11
00082DC0 LAB_1C13
00082DC6 LAB_1C18
00082DCA LAB_1C19
00082DDA LAB_1C1A
00082DE0 LAB_1BD0
00082DFA LAB_1BE7
00082E2C LAB_PPFS
00082E38 LAB_1C2A
00082E3A LAB_PPFN
00082E48 LAB_PPBI
00082E52 LAB_LRMS
00082E74 LAB_BHSS
00082E9A LAB_BHCB
00082EA4 LAB_EOR
00082EAC LAB_OR
00082EB4 LAB_AND
00082EBC GetFirst
00082ECA LAB_EQUAL
00082ED4 LAB_LTHAN
00082EE0 LAB_1CAE
00082EFE LAB_1CB5
00082F08 LAB_1CD4
00082F0E LAB_1CD5
00082F10 LAB_1CD6
00082F12 LAB_1CE6
00082F20 LAB_1CDB
00082F22 LAB_1CF2
00082F38 LAB_1CFE
00082F3C LAB_DIM
00082F48 LAB_LSHIFT
00082F54 NoShift
00082F58 LAB_RSHIFT
00082F6C Not2Big
00082F72 TooBig
00082F78 GetPair
00082F8A LAB_CASC
00082F90 LAB_CAUC
00082F9A LAB_1D8A
00082FA0 LAB_1D83
00082FA6 LAB_SVAR
00082FA8 LAB_FVAR
00082FAA LAB_GVAR
00082FB0 LAB_1D10
00082FB4 LAB_1D12
00082FCA LAB_1D2D
00082FD6 LAB_1D2E
00082FF2 LAB_1D44
00083002 LAB_1D45
0008301A LAB_1D48
00083022 LAB_1D49
00083026 LAB_1D4A
0008303A LAB_1D4B
00083042 LAB_1D5D
00083048 LAB_1D5E
0008305C LAB_1D94
00083066 LAB_1D98
00083080 LAB_1DAC
00083082 LAB_1DAE
0008308E LAB_1DAF
0008309C LAB_1DB0
000830A0 LAB_1DB1
000830A4 LAB_1DB2
000830BC LAB_1DD7
000830D6 LAB_1DE6
000830E2 LAB_EVIN
000830EA LAB_EVPI
000830F2 LAB_EVIR
00083118 LAB_1E17
0008311E LAB_1E1F
00083158 LAB_1E5C
00083174 LAB_1E8D
00083190 LAB_1EA1
000831AC LAB_1EDF
000831B8 LAB_1EC0
000831E4 LAB_1ED6
000831F2 LAB_1ED8
00083204 LAB_1F07
0008321E LAB_1F28
00083224 LAB_1F2C
00083232 LAB_1F5A
0008325A LAB_1F6A
00083266 LAB_1F6B
0008326A RTS_011
0008326C LAB_1F7C
00083290 LAB_FRE
0008329A LAB_1FB4
000832A6 LAB_AYFC
000832C2 LAB_POS
000832C6 LAB_1FD0
000832CE LAB_CKRN
000832D8 LAB_DEF
00083320 LAB_201E
0008336E LAB_2043
00083370 LAB_204S
0008339E LAB_204T
000833A0 LAB_2044
000833AA LAB_2045
000833B8 LAB_STRS
000833BC LAB_20AE
000833C0 LAB_20B4
000833C6 LAB_20BE
000833D6 LAB_20CB
000833DE LAB_20D0
000833EA LAB_20C9
000833F4 LAB_20D8
000833FC LAB_20E0
00083402 LAB_RTST
0008341C LAB_2115
00083434 LAB_2117
0008344E LAB_2128
00083452 LAB_2137
00083468 LAB_GARB
00083472 LAB_214B
00083486 LAB_2161
0008348C LAB_2176
00083498 LAB_217E
000834B2 LAB_2183
000834BA LAB_218B
000834BC LAB_218F
000834C8 LAB_21C2
000834CC LAB_21C4
000834F0 LAB_2216
000834F8 LAB_2240
00083500 LAB_21D1
00083506 LAB_2206
0008352E LAB_2212
00083532 RTS_012
00083534 LAB_224D
0008354A LAB_224E
0008358E LAB_229E
0008359A LAB_22A0
000835A6 RTS_013
000835A8 LAB_22B6
000835AC LAB_22BA
000835B6 LAB_22BD
000835D0 LAB_22E6
000835DA LAB_CHRS
000835DE LAB_MKCHR
000835EA LAB_LEFT
000835FE LAB_RIGHT
00083610 LAB_2316
00083612 LAB_2317
00083616 LAB_231C
0008362E LAB_MIDS
0008364A LAB_2358
0008366A LAB_2368
00083672 LAB_LCASE
00083688 LC_loop
0008369A NoUcase
000836A2 LAB_UCASE
000836B8 UC_loop
000836CA NoLcase
000836D0 NoString
000836D4 LAB_SADD
000836EC LAB_LENS
000836F4 LAB_ASC
00083704 LAB_SGBY
00083708 LAB_GTBY
0008370C LAB_EVBY
0008371C LAB_GTWO
00083730 LAB_VAL
00083758 LAB_VALZ
0008375E LAB_GADB
00083772 LAB_GADW
0008378C LAB_XGADW
00083792 LAB_GEAD
000837A8 LAB_PEEK
000837B4 LAB_POKE
000837BA LAB_DEEK
000837D0 LAB_LEEK
000837E4 LAB_DOKE
000837EA LAB_LOKE
000837FC RTS_015
000837FE LAB_SWAP
0008382C LAB_USR
00083834 LAB_LOAD
00083838 LAB_SAVE
0008383C LAB_CALL
00083846 LAB_WAIT
0008385C LAB_2441
00083860 LAB_2445
0008386A LAB_SUBTRACT
0008387E LAB_ADD
000838A6 LAB_249C
000838B4 LAB_2467
000838B8 LAB_2468
000838BC LAB_24A8
000838D6 LAB_24F7
000838DA RTS_016
000838DC LAB_24F8
000838EA LAB_24B4
000838F6 LAB_24D0
00083900 LAB_24D5
0008390E LAB_24D9
0008391A LAB_24D6
00083928 LAB_24D7
0008392E LAB_24D8
00083934 LAB_24DA
00083936 LAB_LOG
000839AE LAB_LAAD
000839B4 LAB_LOCC
000839BE LAB_LOLP
000839D0 LAB_LOCX
000839D4 LAB_LONN
000839E2 LAB_LOXP
000839EC LAB_LONE
000839F2 LAB_LOXO
00083A26 LAB_LOWZ
00083A28 LAB_MULTIPLY
00083A4E LAB_MNOC
00083A54 LAB_MADD
00083A7E LAB_MUF1
00083A88 LAB_MUF2
00083A9E LAB_MUF3
00083AA2 LAB_MUEX
00083AA8 LAB_MUUF
00083AB4 LAB_DIVIDE
00083AEC AC1gtAC2
00083B04 LAB_DIVX
00083B0C LAB_SET1
00083B10 L_DIVRND
00083B1C LAB_XDIV
00083B28 LAB_MAN1
00083B2E LAB_DIV0
00083B34 LAB_32_16
00083B36 LAB_3216
00083B42 LAB_LT_1
00083B5A LAB_REMM
00083B62 L_DDIV
00083B68 LAB_UFAC
00083B7A LAB_NB1T
00083B84 LAB_PFAC
00083B9C LAB_2778
00083B9E LAB_277C
00083BC2 LAB_279B
00083BD0 LAB_27BA
00083BEC LAB_27C3
00083BF6 LAB_27C4
00083BFA RTS_017
00083BFC LAB_27CA
00083C04 LAB_27CE
00083C08 LAB_27D0
00083C14 LAB_SGN
00083C16 LAB_27DB
00083C26 LAB_ABS
00083C2E LAB_27FA
00083C4E LAB_2828
00083C54 LAB_282E
00083C56 LAB_282F
00083C5A LAB_2831
00083C7C LAB_284G
00083C84 LAB_284L
00083C8E LAB_284H
00083C90 LAB_284J
00083C96 LAB_INT
00083CAE LAB_IRTS
00083CB0 LAB_2953
00083CBC LAB_295E
00083CCC LAB_2967
00083CD4 LAB_2968
00083CE6 LAB_2969
00083CF0 LAB_296A
00083D0A LAB_2970
00083D1E LAB_2978
00083D2E LAB_2989
00083D5A LAB_29B9
00083D82 LAB_299C
00083DAE LAB_29A7
00083DC6 LAB_29B7
00083DD4 LAB_29C0
00083DEC LAB_29C3
00083E06 LAB_29D9
00083E18 LAB_29E4
00083E2C LAB_29F7
00083E30 LAB_29FB
00083E38 LAB_29FD
00083E48 LAB_2A18
00083E4A LAB_2A1A
00083E52 LAB_2A21
00083E72 LAB_2A3B
00083E80 LAB_2A4B
00083E94 LAB_2A58
00083EAC LAB_2A68
00083EB8 LAB_2A74
00083ED4 LAB_2A89
00083ED8 LAB_2A8C
00083EDE LAB_2A91
00083EE2 LAB_27F0
00083EF8 LAB_27F1
00083EFE LAB_27F2
00083F00 LAB_27F3
00083F02 LAB_POON
00083F12 LAB_POZE
00083F1E LAB_POWER
00083F50 LAB_POWP
00083F82 LAB_GTHAN
00083F8E RTS_020
00083F90 LAB_EX1
00083FA0 LAB_EXOU
00083FB4 LAB_EXOF
00083FCA LAB_EXOL
00083FD4 LAB_EXP
00083FFA LAB_EXCM
0008400C LAB_EXPS
00084058 LAB_ESML
000840AE LAB_EXPL
000840B4 LAB_EXNN
000840BA LAB_EXRN
000840C8 LAB_EXCC
000840E2 LAB_EXAD
000840EE LAB_RND
00084100 NextPRN
00084108 Ninc0
0008410E Ninc1
00084124 LAB_TAN
00084146 LAB_COS
0008415E LAB_SIN
0008419E LAB_SCZE
000841AC LAB_SCL0
000841B6 LAB_CORD
000841C4 LAB_LTPF
000841D0 LAB_LTPT
000841E0 subloop
000841E8 mainloop
000841FA nexta
00084208 outloop
00084212 subexit
0008421E LAB_ATN
0008423C LAB_ATGO
0008425A LAB_ATLE
00084278 LAB_ATNP
0008427E LAB_ATCD
00084284 LAB_CATN
000842CE RTS_021
000842D0 LAB_BITSET
000842E0 LAB_BITCLR
000842F0 LAB_BTST
0008431E LAB_USINGS
00084348 LAB_U002
0008439E LAB_U004
000843B2 LAB_U005
000843B4 LAB_U006
000843C8 LAB_U008
000843EA LAB_U009
000843F2 LAB_U00A
000843FC LAB_U00B
00084410 LAB_U00C
00084414 LAB_U00D
00084426 LAB_U00E
00084432 LAB_U00F
00084436 LAB_U010
0008443C LAB_U014
00084444 LAB_U018
0008445A LAB_U01C
00084466 LAB_U020
0008446C LAB_U022
0008447C LAB_U026
00084486 LAB_U02A
0008449E LAB_U02B
000844A4 LAB_U02C
000844B6 LAB_U02E
000844BA LAB_U030
000844D0 LAB_U034
000844D6 LAB_U036
000844DE LAB_U038
000844E6 LAB_U03C
000844EC LAB_U03E
00084504 LAB_U040
00084514 LAB_U044
0008453C LAB_U046
0008453E LAB_U048
00084548 LAB_U04A
0008457A LAB_U04C
000845A4 LAB_DupFmt
000845BC LAB_D002
000845CC LAB_D00A
000845DC LAB_D00E
000845E2 LAB_ProcFo
000845FA LAB_P004
00084610 LAB_P008
00084618 LAB_P00C
00084624 LAB_P00E
00084628 LAB_P010
00084642 LAB_P018
00084646 LAB_P01A
0008464E LAB_P01E
00084658 LAB_BINS
0008466C NextB1
0008467A EndBHS
00084692 NextB2
000846A0 BinPr
000846AE GoPr
000846B2 LAB_HEXS
000846C6 NextH1
000846E0 VEC_CC
000846FA LAB_FBA0
00084704 RTS_022
00084706 INGET
00084716 LAB_FB95
00084722 LAB_MAX
0008472E LAB_MAXN
00084738 LAB_MIN
00084744 LAB_MINN
0008474E LAB_MMEC
0008475C LAB_PHFA
00084792 LAB_WDTH
000847B2 LAB_NSTT
000847C4 LAB_TBSZ
000847E4 LAB_SVTB
000847E8 WExit
000847F8 LAB_WDLP
00084810 RTS_023
00084812 LAB_SQR
00084836 LAB_SQE1
0008483C LAB_SQE2
0008484E LAB_SQNS
00084864 LAB_SQNA
00084874 LAB_VARPTR
00084876 LAB_VARCALL
00084884 LAB_RAM
00084892 LAB_PI
000848A2 LAB_TWOPI
000848B2 LAB_2887
000848DC LAB_289A
000848E2 LAB_289C
000848E8 LAB_289D
00084904 LAB_28FD
0008490A LAB_28FE
00084910 LAB_28FF
0008491E LAB_2900
00084924 LAB_2901
0008493C LAB_2X01
00084944 LAB_2X02
00084952 LAB_2X03
00084958 LAB_2X04
0008496E LAB_2X05
00084976 LAB_2902
0008497E LAB_2903
00084980 LAB_2904
0008498E LAB_2Y01
00084996 LAB_2Y02
000849A2 LAB_2Y03
000849A8 LAB_2Y04
000849EE LAB_ret0
000849F0 LAB_rtn0
00084A00 LAB_CHEX
00084A08 LAB_CHXX
00084A22 LAB_ISHN
00084A26 LAB_CHX1
00084A42 LAB_CHX3
00084A4A LAB_CHX2
00084A50 LAB_exxf
00084A60 RTS_024
00084A62 LAB_CBIN
00084A6A LAB_CBXN
00084A7C LAB_CBX1
00084A90 d1x16
00084A9E d1x02
00084AB4 d1x10
00084AC2 RTS_025
00084AC4 Bin2dec
00084AEC LAB_RSED
00084BD4 LAB_P_10
00084CC2 TAB_SNCO
00084D42 TAB_ATNC
00084DBA LAB_1D96
00084DC2 TAB_HTHET
00084E42 LAB_CTBL
00084E92 LAB_FTPP
00084EDE LAB_FTBL
00084F2A LAB_OPPT
00084F5E LAB_2A9A
00084F7A LAB_2A9B
00084F7A TAB_CHRT
00084FE4 LAB_KEYT
00085178 LAB_BAER
000851A8 LAB_NF
000851B9 LAB_SN
000851C0 LAB_RG
000851D5 LAB_OD
000851E1 LAB_FC
000851EF LAB_OV
000851F8 LAB_OM
00085206 LAB_US
0008521A LAB_BS
00085227 LAB_DD
00085238 LAB_D0
00085247 LAB_ID
00085256 LAB_TM
00085264 LAB_LS
00085274 LAB_ST
00085287 LAB_CN
00085296 LAB_UF
000852A9 LAB_LD
000852B9 LAB_UV
000852CC LAB_UA
000852E0 LAB_WD
000852F1 LAB_AD
000852F9 LAB_FO
00085300 LAB_NI
00085310 KEY_MULT
00085310 TAB_STAR
00085312 KEY_PLUS
00085312 TAB_PLUS
00085314 KEY_MINUS
00085314 TAB_MNUS
00085316 KEY_DIV
00085316 TAB_SLAS
00085318 KEY_LSHIFT
00085318 TAB_LESS
0008531A KEY_LT
0008531C KEY_EQUAL
0008531C TAB_EQUL
0008531E KEY_RSHIFT
0008531E TAB_MORE
00085320 KEY_GT
00085322 TAB_QEST
00085324 KEY_ABS
00085324 TAB_ASCA
00085328 KEY_AND
0008532B KEY_ASC
0008532F KEY_ATN
00085334 KEY_BINS
00085334 TAB_ASCB
00085339 KEY_BITCLR
0008533F KEY_BITSET
00085345 KEY_BITTST
0008534D KEY_CALL
0008534D TAB_ASCC
00085351 KEY_CHRS
00085356 KEY_CLEAR
0008535B KEY_CONT
0008535F KEY_COS
00085364 KEY_DATA
00085364 TAB_ASCD
00085368 KEY_DEC
0008536B KEY_DEEK
00085370 KEY_DEF
00085373 KEY_DIM
00085376 KEY_DOKE
0008537A KEY_DO
0008537D KEY_ELSE
0008537D TAB_ASCE
00085381 KEY_END
00085384 KEY_EOR
00085387 KEY_EXP
0008538C KEY_FOR
0008538C TAB_ASCF
0008538F KEY_FN
00085391 KEY_FRE
00085396 KEY_GET
00085396 TAB_ASCG
00085399 KEY_GOTO
0008539D KEY_GOSUB
000853A3 KEY_HEXS
000853A3 TAB_ASCH
000853A9 KEY_IF
000853A9 TAB_ASCI
000853AB KEY_INC
000853AE KEY_INPUT
000853B3 KEY_INT
000853B8 KEY_LCASES
000853B8 TAB_ASCL
000853BF KEY_LEEK
000853C4 KEY_LEFTS
000853CA KEY_LEN
000853CE KEY_LET
000853D1 KEY_LIST
000853D5 KEY_LOAD
000853D9 KEY_LOG
000853DD KEY_LOKE
000853E1 KEY_LOOP
000853E6 KEY_MAX
000853E6 TAB_ASCM
000853EA KEY_MIDS
000853EF KEY_MIN
000853F4 KEY_NEW
000853F4 TAB_ASCN
000853F7 KEY_NEXT
000853FB KEY_NOT
000853FE KEY_NULL
00085403 KEY_ON
00085403 TAB_ASCO
00085405 KEY_OR
00085408 KEY_PEEK
00085408 TAB_ASCP
0008540D KEY_PI
0008540F KEY_POKE
00085413 KEY_POS
00085417 KEY_PRINT
0008541D KEY_RAM
0008541D TAB_ASCR
00085424 KEY_READ
00085428 KEY_REM
0008542B KEY_RESTORE
00085432 KEY_RETURN
00085438 KEY_RIGHTS
0008543F KEY_RND
00085443 KEY_RUN
00085447 KEY_SADD
00085447 TAB_ASCS
0008544C KEY_SAVE
00085450 KEY_SGN
00085454 KEY_SIN
00085458 KEY_SPC
0008545C KEY_SQR
00085460 KEY_STEP
00085464 KEY_STOP
00085468 KEY_STRS
0008546D KEY_SWAP
00085472 KEY_TAB
00085472 TAB_ASCT
00085476 KEY_TAN
0008547A KEY_THEN
0008547E KEY_TO
00085480 KEY_TWOPI
00085486 KEY_UCASES
00085486 TAB_ASCU
0008548D KEY_UNTIL
00085492 KEY_USINGS
00085499 KEY_USR
0008549E KEY_VAL
0008549E TAB_ASCV
000854A2 KEY_VPTR
000854AA KEY_WAIT
000854AA TAB_ASCW
000854AE KEY_WHILE
000854B3 KEY_WIDTH
000854B9 KEY_POWER
000854B9 TAB_POWR
000854BB LAB_BMSG
000854C3 LAB_EMSG
000854CA LAB_LMSG
000854D4 LAB_IMSG
000854E4 LAB_REDO
000854F6 LAB_RMSG
00085500 LAB_SMSG
00086000 ram_addr
26A3D110 KFCTSEED
